#ifndef BMP_ICON_JAM_H_
#define BMP_ICON_JAM_H_

#include "../BmpImage.h"

extern const char icon_jam_data[] PROGMEM =
   "\x00\x00\x00\x00\x00\x00\x00\x00\x00\x00"
   "\x00\x00\x00\x00\x00\x00\x00\x00\x00\x00"
   "\x00\x00\x00\x00\x00\x00\x00\x00\x51\x8c"
   "\xd6\xb5\xba\xd6\x5d\xef\xbe\xf7\xff\xff"
   "\xff\xff\xff\xff\xff\xff\xff\xff\xff\xff"
   "\xff\xff\xff\xff\xff\xff\xff\xff\xff\xff"
   "\xff\xff\xff\xff\xff\xff\xff\xff\xff\xff"
   "\xff\xff\xff\xff\xff\xff\xff\xff\xff\xff"
   "\xff\xff\xff\xff\xff\xff\xff\xff\xff\xff"
   "\xff\xff\xff\xff\xff\xff\xff\xff\xff\xff"
   "\xff\xff\xff\xff\xff\xff\xff\xff\xff\xff"
   "\xff\xff\xff\xff\xff\xff\xff\xff\xff\xff"
   "\xff\xff\xff\xff\xff\xff\xff\xff\xff\xff"
   "\xff\xff\xff\xff\xff\xff\xff\xff\xff\xff"
   "\xff\xff\xff\xff\xff\xff\xff\xff\xff\xff"
   "\xff\xff\xff\xff\xff\xff\xff\xff\xff\xff"
   "\xff\xff\xff\xff\xff\xff\xff\xff\xff\xff"
   "\xff\xff\xff\xff\xff\xff\xff\xff\xff\xff"
   "\xff\xff\xff\xff\xff\xff\xff\xff\xff\xff"
   "\xff\xff\xff\xff\xff\xff\xff\xff\xff\xff"
   "\xff\xff\xff\xff\xff\xff\xff\xff\xff\xff"
   "\xff\xff\xff\xff\xff\xff\xff\xff\xff\xff"
   "\xff\xff\xff\xff\xff\xff\xff\xff\xff\xff"
   "\xff\xff\xff\xff\xff\xff\xff\xff\xff\xff"
   "\xff\xff\xff\xff\xff\xff\xff\xff\xff\xff"
   "\xff\xff\xff\xff\xff\xff\xff\xff\xff\xff"
   "\xff\xff\xff\xff\xff\xff\xff\xff\xff\xff"
   "\xff\xff\xff\xff\xff\xff\xff\xff\xff\xff"
   "\xff\xff\xbe\xf7\x5d\xef\xba\xd6\xd6\xb5"
   "\x51\x8c\x00\x00\x00\x00\x00\x00\x00\x00"
   "\x00\x00\x00\x00\x00\x00\x00\x00\x00\x00"
   "\x00\x00\x00\x00\x00\x00\x00\x00\x00\x00"
   "\x00\x00\x00\x00\x00\x00\x00\x00\x00\x00"
   "\x00\x00\x00\x00\x00\x00\x00\x00\x00\x00"
   "\x00\x00\x8e\x73\x17\xbe\x7d\xef\xff\xff"
   "\xff\xff\xff\xff\xff\xff\xff\xff\xff\xff"
   "\xff\xff\xff\xff\xff\xff\xff\xff\xff\xff"
   "\xff\xff\xff\xff\xff\xff\xff\xff\xff\xff"
   "\xff\xff\xff\xff\xff\xff\xff\xff\xff\xff"
   "\xff\xff\xff\xff\xff\xff\xff\xff\xff\xff"
   "\xff\xff\xff\xff\xff\xff\xff\xff\xff\xff"
   "\xff\xff\xff\xff\xff\xff\xff\xff\xff\xff"
   "\xff\xff\xff\xff\xff\xff\xff\xff\xff\xff"
   "\xff\xff\xff\xff\xff\xff\xff\xff\xff\xff"
   "\xff\xff\xff\xff\xff\xff\xff\xff\xff\xff"
   "\xff\xff\xff\xff\xff\xff\xff\xff\xff\xff"
   "\xff\xff\xff\xff\xff\xff\xff\xff\xff\xff"
   "\xff\xff\xff\xff\xff\xff\xff\xff\xff\xff"
   "\xff\xff\xff\xff\xff\xff\xff\xff\xff\xff"
   "\xff\xff\xff\xff\xff\xff\xff\xff\xff\xff"
   "\xff\xff\xff\xff\xff\xff\xff\xff\xff\xff"
   "\xff\xff\xff\xff\xff\xff\xff\xff\xff\xff"
   "\xff\xff\xff\xff\xff\xff\xff\xff\xff\xff"
   "\xff\xff\xff\xff\xff\xff\xff\xff\xff\xff"
   "\xff\xff\xff\xff\xff\xff\xff\xff\xff\xff"
   "\xff\xff\xff\xff\xff\xff\xff\xff\xff\xff"
   "\xff\xff\xff\xff\xff\xff\xff\xff\xff\xff"
   "\xff\xff\xff\xff\xff\xff\xff\xff\xff\xff"
   "\xff\xff\xff\xff\xff\xff\xff\xff\xff\xff"
   "\xff\xff\xff\xff\xff\xff\xff\xff\xff\xff"
   "\xff\xff\xff\xff\xff\xff\xff\xff\xff\xff"
   "\xff\xff\x7d\xef\x17\xbe\x8e\x73\x00\x00"
   "\x00\x00\x00\x00\x00\x00\x00\x00\x00\x00"
   "\x00\x00\x00\x00\x00\x00\x00\x00\x00\x00"
   "\x00\x00\x00\x00\x00\x00\x00\x00\x00\x00"
   "\x00\x00\x00\x00\x00\x00\x00\x00\x6d\x6b"
   "\x38\xc6\xff\xff\xff\xff\xff\xff\xff\xff"
   "\xff\xff\xff\xff\xff\xff\xff\xff\xff\xff"
   "\xff\xff\xff\xff\xff\xff\xff\xff\xff\xff"
   "\xff\xff\xff\xff\xff\xff\xff\xff\xff\xff"
   "\xff\xff\xff\xff\xff\xff\xff\xff\xff\xff"
   "\xff\xff\xff\xff\xff\xff\xff\xff\xff\xff"
   "\xff\xff\xff\xff\xff\xff\xff\xff\xff\xff"
   "\xff\xff\xff\xff\xff\xff\xff\xff\xff\xff"
   "\xff\xff\xff\xff\xff\xff\xff\xff\xff\xff"
   "\xff\xff\xff\xff\xff\xff\xff\xff\xff\xff"
   "\xff\xff\xff\xff\xff\xff\xff\xff\xff\xff"
   "\xff\xff\xff\xff\xff\xff\xff\xff\xff\xff"
   "\xff\xff\xff\xff\xff\xff\xff\xff\xff\xff"
   "\xff\xff\xff\xff\xff\xff\xff\xff\xff\xff"
   "\xff\xff\xff\xff\xff\xff\xff\xff\xff\xff"
   "\xff\xff\xff\xff\xff\xff\xff\xff\xff\xff"
   "\xff\xff\xff\xff\xff\xff\xff\xff\xff\xff"
   "\xff\xff\xff\xff\xff\xff\xff\xff\xff\xff"
   "\xff\xff\xff\xff\xff\xff\xff\xff\xff\xff"
   "\xff\xff\xff\xff\xff\xff\xff\xff\xff\xff"
   "\xff\xff\xff\xff\xff\xff\xff\xff\xff\xff"
   "\xff\xff\xff\xff\xff\xff\xff\xff\xff\xff"
   "\xff\xff\xff\xff\xff\xff\xff\xff\xff\xff"
   "\xff\xff\xff\xff\xff\xff\xff\xff\xff\xff"
   "\xff\xff\xff\xff\xff\xff\xff\xff\xff\xff"
   "\xff\xff\xff\xff\xff\xff\xff\xff\xff\xff"
   "\xff\xff\xff\xff\xff\xff\xff\xff\xff\xff"
   "\xff\xff\xff\xff\xff\xff\xff\xff\x38\xc6"
   "\x6d\x6b\x00\x00\x00\x00\x00\x00\x00\x00"
   "\x00\x00\x00\x00\x00\x00\x00\x00\x00\x00"
   "\x00\x00\x00\x00\x00\x00\x00\x00\x00\x00"
   "\x00\x00\x00\x00\x00\x00\x55\xad\x7d\xef"
   "\xff\xff\xff\xff\xff\xff\xff\xff\xff\xff"
   "\xff\xff\xff\xff\xff\xff\xff\xff\xff\xff"
   "\xff\xff\xff\xff\xff\xff\xff\xff\xff\xff"
   "\xff\xff\xff\xff\xff\xff\xff\xff\xff\xff"
   "\xff\xff\xff\xff\xff\xff\xff\xff\xff\xff"
   "\xff\xff\xff\xff\xff\xff\xff\xff\xff\xff"
   "\xff\xff\xff\xff\xff\xff\xff\xff\xff\xff"
   "\xff\xff\xff\xff\xff\xff\xff\xff\xff\xff"
   "\xff\xff\xff\xff\xff\xff\xff\xff\xff\xff"
   "\xff\xff\xff\xff\xff\xff\xff\xff\xff\xff"
   "\xff\xff\xff\xff\xff\xff\xff\xff\xff\xff"
   "\xff\xff\xff\xff\xff\xff\xff\xff\xff\xff"
   "\xff\xff\xff\xff\xff\xff\xff\xff\xff\xff"
   "\xff\xff\xff\xff\xff\xff\xff\xff\xff\xff"
   "\xff\xff\xff\xff\xff\xff\xff\xff\xff\xff"
   "\xff\xff\xff\xff\xff\xff\xff\xff\xff\xff"
   "\xff\xff\xff\xff\xff\xff\xff\xff\xff\xff"
   "\xff\xff\xff\xff\xff\xff\xff\xff\xff\xff"
   "\xff\xff\xff\xff\xff\xff\xff\xff\xff\xff"
   "\xff\xff\xff\xff\xff\xff\xff\xff\xff\xff"
   "\xff\xff\xff\xff\xff\xff\xff\xff\xff\xff"
   "\xff\xff\xff\xff\xff\xff\xff\xff\xff\xff"
   "\xff\xff\xff\xff\xff\xff\xff\xff\xff\xff"
   "\xff\xff\xff\xff\xff\xff\xff\xff\xff\xff"
   "\xff\xff\xff\xff\xff\xff\xff\xff\xff\xff"
   "\xff\xff\xff\xff\xff\xff\xff\xff\xff\xff"
   "\xff\xff\xff\xff\xff\xff\xff\xff\xff\xff"
   "\xff\xff\xff\xff\xff\xff\xff\xff\xff\xff"
   "\x7d\xef\x55\xad\x00\x00\x00\x00\x00\x00"
   "\x00\x00\x00\x00\x00\x00\x00\x00\x00\x00"
   "\x00\x00\x00\x00\x00\x00\x00\x00\x00\x00"
   "\x00\x00\x8a\x52\x38\xc6\xff\xff\xff\xff"
   "\xff\xff\xff\xff\xff\xff\xff\xff\xff\xff"
   "\xff\xff\xff\xff\xff\xff\xff\xff\xff\xff"
   "\xff\xff\xff\xff\xff\xff\xff\xff\xff\xff"
   "\xff\xff\xff\xff\xff\xff\xff\xff\xff\xff"
   "\xff\xff\xff\xff\xff\xff\xff\xff\xff\xff"
   "\xff\xff\xff\xff\xff\xff\xff\xff\xff\xff"
   "\xff\xff\xff\xff\xff\xff\xff\xff\xff\xff"
   "\xff\xff\xff\xff\xff\xff\xff\xff\xff\xff"
   "\xff\xff\xff\xff\xff\xff\xff\xff\xff\xff"
   "\xff\xff\xff\xff\xff\xff\xff\xff\xff\xff"
   "\xff\xff\xff\xff\xff\xff\xff\xff\xff\xff"
   "\xff\xff\xff\xff\xff\xff\xff\xff\xff\xff"
   "\xff\xff\xff\xff\xff\xff\xff\xff\xff\xff"
   "\xff\xff\xff\xff\xff\xff\xff\xff\xff\xff"
   "\xff\xff\xff\xff\xff\xff\xff\xff\xff\xff"
   "\xff\xff\xff\xff\xff\xff\xff\xff\xff\xff"
   "\xff\xff\xff\xff\xff\xff\xff\xff\xff\xff"
   "\xff\xff\xff\xff\xff\xff\xff\xff\xff\xff"
   "\xff\xff\xff\xff\xff\xff\xff\xff\xff\xff"
   "\xff\xff\xff\xff\xff\xff\xff\xff\xff\xff"
   "\xff\xff\xff\xff\xff\xff\xff\xff\xff\xff"
   "\xff\xff\xff\xff\xff\xff\xff\xff\xff\xff"
   "\xff\xff\xff\xff\xff\xff\xff\xff\xff\xff"
   "\xff\xff\xff\xff\xff\xff\xff\xff\xff\xff"
   "\xff\xff\xff\xff\xff\xff\xff\xff\xff\xff"
   "\xff\xff\xff\xff\xff\xff\xff\xff\xff\xff"
   "\xff\xff\xff\xff\xff\xff\xff\xff\xff\xff"
   "\xff\xff\xff\xff\xff\xff\xff\xff\xff\xff"
   "\xff\xff\xff\xff\x38\xc6\x8a\x52\x00\x00"
   "\x00\x00\x00\x00\x00\x00\x00\x00\x00\x00"
   "\x00\x00\x00\x00\x00\x00\x00\x00\x00\x00"
   "\x4d\x6b\x99\xce\xff\xff\xff\xff\xff\xff"
   "\xff\xff\xff\xff\xff\xff\xff\xff\xff\xff"
   "\xff\xff\xff\xff\xff\xff\xff\xff\xff\xff"
   "\xff\xff\xff\xff\xff\xff\xff\xff\xff\xff"
   "\xff\xff\xff\xff\xff\xff\xff\xff\xff\xff"
   "\xff\xff\xff\xff\xff\xff\xff\xff\xff\xff"
   "\xff\xff\xff\xff\xff\xff\xff\xff\xff\xff"
   "\xff\xff\xff\xff\xff\xff\xff\xff\xff\xff"
   "\xff\xff\xff\xff\xff\xff\xff\xff\xff\xff"
   "\xff\xff\xff\xff\xff\xff\xff\xff\xff\xff"
   "\xff\xff\xff\xff\xff\xff\xff\xff\xff\xff"
   "\xff\xff\xff\xff\xff\xff\xff\xff\xff\xff"
   "\xff\xff\xff\xff\xff\xff\xff\xff\xff\xff"
   "\xff\xff\xff\xff\xff\xff\xff\xff\xff\xff"
   "\xff\xff\xff\xff\xff\xff\xff\xff\xff\xff"
   "\xff\xff\xff\xff\xff\xff\xff\xff\xff\xff"
   "\xff\xff\xff\xff\xff\xff\xff\xff\xff\xff"
   "\xff\xff\xff\xff\xff\xff\xff\xff\xff\xff"
   "\xff\xff\xff\xff\xff\xff\xff\xff\xff\xff"
   "\xff\xff\xff\xff\xff\xff\xff\xff\xff\xff"
   "\xff\xff\xff\xff\xff\xff\xff\xff\xff\xff"
   "\xff\xff\xff\xff\xff\xff\xff\xff\xff\xff"
   "\xff\xff\xff\xff\xff\xff\xff\xff\xff\xff"
   "\xff\xff\xff\xff\xff\xff\xff\xff\xff\xff"
   "\xff\xff\xff\xff\xff\xff\xff\xff\xff\xff"
   "\xff\xff\xff\xff\xff\xff\xff\xff\xff\xff"
   "\xff\xff\xff\xff\xff\xff\xff\xff\xff\xff"
   "\xff\xff\xff\xff\xff\xff\xff\xff\xff\xff"
   "\xff\xff\xff\xff\xff\xff\xff\xff\xff\xff"
   "\xff\xff\xff\xff\xff\xff\x99\xce\x4d\x6b"
   "\x00\x00\x00\x00\x00\x00\x00\x00\x00\x00"
   "\x00\x00\x00\x00\x00\x00\x00\x00\x8a\x52"
   "\x99\xce\xff\xff\xff\xff\xff\xff\xff\xff"
   "\xff\xff\xff\xff\xff\xff\xff\xff\xff\xff"
   "\xff\xff\xff\xff\xff\xff\xff\xff\xff\xff"
   "\xff\xff\xff\xff\xff\xff\xff\xff\xff\xff"
   "\xff\xff\xff\xff\xff\xff\xff\xff\xff\xff"
   "\xff\xff\xff\xff\xff\xff\xff\xff\xff\xff"
   "\xff\xff\xff\xff\xff\xff\xff\xff\xff\xff"
   "\xff\xff\xff\xff\xff\xff\xff\xff\xff\xff"
   "\xff\xff\xff\xff\xff\xff\xff\xff\xff\xff"
   "\xff\xff\xff\xff\xff\xff\xff\xff\xff\xff"
   "\xff\xff\xff\xff\xff\xff\xff\xff\xff\xff"
   "\xff\xff\xff\xff\xff\xff\xff\xff\xff\xff"
   "\xff\xff\xff\xff\xff\xff\xff\xff\xff\xff"
   "\xff\xff\xff\xff\xff\xff\xff\xff\xff\xff"
   "\xff\xff\xff\xff\xff\xff\xff\xff\xff\xff"
   "\xff\xff\xff\xff\xff\xff\xff\xff\xff\xff"
   "\xff\xff\xff\xff\xff\xff\xff\xff\xff\xff"
   "\xff\xff\xff\xff\xff\xff\xff\xff\xff\xff"
   "\xff\xff\xff\xff\xff\xff\xff\xff\xff\xff"
   "\xff\xff\xff\xff\xff\xff\xff\xff\xff\xff"
   "\xff\xff\xff\xff\xff\xff\xff\xff\xff\xff"
   "\xff\xff\xff\xff\xff\xff\xff\xff\xff\xff"
   "\xff\xff\xff\xff\xff\xff\xff\xff\xff\xff"
   "\xff\xff\xff\xff\xff\xff\xff\xff\xff\xff"
   "\xff\xff\xff\xff\xff\xff\xff\xff\xff\xff"
   "\xff\xff\xff\xff\xff\xff\xff\xff\xff\xff"
   "\xff\xff\xff\xff\xff\xff\xff\xff\xff\xff"
   "\xff\xff\xff\xff\xff\xff\xff\xff\xff\xff"
   "\xff\xff\xff\xff\xff\xff\xff\xff\xff\xff"
   "\xff\xff\xff\xff\xff\xff\xff\xff\x99\xce"
   "\x8a\x52\x00\x00\x00\x00\x00\x00\x00\x00"
   "\x00\x00\x00\x00\x00\x00\x00\x00\x38\xc6"
   "\xff\xff\xff\xff\xff\xff\xff\xff\xff\xff"
   "\xff\xff\xff\xff\xff\xff\xff\xff\xff\xff"
   "\xff\xff\xff\xff\xff\xff\xff\xff\xff\xff"
   "\xff\xff\xff\xff\xff\xff\xff\xff\xff\xff"
   "\xff\xff\xff\xff\xff\xff\xff\xff\xff\xff"
   "\xff\xff\xff\xff\xff\xff\xff\xff\xff\xff"
   "\xff\xff\xff\xff\xff\xff\xff\xff\xff\xff"
   "\xff\xff\xff\xff\xff\xff\xff\xff\xff\xff"
   "\xff\xff\xff\xff\xff\xff\xff\xff\xff\xff"
   "\xff\xff\xff\xff\xff\xff\xff\xff\xff\xff"
   "\xff\xff\xff\xff\xff\xff\xff\xff\xff\xff"
   "\xff\xff\xff\xff\xff\xff\xff\xff\xff\xff"
   "\xff\xff\xff\xff\xff\xff\xff\xff\xff\xff"
   "\xff\xff\xff\xff\xff\xff\xff\xff\xff\xff"
   "\xff\xff\xff\xff\xff\xff\xff\xff\xff\xff"
   "\xff\xff\xff\xff\xff\xff\xff\xff\xff\xff"
   "\xff\xff\xff\xff\xff\xff\xff\xff\xff\xff"
   "\xff\xff\xff\xff\xff\xff\xff\xff\xff\xff"
   "\xff\xff\xff\xff\xff\xff\xff\xff\xff\xff"
   "\xff\xff\xff\xff\xff\xff\xff\xff\xff\xff"
   "\xff\xff\xff\xff\xff\xff\xff\xff\xff\xff"
   "\xff\xff\xff\xff\xff\xff\xff\xff\xff\xff"
   "\xff\xff\xff\xff\xff\xff\xff\xff\xff\xff"
   "\xff\xff\xff\xff\xff\xff\xff\xff\xff\xff"
   "\xff\xff\xff\xff\xff\xff\xff\xff\xff\xff"
   "\xff\xff\xff\xff\xff\xff\xff\xff\xff\xff"
   "\xff\xff\xff\xff\xff\xff\xff\xff\xff\xff"
   "\xff\xff\xff\xff\xff\xff\xff\xff\xff\xff"
   "\xff\xff\xff\xff\xff\xff\xff\xff\xff\xff"
   "\xff\xff\xff\xff\xff\xff\xff\xff\xff\xff"
   "\x38\xc6\x00\x00\x00\x00\x00\x00\x00\x00"
   "\x00\x00\x00\x00\x00\x00\x55\xad\xff\xff"
   "\xff\xff\xff\xff\xff\xff\xff\xff\xff\xff"
   "\xff\xff\xff\xff\xff\xff\xff\xff\xff\xff"
   "\xff\xff\xff\xff\xff\xff\xff\xff\xff\xff"
   "\xff\xff\xff\xff\xff\xff\xff\xff\xff\xff"
   "\xff\xff\xff\xff\xff\xff\xff\xff\xff\xff"
   "\xff\xff\xff\xff\xff\xff\xff\xff\xff\xff"
   "\xff\xff\xff\xff\xff\xff\xff\xff\xff\xff"
   "\xff\xff\xff\xff\xff\xff\xff\xff\xff\xff"
   "\xff\xff\xff\xff\xff\xff\xff\xff\xff\xff"
   "\xff\xff\xff\xff\xff\xff\xff\xff\xff\xff"
   "\xff\xff\xff\xff\xff\xff\xff\xff\xff\xff"
   "\xff\xff\xff\xff\xff\xff\xff\xff\xff\xff"
   "\xff\xff\xff\xff\xff\xff\xff\xff\xff\xff"
   "\xff\xff\xff\xff\xff\xff\xff\xff\xff\xff"
   "\xff\xff\xff\xff\xff\xff\xff\xff\xff\xff"
   "\xff\xff\xff\xff\xff\xff\xff\xff\xff\xff"
   "\xff\xff\xff\xff\xff\xff\xff\xff\xff\xff"
   "\xff\xff\xff\xff\xff\xff\xff\xff\xff\xff"
   "\xff\xff\xff\xff\xff\xff\xff\xff\xff\xff"
   "\xff\xff\xff\xff\xff\xff\xff\xff\xff\xff"
   "\xff\xff\xff\xff\xff\xff\xff\xff\xff\xff"
   "\xff\xff\xff\xff\xff\xff\xff\xff\xff\xff"
   "\xff\xff\xff\xff\xff\xff\xff\xff\xff\xff"
   "\xff\xff\xff\xff\xff\xff\xff\xff\xff\xff"
   "\xff\xff\xff\xff\xff\xff\xff\xff\xff\xff"
   "\xff\xff\xff\xff\xff\xff\xff\xff\xff\xff"
   "\xff\xff\xff\xff\xff\xff\xff\xff\xff\xff"
   "\xff\xff\xff\xff\xff\xff\xff\xff\xff\xff"
   "\xff\xff\xff\xff\xff\xff\xff\xff\xff\xff"
   "\xff\xff\xff\xff\xff\xff\xff\xff\xff\xff"
   "\xff\xff\x55\xad\x00\x00\x00\x00\x00\x00"
   "\x00\x00\x00\x00\x6d\x6b\x7d\xef\xff\xff"
   "\xff\xff\xff\xff\xff\xff\xff\xff\xff\xff"
   "\xff\xff\xff\xff\xff\xff\xff\xff\xff\xff"
   "\xff\xff\xff\xff\xff\xff\xff\xff\xff\xff"
   "\xff\xff\xff\xff\xff\xff\xff\xff\xff\xff"
   "\xff\xff\xff\xff\xff\xff\xff\xff\xff\xff"
   "\xff\xff\xff\xff\xff\xff\xff\xff\xff\xff"
   "\xff\xff\xff\xff\xff\xff\xff\xff\xff\xff"
   "\xff\xff\xff\xff\xff\xff\xff\xff\xff\xff"
   "\xff\xff\xff\xff\xff\xff\xff\xff\xff\xff"
   "\xff\xff\xff\xff\xff\xff\xff\xff\xff\xff"
   "\xff\xff\xff\xff\xff\xff\xff\xff\xff\xff"
   "\xff\xff\xff\xff\xff\xff\xff\xff\xff\xff"
   "\xff\xff\xff\xff\xff\xff\xff\xff\xff\xff"
   "\xff\xff\xff\xff\xff\xff\xff\xff\xff\xff"
   "\xff\xff\xff\xff\xff\xff\xff\xff\xff\xff"
   "\xff\xff\xff\xff\xff\xff\xff\xff\xff\xff"
   "\xff\xff\xff\xff\xff\xff\xff\xff\xff\xff"
   "\xff\xff\xff\xff\xff\xff\xff\xff\xff\xff"
   "\xff\xff\xff\xff\xff\xff\xff\xff\xff\xff"
   "\xff\xff\xff\xff\xff\xff\xff\xff\xff\xff"
   "\xff\xff\xff\xff\xff\xff\xff\xff\xff\xff"
   "\xff\xff\xff\xff\xff\xff\xff\xff\xff\xff"
   "\xff\xff\xff\xff\xff\xff\xff\xff\xff\xff"
   "\xff\xff\xff\xff\xff\xff\xff\xff\xff\xff"
   "\xff\xff\xff\xff\xff\xff\xff\xff\xff\xff"
   "\xff\xff\xff\xff\xff\xff\xff\xff\xff\xff"
   "\xff\xff\xff\xff\xff\xff\xff\xff\xff\xff"
   "\xff\xff\xff\xff\xff\xff\xff\xff\xff\xff"
   "\xff\xff\xff\xff\xff\xff\xff\xff\xff\xff"
   "\xff\xff\xff\xff\xff\xff\xff\xff\xff\xff"
   "\xff\xff\x7d\xef\x6d\x6b\x00\x00\x00\x00"
   "\x00\x00\x00\x00\x38\xc6\xff\xff\xff\xff"
   "\xff\xff\xff\xff\xff\xff\xff\xff\xff\xff"
   "\xff\xff\xff\xff\xff\xff\xff\xff\xff\xff"
   "\xff\xff\xff\xff\xff\xff\xff\xff\xff\xff"
   "\xff\xff\xff\xff\xff\xff\xff\xff\xff\xff"
   "\xff\xff\xff\xff\xff\xff\xff\xff\xff\xff"
   "\xff\xff\xff\xff\xff\xff\xff\xff\xff\xff"
   "\xff\xff\xff\xff\xff\xff\xff\xff\xff\xff"
   "\xff\xff\xff\xff\xff\xff\xff\xff\xff\xff"
   "\xff\xff\xff\xff\xff\xff\xff\xff\xff\xff"
   "\xff\xff\xff\xff\xff\xff\xff\xff\xff\xff"
   "\xff\xff\xff\xff\xff\xff\xff\xff\xff\xff"
   "\xff\xff\xff\xff\xff\xff\xff\xff\xff\xff"
   "\xff\xff\xff\xff\xff\xff\xff\xff\xff\xff"
   "\xff\xff\xff\xff\xff\xff\xff\xff\xff\xff"
   "\xff\xff\xff\xff\xff\xff\xff\xff\xff\xff"
   "\xff\xff\xff\xff\xff\xff\xff\xff\xff\xff"
   "\xff\xff\xff\xff\xff\xff\xff\xff\xff\xff"
   "\xff\xff\xff\xff\xff\xff\xff\xff\xff\xff"
   "\xff\xff\xff\xff\xff\xff\xff\xff\xff\xff"
   "\xff\xff\xff\xff\xff\xff\xff\xff\xff\xff"
   "\xff\xff\xff\xff\xff\xff\xff\xff\xff\xff"
   "\xff\xff\xff\xff\xff\xff\xff\xff\xff\xff"
   "\xff\xff\xff\xff\xff\xff\xff\xff\xff\xff"
   "\xff\xff\xff\xff\xff\xff\xff\xff\xff\xff"
   "\xff\xff\xff\xff\xff\xff\xff\xff\xff\xff"
   "\xff\xff\xff\xff\xff\xff\xff\xff\xff\xff"
   "\xff\xff\xff\xff\xff\xff\xff\xff\xff\xff"
   "\xff\xff\xff\xff\xff\xff\xff\xff\xff\xff"
   "\xff\xff\xff\xff\xff\xff\xff\xff\xff\xff"
   "\xff\xff\xff\xff\xff\xff\xff\xff\xff\xff"
   "\xff\xff\xff\xff\x38\xc6\x00\x00\x00\x00"
   "\x00\x00\x8e\x73\xff\xff\xff\xff\xff\xff"
   "\xff\xff\xff\xff\xff\xff\xff\xff\xff\xff"
   "\xff\xff\xff\xff\xff\xff\xff\xff\xff\xff"
   "\xff\xff\xff\xff\xff\xff\xff\xff\xff\xff"
   "\xff\xff\xff\xff\xff\xff\xff\xff\xff\xff"
   "\xff\xff\xff\xff\xff\xff\xff\xff\xff\xff"
   "\xff\xff\xff\xff\xff\xff\xff\xff\xff\xff"
   "\xff\xff\xff\xff\xff\xff\xff\xff\xff\xff"
   "\xff\xff\xff\xff\xff\xff\xff\xff\xff\xff"
   "\xff\xff\xff\xff\xff\xff\xff\xff\xff\xff"
   "\xff\xff\xff\xff\xff\xff\xff\xff\xff\xff"
   "\xff\xff\xff\xff\xff\xff\xff\xff\xff\xff"
   "\xff\xff\xff\xff\xff\xff\xff\xff\xff\xff"
   "\xff\xff\xff\xff\xff\xff\xff\xff\xff\xff"
   "\xff\xff\xff\xff\xff\xff\x95\xb5\x71\x8c"
   "\x6d\x6b\x8a\x52\x08\x42\xe7\x39\xe7\x39"
   "\x07\x42\x28\x42\x69\x4a\xaa\x52\xeb\x5a"
   "\x0c\x63\xae\x73\xef\x7b\x30\x84\x71\x8c"
   "\xd2\x9c\x34\xa5\x75\xad\x96\xb5\xb6\xb5"
   "\x38\xc6\xff\xff\xff\xff\xff\xff\xff\xff"
   "\xff\xff\xff\xff\xff\xff\xff\xff\xff\xff"
   "\xff\xff\xff\xff\xff\xff\xff\xff\xff\xff"
   "\xff\xff\xff\xff\xff\xff\xff\xff\xff\xff"
   "\xff\xff\xff\xff\xff\xff\xff\xff\xff\xff"
   "\xff\xff\xff\xff\xff\xff\xff\xff\xff\xff"
   "\xff\xff\xff\xff\xff\xff\xff\xff\xff\xff"
   "\xff\xff\xff\xff\xff\xff\xff\xff\xff\xff"
   "\xff\xff\xff\xff\xff\xff\xff\xff\xff\xff"
   "\xff\xff\xff\xff\xff\xff\xff\xff\xff\xff"
   "\xff\xff\xff\xff\xff\xff\xff\xff\xff\xff"
   "\xff\xff\xff\xff\xff\xff\xff\xff\xff\xff"
   "\xff\xff\xff\xff\xff\xff\x8e\x73\x00\x00"
   "\x00\x00\x17\xbe\xff\xff\xff\xff\xff\xff"
   "\xff\xff\xff\xff\xff\xff\xff\xff\xff\xff"
   "\xff\xff\xff\xff\xff\xff\xff\xff\xff\xff"
   "\xff\xff\xff\xff\xff\xff\xff\xff\xff\xff"
   "\xff\xff\xff\xff\xff\xff\xff\xff\xff\xff"
   "\xff\xff\xff\xff\xff\xff\xff\xff\xff\xff"
   "\xff\xff\xff\xff\xff\xff\xff\xff\xff\xff"
   "\xff\xff\xff\xff\xff\xff\xff\xff\xff\xff"
   "\xff\xff\xff\xff\xff\xff\xff\xff\xff\xff"
   "\xff\xff\xff\xff\xff\xff\xff\xff\xff\xff"
   "\xff\xff\xff\xff\xff\xff\xff\xff\xff\xff"
   "\xff\xff\xff\xff\xff\xff\xff\xff\xff\xff"
   "\xff\xff\xff\xff\x96\xb5\x55\xad\xb2\x94"
   "\x10\x84\x6e\x73\xec\x62\x6a\x52\x28\x42"
   "\x24\x29\xe3\x20\x61\x10\x20\x08\x00\x00"
   "\x00\x00\x20\x00\x20\x00\x00\x00\x00\x00"
   "\x00\x00\x00\x00\x00\x00\x00\x00\x20\x08"
   "\x20\x08\x00\x00\x00\x00\x00\x00\x00\x00"
   "\x00\x00\x00\x00\x00\x00\x00\x00\x41\x08"
   "\x40\x08\x40\x08\x61\x10\x24\x21\x48\x4a"
   "\x6d\x73\x50\x8c\x38\xc6\xff\xff\xff\xff"
   "\xff\xff\xff\xff\xff\xff\xff\xff\xff\xff"
   "\xff\xff\xff\xff\xff\xff\xff\xff\xff\xff"
   "\xff\xff\xff\xff\xff\xff\xff\xff\xff\xff"
   "\xff\xff\xff\xff\xff\xff\xff\xff\xff\xff"
   "\xff\xff\xff\xff\xff\xff\xff\xff\xff\xff"
   "\xff\xff\xff\xff\xff\xff\xff\xff\xff\xff"
   "\xff\xff\xff\xff\xff\xff\xff\xff\xff\xff"
   "\xff\xff\xff\xff\xff\xff\xff\xff\xff\xff"
   "\xff\xff\xff\xff\xff\xff\xff\xff\xff\xff"
   "\xff\xff\xff\xff\xff\xff\xff\xff\xff\xff"
   "\xff\xff\xff\xff\xff\xff\x17\xbe\x00\x00"
   "\x00\x00\x7d\xef\xff\xff\xff\xff\xff\xff"
   "\xff\xff\xff\xff\xff\xff\xff\xff\xff\xff"
   "\xff\xff\xff\xff\xff\xff\xff\xff\xff\xff"
   "\xff\xff\xff\xff\xff\xff\xff\xff\xff\xff"
   "\xff\xff\xff\xff\xff\xff\xff\xff\xff\xff"
   "\xff\xff\xff\xff\xff\xff\xff\xff\xff\xff"
   "\xff\xff\xff\xff\xff\xff\xff\xff\xff\xff"
   "\xff\xff\xff\xff\xff\xff\xff\xff\xff\xff"
   "\xff\xff\xff\xff\xff\xff\xff\xff\xff\xff"
   "\xff\xff\xff\xff\xff\xff\xff\xff\xff\xff"
   "\xff\xff\xff\xff\xff\xff\xff\xff\xf7\xc5"
   "\x14\xa5\xae\x73\x6a\x52\xa7\x39\x04\x21"
   "\x62\x10\x00\x00\x01\x00\x00\x00\x00\x00"
   "\x00\x00\x00\x00\x00\x00\x00\x00\x00\x00"
   "\x20\x08\x00\x00\x00\x00\x00\x00\x00\x00"
   "\x00\x00\x00\x00\x00\x00\x00\x00\x00\x00"
   "\x00\x00\x00\x00\x00\x00\x00\x00\x00\x00"
   "\x00\x00\x00\x00\x00\x00\x00\x00\x00\x00"
   "\x00\x00\x00\x00\x00\x00\x00\x00\x00\x00"
   "\x00\x00\x00\x00\x00\x00\x00\x00\x00\x00"
   "\x00\x00\x00\x00\x20\x08\x04\x21\xcb\x5a"
   "\xf3\x9c\xff\xff\xff\xff\xff\xff\xff\xff"
   "\xff\xff\xff\xff\xff\xff\xff\xff\xff\xff"
   "\xff\xff\xff\xff\xff\xff\xff\xff\xff\xff"
   "\xff\xff\xff\xff\xff\xff\xff\xff\xff\xff"
   "\xff\xff\xff\xff\xff\xff\xff\xff\xff\xff"
   "\xff\xff\xff\xff\xff\xff\xff\xff\xff\xff"
   "\xff\xff\xff\xff\xff\xff\xff\xff\xff\xff"
   "\xff\xff\xff\xff\xff\xff\xff\xff\xff\xff"
   "\xff\xff\xff\xff\xff\xff\xff\xff\xff\xff"
   "\xff\xff\xff\xff\xff\xff\xff\xff\xff\xff"
   "\xff\xff\xff\xff\xff\xff\x7d\xef\x00\x00"
   "\x51\x8c\xff\xff\xff\xff\xff\xff\xff\xff"
   "\xff\xff\xff\xff\xff\xff\xff\xff\xff\xff"
   "\xff\xff\xff\xff\xff\xff\xff\xff\xff\xff"
   "\xff\xff\xff\xff\xff\xff\xff\xff\xff\xff"
   "\xff\xff\xff\xff\xff\xff\xff\xff\xff\xff"
   "\xff\xff\xff\xff\xff\xff\xff\xff\xff\xff"
   "\xff\xff\xff\xff\xff\xff\xff\xff\xff\xff"
   "\xff\xff\xff\xff\xff\xff\xff\xff\xff\xff"
   "\xff\xff\xff\xff\xff\xff\xff\xff\xff\xff"
   "\xff\xff\xff\xff\xff\xff\xff\xff\x38\xc6"
   "\x92\x94\x8a\x52\x24\x21\xc3\x18\x00\x00"
   "\x20\x08\x00\x00\x00\x00\x00\x00\x00\x00"
   "\x00\x00\x20\x00\x21\x08\x00\x00\x20\x08"
   "\x20\x00\x00\x00\x00\x00\x00\x00\x20\x08"
   "\x40\x08\x61\x08\xc2\x18\xa6\x39\x48\x4a"
   "\xa9\x52\x6d\x73\xb2\x94\xd2\x9c\xf3\x9c"
   "\xf3\x9c\xd2\x9c\x91\x94\xb1\x94\xd2\x9c"
   "\xd2\x9c\x13\xa5\xb1\x94\x30\x84\xef\x83"
   "\xae\x7b\x4c\x6b\xca\x5a\x89\x52\x69\x4a"
   "\xe7\x41\x85\x31\x44\x29\xc2\x18\x20\x08"
   "\x00\x00\x00\x00\x00\x00\x20\x00\x20\x00"
   "\x00\x00\xa2\x10\xcb\x5a\xd7\xbd\xff\xff"
   "\xff\xff\xff\xff\xff\xff\xff\xff\xff\xff"
   "\xff\xff\xff\xff\xff\xff\xff\xff\xff\xff"
   "\xff\xff\xff\xff\xff\xff\xff\xff\xff\xff"
   "\xff\xff\xff\xff\xff\xff\xff\xff\xff\xff"
   "\xff\xff\xff\xff\xff\xff\xff\xff\xff\xff"
   "\xff\xff\xff\xff\xff\xff\xff\xff\xff\xff"
   "\xff\xff\xff\xff\xff\xff\xff\xff\xff\xff"
   "\xff\xff\xff\xff\xff\xff\xff\xff\xff\xff"
   "\xff\xff\xff\xff\xff\xff\xff\xff\xff\xff"
   "\xff\xff\xff\xff\xff\xff\xff\xff\x51\x8c"
   "\xd6\xb5\xff\xff\xff\xff\xff\xff\xff\xff"
   "\xff\xff\xff\xff\xff\xff\xff\xff\xff\xff"
   "\xff\xff\xff\xff\xff\xff\xff\xff\xff\xff"
   "\xff\xff\xff\xff\xff\xff\xff\xff\xff\xff"
   "\xff\xff\xff\xff\xff\xff\xff\xff\xff\xff"
   "\xff\xff\xff\xff\xff\xff\xff\xff\xff\xff"
   "\xff\xff\xff\xff\xff\xff\xff\xff\xff\xff"
   "\xff\xff\xff\xff\xff\xff\xff\xff\xff\xff"
   "\xff\xff\xff\xff\xff\xff\xff\xff\xff\xff"
   "\xff\xff\xef\x7b\xcb\x5a\xe4\x20\x00\x00"
   "\x20\x00\x61\x08\x20\x00\x00\x00\x00\x00"
   "\x20\x00\x00\x00\x00\x00\x00\x00\x00\x00"
   "\x41\x08\xe3\x18\x24\x21\x65\x31\x08\x42"
   "\xca\x5a\xae\x73\x30\x84\x71\x8c\x91\x94"
   "\x34\xa5\x54\xad\x75\xad\xb5\xb5\x37\xc6"
   "\xb9\xd6\x78\xce\xd6\xbd\x78\xce\x99\xd6"
   "\x79\xce\x37\xc6\x17\xc6\x58\xce\xb9\xd6"
   "\xfa\xde\xfb\xde\x3b\xe7\x3b\xe7\xfa\xde"
   "\x78\xce\x37\xc6\x38\xc6\x78\xce\x79\xce"
   "\x58\xce\xf6\xbd\xb5\xb5\xb6\xb5\x95\xb5"
   "\xb2\x94\xce\x7b\xca\x5a\xe7\x39\xc3\x18"
   "\x40\x08\x00\x00\x00\x00\xa2\x10\x65\x29"
   "\xf7\xbd\xff\xff\xff\xff\xff\xff\xff\xff"
   "\xff\xff\xff\xff\xff\xff\xff\xff\xff\xff"
   "\xff\xff\xff\xff\xff\xff\xff\xff\xff\xff"
   "\xff\xff\xff\xff\xff\xff\xff\xff\xff\xff"
   "\xff\xff\xff\xff\xff\xff\xff\xff\xff\xff"
   "\xff\xff\xff\xff\xff\xff\xff\xff\xff\xff"
   "\xff\xff\xff\xff\xff\xff\xff\xff\xff\xff"
   "\xff\xff\xff\xff\xff\xff\xff\xff\xff\xff"
   "\xff\xff\xff\xff\xff\xff\xff\xff\xff\xff"
   "\xff\xff\xff\xff\xff\xff\xff\xff\xd6\xb5"
   "\xba\xd6\xff\xff\xff\xff\xff\xff\xff\xff"
   "\xff\xff\xff\xff\xff\xff\xff\xff\xff\xff"
   "\xff\xff\xff\xff\xff\xff\xff\xff\xff\xff"
   "\xff\xff\xff\xff\xff\xff\xff\xff\xff\xff"
   "\xff\xff\xff\xff\xff\xff\xff\xff\xff\xff"
   "\xff\xff\xff\xff\xff\xff\xff\xff\xff\xff"
   "\xff\xff\xff\xff\xff\xff\xff\xff\xff\xff"
   "\xff\xff\xff\xff\xff\xff\xff\xff\xff\xff"
   "\xff\xff\xff\xff\xff\xff\x92\x94\x86\x31"
   "\x00\x00\x00\x00\x00\x00\x00\x00\x00\x00"
   "\x20\x08\x00\x00\x00\x00\x40\x08\x00\x00"
   "\xc2\x18\xc7\x39\x0b\x63\xef\x83\x91\x94"
   "\x34\xa5\xd6\xbd\xf7\xbd\x38\xce\x38\xce"
   "\x99\xd6\x3c\xef\x5c\xef\xfb\xde\xfa\xde"
   "\x33\xa5\xd6\xbd\x78\xce\x17\xc6\x95\xb5"
   "\xf6\xbd\x37\xce\xb5\xbd\xf6\xc5\x37\xce"
   "\x78\xce\x57\xce\x37\xc6\x37\xce\x78\xd6"
   "\xb9\xd6\x78\xce\x99\xd6\x99\xd6\x37\xc6"
   "\xd6\xbd\xf6\xbd\x17\xc6\x16\xc6\x74\xb5"
   "\xd6\xbd\x17\xc6\xd5\xbd\x95\xb5\xf6\xbd"
   "\x37\xce\x78\xce\x58\xce\x58\xce\xf7\xbd"
   "\xd2\x94\xca\x5a\x03\x21\x20\x00\x20\x00"
   "\x00\x00\x0c\x63\xff\xff\xff\xff\xff\xff"
   "\xff\xff\xff\xff\xff\xff\xff\xff\xff\xff"
   "\xff\xff\xff\xff\xff\xff\xff\xff\xff\xff"
   "\xff\xff\xff\xff\xff\xff\xff\xff\xff\xff"
   "\xff\xff\xff\xff\xff\xff\xff\xff\xff\xff"
   "\xff\xff\xff\xff\xff\xff\xff\xff\xff\xff"
   "\xff\xff\xff\xff\xff\xff\xff\xff\xff\xff"
   "\xff\xff\xff\xff\xff\xff\xff\xff\xff\xff"
   "\xff\xff\xff\xff\xff\xff\xff\xff\xff\xff"
   "\xff\xff\xff\xff\xff\xff\xff\xff\xba\xd6"
   "\x5d\xef\xff\xff\xff\xff\xff\xff\xff\xff"
   "\xff\xff\xff\xff\xff\xff\xff\xff\xff\xff"
   "\xff\xff\xff\xff\xff\xff\xff\xff\xff\xff"
   "\xff\xff\xff\xff\xff\xff\xff\xff\xff\xff"
   "\xff\xff\xff\xff\xff\xff\xff\xff\xff\xff"
   "\xff\xff\xff\xff\xff\xff\xff\xff\xff\xff"
   "\xff\xff\xff\xff\xff\xff\xff\xff\xff\xff"
   "\xff\xff\xff\xff\xff\xff\xff\xff\xff\xff"
   "\xff\xff\xd3\x9c\x62\x10\x00\x00\x41\x08"
   "\x41\x08\x41\x08\x20\x00\x00\x00\x20\x08"
   "\x00\x00\x00\x00\x44\x29\x2b\x63\x70\x94"
   "\x33\xa5\xb5\xb5\x17\xc6\x58\xce\x37\xc6"
   "\xf6\xbd\xf6\xc5\xf6\xbd\x37\xce\xd6\xbd"
   "\x95\xb5\x17\xc6\x37\xc6\xf6\xbd\x58\xce"
   "\xb5\xb5\x74\xb5\x16\xc6\x37\xce\xb5\xb5"
   "\xb5\xbd\x37\xce\x17\xc6\x16\xc6\x58\xce"
   "\x98\xd6\x98\xd6\x58\xce\x57\xce\x78\xd6"
   "\xb9\xde\x99\xd6\xb9\xd6\x78\xce\xd6\xbd"
   "\xb5\xb5\xd6\xbd\xd6\xbd\xb5\xb5\xd6\xbd"
   "\xb5\xbd\xf6\xbd\x17\xc6\xf6\xbd\x74\xb5"
   "\x54\xad\x94\xb5\xd5\xbd\xf6\xbd\xf6\xbd"
   "\x17\xc6\x78\xce\xf6\xbd\xad\x73\x65\x29"
   "\x00\x00\x00\x00\xe3\x18\x96\xb5\xff\xff"
   "\xff\xff\xff\xff\xff\xff\xff\xff\xff\xff"
   "\xff\xff\xff\xff\xff\xff\xff\xff\xff\xff"
   "\xff\xff\xff\xff\xff\xff\xff\xff\xff\xff"
   "\xff\xff\xff\xff\xff\xff\xff\xff\xff\xff"
   "\xff\xff\xff\xff\xff\xff\xff\xff\xff\xff"
   "\xff\xff\xff\xff\xff\xff\xff\xff\xff\xff"
   "\xff\xff\xff\xff\xff\xff\xff\xff\xff\xff"
   "\xff\xff\xff\xff\xff\xff\xff\xff\xff\xff"
   "\xff\xff\xff\xff\xff\xff\xff\xff\x5d\xef"
   "\xbe\xf7\xff\xff\xff\xff\xff\xff\xff\xff"
   "\xff\xff\xff\xff\xff\xff\xff\xff\xff\xff"
   "\xff\xff\xff\xff\xff\xff\xff\xff\xff\xff"
   "\xff\xff\xff\xff\xff\xff\xff\xff\xff\xff"
   "\xff\xff\xff\xff\xff\xff\xff\xff\xff\xff"
   "\xff\xff\xff\xff\xff\xff\xff\xff\xff\xff"
   "\xff\xff\xff\xff\xff\xff\xff\xff\xff\xff"
   "\xff\xff\xff\xff\xff\xff\xff\xff\xff\xff"
   "\xeb\x5a\x00\x00\x00\x00\x61\x08\x00\x00"
   "\x00\x00\x20\x08\x00\x00\x20\x08\xa5\x31"
   "\xad\x73\x12\x9d\xb5\xb5\x37\xc6\xf6\xbd"
   "\x37\xc6\xd6\xbd\x54\xad\x54\xad\xb5\xb5"
   "\xb5\xb5\x95\xb5\x99\xd6\xfa\xe6\x78\xce"
   "\xb5\xbd\xd5\xbd\xb5\xbd\xd6\xbd\x78\xd6"
   "\xd9\xde\x57\xce\xb8\xd6\xd9\xde\x16\xc6"
   "\xb5\xbd\xf6\xc5\xf6\xbd\x16\xc6\x16\xc6"
   "\x16\xc6\xf6\xbd\xb5\xb5\xd5\xbd\x37\xce"
   "\x98\xd6\x78\xce\xb9\xd6\x98\xd6\x16\xc6"
   "\xb5\xb5\xd5\xbd\x16\xc6\x16\xc6\xf6\xbd"
   "\x94\xb5\xb5\xb5\xf6\xc5\xd5\xbd\x33\xa5"
   "\xd1\x9c\xd1\x94\xb5\xb5\xd5\xb5\x95\xb5"
   "\x74\xad\xd5\xb5\x78\xce\x98\xce\x17\xbe"
   "\xea\x5a\x20\x00\x20\x00\x04\x21\x59\xce"
   "\xff\xff\xff\xff\xff\xff\xff\xff\xff\xff"
   "\xff\xff\xff\xff\xff\xff\xff\xff\xff\xff"
   "\xff\xff\xff\xff\xff\xff\xff\xff\xff\xff"
   "\xff\xff\xff\xff\xff\xff\xff\xff\xff\xff"
   "\xff\xff\xff\xff\xff\xff\xff\xff\xff\xff"
   "\xff\xff\xff\xff\xff\xff\xff\xff\xff\xff"
   "\xff\xff\xff\xff\xff\xff\xff\xff\xff\xff"
   "\xff\xff\xff\xff\xff\xff\xff\xff\xff\xff"
   "\xff\xff\xff\xff\xff\xff\xff\xff\xbe\xf7"
   "\xff\xff\xff\xff\xff\xff\xff\xff\xff\xff"
   "\xff\xff\xff\xff\xff\xff\xff\xff\xff\xff"
   "\xff\xff\xff\xff\xff\xff\xff\xff\xff\xff"
   "\xff\xff\xff\xff\xff\xff\xff\xff\xff\xff"
   "\xff\xff\xff\xff\xff\xff\xff\xff\xff\xff"
   "\xff\xff\xff\xff\xff\xff\xff\xff\xff\xff"
   "\xff\xff\xff\xff\xff\xff\xff\xff\xff\xff"
   "\xff\xff\xff\xff\xff\xff\xff\xff\x6d\x6b"
   "\x00\x00\x00\x00\x00\x00\x61\x08\x00\x00"
   "\x00\x00\x81\x10\x0b\x63\x54\xa5\xf6\xbd"
   "\xf6\xbd\xb5\xb5\x74\xad\x53\xad\x74\xad"
   "\xb5\xbd\x94\xb5\x53\xad\x94\xb5\xf6\xbd"
   "\xf6\xc5\xf6\xbd\xd5\xbd\x77\xce\x37\xc6"
   "\xb5\xb5\xb5\xb5\xd5\xbd\x57\xce\xfa\xde"
   "\xd9\xde\xb9\xd6\xb9\xde\x77\xce\xd5\xbd"
   "\xf6\xbd\x37\xce\x16\xc6\x16\xc6\x37\xc6"
   "\x37\xce\x57\xce\x37\xce\x57\xce\x78\xd6"
   "\xd9\xde\x78\xce\x77\xce\x37\xc6\xd5\xbd"
   "\xd5\xbd\xf6\xbd\xf6\xbd\xd5\xbd\x16\xc6"
   "\x37\xc6\x16\xc6\xd5\xbd\x74\xad\x12\xa5"
   "\xf2\x9c\xd1\x94\xf6\xbd\xd5\xb5\xd5\xbd"
   "\x16\xbe\x16\xbe\xd6\xbd\xd5\xb5\xf6\xbd"
   "\x1b\xdf\x89\x52\x00\x00\x00\x00\x85\x31"
   "\xff\xff\xff\xff\xff\xff\xff\xff\xff\xff"
   "\xff\xff\xff\xff\xff\xff\xff\xff\xff\xff"
   "\xff\xff\xff\xff\xff\xff\xff\xff\xff\xff"
   "\xff\xff\xff\xff\xff\xff\xff\xff\xff\xff"
   "\xff\xff\xff\xff\xff\xff\xff\xff\xff\xff"
   "\xff\xff\xff\xff\xff\xff\xff\xff\xff\xff"
   "\xff\xff\xff\xff\xff\xff\xff\xff\xff\xff"
   "\xff\xff\xff\xff\xff\xff\xff\xff\xff\xff"
   "\xff\xff\xff\xff\xff\xff\xff\xff\xff\xff"
   "\xff\xff\xff\xff\xff\xff\xff\xff\xff\xff"
   "\xff\xff\xff\xff\xff\xff\xff\xff\xff\xff"
   "\xff\xff\xff\xff\xff\xff\xff\xff\xff\xff"
   "\xff\xff\xff\xff\xff\xff\xff\xff\xff\xff"
   "\xff\xff\xff\xff\xff\xff\xff\xff\xff\xff"
   "\xff\xff\xff\xff\xff\xff\xff\xff\xff\xff"
   "\xff\xff\xff\xff\xff\xff\xff\xff\xff\xff"
   "\xff\xff\xff\xff\xff\xff\xff\xff\x41\x08"
   "\x20\x00\x61\x08\x00\x00\x00\x00\x61\x08"
   "\x89\x4a\x91\x94\xb5\xb5\x17\xc6\x94\xb5"
   "\x74\xad\x94\xb5\x94\xb5\x74\xad\xb5\xb5"
   "\xf5\xbd\xf6\xc5\x16\xc6\x37\xc6\xf6\xc5"
   "\xb5\xb5\xb5\xbd\x78\xd6\xb9\xde\xb8\xd6"
   "\x37\xc6\xf5\xbd\xf6\xbd\x36\xc6\x57\xce"
   "\x78\xd6\x37\xc6\xb5\xb5\x74\xb5\x16\xc6"
   "\xfa\xde\xd9\xde\x16\xc6\xf6\xbd\x16\xc6"
   "\x78\xce\xb9\xde\xd9\xde\xb8\xd6\x98\xd6"
   "\x98\xd6\x98\xd6\x37\xc6\xd5\xbd\xb5\xbd"
   "\xf6\xbd\x16\xc6\xd5\xbd\x94\xb5\x74\xb5"
   "\x94\xb5\xb5\xb5\xf6\xbd\x37\xc6\x37\xce"
   "\xf6\xbd\xb5\xb5\xd5\xbd\xb4\xb5\xb5\xb5"
   "\xf5\xbd\xd5\xb5\x74\xad\x74\xad\xd5\xb5"
   "\x53\xa5\x37\xc6\x28\x42\x00\x00\x81\x10"
   "\x33\xa5\xff\xff\xff\xff\xff\xff\xff\xff"
   "\xff\xff\xff\xff\xff\xff\xff\xff\xff\xff"
   "\xff\xff\xff\xff\xff\xff\xff\xff\xff\xff"
   "\xff\xff\xff\xff\xff\xff\xff\xff\xff\xff"
   "\xff\xff\xff\xff\xff\xff\xff\xff\xff\xff"
   "\xff\xff\xff\xff\xff\xff\xff\xff\xff\xff"
   "\xff\xff\xff\xff\xff\xff\xff\xff\xff\xff"
   "\xff\xff\xff\xff\xff\xff\xff\xff\xff\xff"
   "\xff\xff\xff\xff\xff\xff\xff\xff\xff\xff"
   "\xff\xff\xff\xff\xff\xff\xff\xff\xff\xff"
   "\xff\xff\xff\xff\xff\xff\xff\xff\xff\xff"
   "\xff\xff\xff\xff\xff\xff\xff\xff\xff\xff"
   "\xff\xff\xff\xff\xff\xff\xff\xff\xff\xff"
   "\xff\xff\xff\xff\xff\xff\xff\xff\xff\xff"
   "\xff\xff\xff\xff\xff\xff\xff\xff\xff\xff"
   "\xff\xff\xff\xff\xff\xff\xff\xff\xff\xff"
   "\xff\xff\xff\xff\xff\xff\x30\x84\x00\x00"
   "\x20\x10\x00\x08\x00\x00\xa2\x10\x2f\x7c"
   "\x94\xa5\xd2\x9c\x53\xad\x74\xb5\x94\xb5"
   "\x94\xb5\x74\xad\x94\xb5\xf6\xbd\xf6\xc5"
   "\xd5\xbd\x94\xb5\xb5\xb5\xd5\xbd\x74\xb5"
   "\xb4\xb5\x57\xce\xb9\xd6\xb8\xd6\x98\xd6"
   "\x36\xc6\xd5\xbd\xd5\xbd\xf5\xbd\x94\xb5"
   "\xb5\xbd\x37\xc6\x57\xce\x57\xce\x98\xd6"
   "\xb9\xd6\x98\xd6\x78\xd6\xd5\xbd\xd5\xbd"
   "\xf6\xc5\x57\xce\x57\xce\x57\xce\x37\xc6"
   "\x57\xce\x37\xc6\x36\xc6\x16\xc6\x16\xc6"
   "\xf6\xbd\xb5\xbd\xd5\xbd\xf6\xc5\xd5\xbd"
   "\xd5\xbd\xf6\xbd\x94\xb5\xb1\x94\x0e\x84"
   "\xd1\x9c\x16\xc6\xf5\xbd\x15\xbe\x15\xbe"
   "\xd5\xb5\xb4\xb5\xb4\xb5\xb5\xb5\xb5\xb5"
   "\xf6\xbd\xd6\xbd\x30\x8c\x00\x00\x00\x00"
   "\x69\x4a\xff\xff\xff\xff\xff\xff\xff\xff"
   "\xff\xff\xff\xff\xff\xff\xff\xff\xff\xff"
   "\xff\xff\xff\xff\xff\xff\xff\xff\xff\xff"
   "\xff\xff\xff\xff\xff\xff\xff\xff\xff\xff"
   "\xff\xff\xff\xff\xff\xff\xff\xff\xff\xff"
   "\xff\xff\xff\xff\xff\xff\xff\xff\xff\xff"
   "\xff\xff\xff\xff\xff\xff\xff\xff\xff\xff"
   "\xff\xff\xff\xff\xff\xff\xff\xff\xff\xff"
   "\xff\xff\xff\xff\xff\xff\xff\xff\xff\xff"
   "\xff\xff\xff\xff\xff\xff\xff\xff\xff\xff"
   "\xff\xff\xff\xff\xff\xff\xff\xff\xff\xff"
   "\xff\xff\xff\xff\xff\xff\xff\xff\xff\xff"
   "\xff\xff\xff\xff\xff\xff\xff\xff\xff\xff"
   "\xff\xff\xff\xff\xff\xff\xff\xff\xff\xff"
   "\xff\xff\xff\xff\xff\xff\xff\xff\xff\xff"
   "\xff\xff\xff\xff\xff\xff\xff\xff\xff\xff"
   "\xff\xff\xff\xff\xff\xff\x48\x42\x00\x00"
   "\x00\x18\x00\x10\x40\x10\x32\x9d\x52\x95"
   "\xb3\x9d\x94\xb5\x74\xbd\x53\xb5\x74\xbd"
   "\xb5\xb5\xd5\xb5\xf6\xc5\xb6\xbd\xd5\xbd"
   "\x74\xad\xb4\xb5\x16\xbe\xd5\xb5\x73\xad"
   "\x73\xad\x74\xad\x78\xce\xd9\xd6\x37\xc6"
   "\xb4\xb5\x16\xbe\x57\xc6\x16\xc6\xf6\xbd"
   "\x16\xc6\x77\xce\xd5\xbd\x37\xce\xd9\xde"
   "\xb9\xd6\xb9\xd6\x98\xd6\x37\xc6\xd5\xbd"
   "\xf6\xbd\xd5\xbd\x16\xc6\x57\xce\xf6\xbd"
   "\x57\xce\xb8\xd6\xf6\xc5\xb5\xb5\xf6\xc5"
   "\x16\xc6\xd5\xbd\xd5\xbd\x16\xc6\x33\xa5"
   "\x74\xad\x16\xc6\x94\xb5\x02\x21\x40\x08"
   "\xea\x62\x16\xc6\xd4\xb5\x35\xbe\x14\xb6"
   "\xd4\xad\x15\xb6\x16\xbe\xd6\xbd\xb6\xbd"
   "\xd7\xc5\x96\xc5\x96\xc5\xe4\x28\x20\x08"
   "\x61\x10\xff\xff\xff\xff\xff\xff\xff\xff"
   "\xff\xff\xff\xff\xff\xff\xff\xff\xff\xff"
   "\xff\xff\xff\xff\xff\xff\xff\xff\xff\xff"
   "\xff\xff\xff\xff\xff\xff\xff\xff\xff\xff"
   "\xff\xff\xff\xff\xff\xff\xff\xff\xff\xff"
   "\xff\xff\xff\xff\xff\xff\xff\xff\xff\xff"
   "\xff\xff\xff\xff\xff\xff\xff\xff\xff\xff"
   "\xff\xff\xff\xff\xff\xff\xff\xff\xff\xff"
   "\xff\xff\xff\xff\xff\xff\xff\xff\xff\xff"
   "\xff\xff\xff\xff\xff\xff\xff\xff\xff\xff"
   "\xff\xff\xff\xff\xff\xff\xff\xff\xff\xff"
   "\xff\xff\xff\xff\xff\xff\xff\xff\xff\xff"
   "\xff\xff\xff\xff\xff\xff\xff\xff\xff\xff"
   "\xff\xff\xff\xff\xff\xff\xff\xff\xff\xff"
   "\xff\xff\xff\xff\xff\xff\xff\xff\xff\xff"
   "\xff\xff\xff\xff\xff\xff\xff\xff\xff\xff"
   "\xff\xff\xff\xff\xff\xff\x48\x42\x20\x00"
   "\x20\x18\x00\x18\x48\x52\xb4\xb5\x31\x8d"
   "\x72\x95\x32\xa5\xf2\xac\xb5\xc5\x33\xb5"
   "\x91\x94\x16\xbe\x1b\xe7\x17\xc6\xb5\xb5"
   "\xb5\xb5\xd5\xb5\x94\xb5\x74\xad\xf5\xbd"
   "\x16\xc6\xb5\xb5\xd5\xbd\x57\xce\x57\xc6"
   "\xd5\xbd\x16\xc6\xb8\xd6\xd9\xd6\x98\xce"
   "\x74\xb5\xb5\xbd\x16\xc6\x57\xce\x16\xc6"
   "\x78\xd6\xb9\xd6\x32\xa5\x74\xb5\x94\xb5"
   "\xf6\xbd\x94\xb5\x74\xad\x37\xc6\x98\xd6"
   "\x98\xd6\x37\xc6\xd5\xbd\xd5\xbd\x16\xc6"
   "\x16\xc6\xb5\xbd\x94\xb5\xb5\xb5\xb5\xb5"
   "\xf2\x9c\xf6\xbd\xd5\xbd\x74\xad\xf6\xbd"
   "\xb5\xb5\x36\xc6\x56\xc6\x15\xbe\xd4\xad"
   "\xf4\xb5\x16\xb6\xd5\xb5\x95\xb5\xf7\xc5"
   "\x34\xb5\xb7\xcd\xd7\xcd\x69\x5a\x00\x08"
   "\x00\x00\x17\xb6\xff\xff\xff\xff\xff\xff"
   "\xff\xff\xff\xff\xff\xff\xff\xff\xff\xff"
   "\xff\xff\xff\xff\xff\xff\xff\xff\xff\xff"
   "\xff\xff\xff\xff\xff\xff\xff\xff\xff\xff"
   "\xff\xff\xff\xff\xff\xff\xff\xff\xff\xff"
   "\xff\xff\xff\xff\xff\xff\xff\xff\xff\xff"
   "\xff\xff\xff\xff\xff\xff\xff\xff\xff\xff"
   "\xff\xff\xff\xff\xff\xff\xff\xff\xff\xff"
   "\xff\xff\xff\xff\xff\xff\xff\xff\xff\xff"
   "\xff\xff\xff\xff\xff\xff\xff\xff\xff\xff"
   "\xff\xff\xff\xff\xff\xff\xff\xff\xff\xff"
   "\xff\xff\xff\xff\xff\xff\xff\xff\xff\xff"
   "\xff\xff\xff\xff\xff\xff\xff\xff\xff\xff"
   "\xff\xff\xff\xff\xff\xff\xff\xff\xff\xff"
   "\xff\xff\xff\xff\xff\xff\xff\xff\xff\xff"
   "\xff\xff\xff\xff\xff\xff\xff\xff\xff\xff"
   "\xff\xff\xff\xff\xff\xff\x89\x42\x20\x00"
   "\x00\x00\x00\x00\xb1\x9c\xf6\xc5\xf2\x9c"
   "\xf2\x9c\xd1\x94\xd1\x94\x33\xad\x74\xb5"
   "\x37\xce\x57\xce\x54\xad\x94\xad\x53\xa5"
   "\x12\xa5\x74\xad\xb5\xb5\xb5\xb5\xb5\xb5"
   "\xf6\xbd\x37\xc6\xb5\xb5\x57\xc6\x98\xd6"
   "\x57\xce\x37\xc6\xd9\xd6\xfa\xde\x78\xce"
   "\xf6\xbd\x94\xb5\xb5\xb5\x16\xc6\xd5\xbd"
   "\x16\xc6\x57\xce\x74\xad\x74\xad\x94\xb5"
   "\x53\xad\xf2\x9c\x12\xa5\x37\xc6\xd9\xde"
   "\xb5\xbd\x94\xb5\x94\xb5\xd5\xbd\xf6\xbd"
   "\x16\xc6\x16\xc6\x36\xc6\x57\xce\x47\x4a"
   "\x23\x21\x53\xad\x16\xc6\x74\xb5\x94\xb5"
   "\x94\xb5\xb5\xbd\x78\xde\x54\xb5\xb5\xbd"
   "\x16\xc6\x74\xad\xf6\xbd\x37\xc6\xb1\x94"
   "\xd2\xa4\xd6\xc5\xd6\xc5\xef\x83\x00\x00"
   "\x00\x00\xb1\x8c\xff\xff\xff\xff\xff\xff"
   "\xff\xff\xff\xff\xff\xff\xff\xff\xff\xff"
   "\xff\xff\xff\xff\xff\xff\xff\xff\xff\xff"
   "\xff\xff\xff\xff\xff\xff\xff\xff\xff\xff"
   "\xff\xff\xff\xff\xff\xff\xff\xff\xff\xff"
   "\xff\xff\xff\xff\xff\xff\xff\xff\xff\xff"
   "\xff\xff\xff\xff\xff\xff\xff\xff\xff\xff"
   "\xff\xff\xff\xff\xff\xff\xff\xff\xff\xff"
   "\xff\xff\xff\xff\xff\xff\xff\xff\xff\xff"
   "\xff\xff\xff\xff\xff\xff\xff\xff\xff\xff"
   "\xff\xff\xff\xff\xff\xff\xff\xff\xff\xff"
   "\xff\xff\xff\xff\xff\xff\xff\xff\xff\xff"
   "\xff\xff\xff\xff\xff\xff\xff\xff\xff\xff"
   "\xff\xff\xff\xff\xff\xff\xff\xff\xff\xff"
   "\xff\xff\xff\xff\xff\xff\xff\xff\xff\xff"
   "\xff\xff\xff\xff\xff\xff\xff\xff\xff\xff"
   "\xff\xff\xff\xff\x17\xb6\xc3\x08\x20\x00"
   "\x61\x00\x44\x21\xf7\xc5\x34\xb5\x71\x9c"
   "\xb1\x9c\xf2\x9c\xf1\x94\xd1\x94\x27\x4a"
   "\x64\x39\x70\x94\xd5\xb5\x53\xa5\xd1\x94"
   "\x70\x8c\xb1\x94\x94\xb5\xd5\xbd\xb5\xb5"
   "\x94\xb5\xb5\xb5\x16\xc6\x57\xc6\xb9\xd6"
   "\x98\xd6\x37\xc6\x57\xce\x77\xce\xf6\xbd"
   "\x16\xc6\x16\xc6\x32\xa5\x12\xa5\xf6\xbd"
   "\xf6\xbd\xb5\xb5\x36\xc6\xb5\xb5\x37\xc6"
   "\x53\xad\xf2\x9c\x74\xad\x37\xc6\x98\xd6"
   "\x53\xad\xb5\xbd\xf6\xbd\x16\xc6\xd5\xbd"
   "\xb5\xbd\xd5\xbd\xd5\xbd\xd5\xbd\x74\xb5"
   "\x2b\x6b\xd5\xbd\xf6\xbd\x94\xb5\xb5\xbd"
   "\xb5\xbd\xb5\xbd\x95\xc5\xf7\xd5\x96\xc5"
   "\xb6\xbd\x78\xce\xf2\x9c\xc6\x31\x00\x00"
   "\x53\xad\xd6\xbd\x95\xb5\xf2\xa4\x61\x10"
   "\x20\x00\x8d\x6b\xff\xff\xff\xff\xff\xff"
   "\xff\xff\xff\xff\xff\xff\xff\xff\xff\xff"
   "\xff\xff\xff\xff\xff\xff\xff\xff\xff\xff"
   "\xff\xff\xff\xff\xff\xff\xff\xff\xff\xff"
   "\xff\xff\xff\xff\xff\xff\xff\xff\xff\xff"
   "\xff\xff\xff\xff\xff\xff\xff\xff\xff\xff"
   "\xff\xff\xff\xff\xff\xff\xff\xff\xff\xff"
   "\xff\xff\xff\xff\xff\xff\xff\xff\xff\xff"
   "\xff\xff\xff\xff\xff\xff\xff\xff\xff\xff"
   "\xff\xff\xff\xff\xff\xff\xff\xff\xff\xff"
   "\xff\xff\xff\xff\xff\xff\xff\xff\xff\xff"
   "\xff\xff\xff\xff\xff\xff\xff\xff\xff\xff"
   "\xff\xff\xff\xff\xff\xff\xff\xff\xff\xff"
   "\xff\xff\xff\xff\xff\xff\xff\xff\xff\xff"
   "\xff\xff\xff\xff\xff\xff\xff\xff\xff\xff"
   "\xff\xff\xff\xff\xff\xff\xff\xff\xff\xff"
   "\xb6\xa5\xea\x42\x61\x00\x20\x00\x61\x00"
   "\x20\x00\x08\x3a\xf7\xbd\xd2\xa4\xb2\xa4"
   "\x71\x9c\xb1\x9c\x90\x94\x94\xb5\xed\x7b"
   "\xc1\x18\x00\x00\x64\x29\xad\x73\xf2\x9c"
   "\xf2\x9c\x12\xa5\x33\xa5\x94\xb5\x37\xc6"
   "\x78\xce\x37\xc6\x78\xce\x37\xc6\x58\xce"
   "\x78\xce\xf6\xbd\xd5\xbd\xd6\xbd\x95\xb5"
   "\x94\xb5\x16\xc6\x53\xad\xb1\x94\xb5\xb5"
   "\x37\xc6\x94\xb5\x94\xb5\xb5\xb5\xd9\xde"
   "\xf6\xbd\x94\xb5\x16\xc6\x16\xc6\x37\xc6"
   "\x16\xc6\x74\xad\xd5\xbd\xf6\xc5\xd5\xbd"
   "\xd5\xbd\xf6\xbd\xd5\xbd\x94\xb5\x16\xc6"
   "\x16\xc6\xf6\xbd\x32\xa5\x16\xc6\x98\xd6"
   "\xf6\xbd\x38\xce\xf8\xd5\xb8\xd5\x35\xbd"
   "\x92\x9c\xca\x5a\x60\x00\x43\x21\xf1\x94"
   "\xf5\xb5\xf6\xbd\xd5\xb5\x95\xb5\x03\x21"
   "\x00\x00\x89\x4a\xff\xff\xff\xff\xff\xff"
   "\xff\xff\xff\xff\xff\xff\xff\xff\xff\xff"
   "\xff\xff\xff\xff\xff\xff\xff\xff\xff\xff"
   "\xff\xff\xff\xff\xff\xff\xff\xff\xff\xff"
   "\xff\xff\xff\xff\xff\xff\xff\xff\xff\xff"
   "\xff\xff\xff\xff\xff\xff\xff\xff\xff\xff"
   "\xff\xff\xff\xff\xff\xff\xff\xff\xff\xff"
   "\xff\xff\xff\xff\xff\xff\xff\xff\xff\xff"
   "\xff\xff\xff\xff\xff\xff\xff\xff\xff\xff"
   "\xff\xff\xff\xff\xff\xff\xff\xff\xff\xff"
   "\xff\xff\xff\xff\xff\xff\xff\xff\xff\xff"
   "\xff\xff\xff\xff\xff\xff\xff\xff\xff\xff"
   "\xff\xff\xff\xff\xff\xff\xff\xff\xff\xff"
   "\xff\xff\xff\xff\xff\xff\xff\xff\xff\xff"
   "\xff\xff\xff\xff\xff\xff\xff\xff\xff\xff"
   "\xff\xff\x58\xc6\x91\x8c\x8a\x4a\xe3\x10"
   "\x40\x00\x40\x00\x20\x00\x00\x00\x21\x08"
   "\x61\x08\x4c\x63\x75\xad\xb2\x9c\xd2\xa4"
   "\x91\xa4\x70\x9c\xf2\xa4\xf6\xbd\x16\xbe"
   "\x73\xad\xcd\x73\x02\x21\x40\x08\xc6\x39"
   "\x2b\x63\x33\xa5\x57\xc6\x37\xc6\x37\xc6"
   "\x78\xce\xb9\xd6\xd9\xde\x78\xce\x78\xce"
   "\x57\xce\xf6\xbd\xd5\xb5\xd6\xbd\xf6\xbd"
   "\x37\xc6\xd5\xbd\xd5\xbd\x94\xb5\xb5\xbd"
   "\x57\xce\x16\xc6\xb5\xbd\xd5\xbd\x98\xd6"
   "\xf6\xbd\xd5\xbd\x57\xce\xf6\xbd\xb5\xb5"
   "\x16\xc6\xb5\xb5\xd5\xbd\xb5\xbd\x94\xb5"
   "\x94\xb5\xb5\xb5\xb5\xb5\x74\xad\x74\xad"
   "\xd9\xde\x77\xce\xd5\xbd\x32\xa5\x0e\x84"
   "\xea\x62\x0b\x6b\xa8\x49\xe5\x30\x46\x39"
   "\x45\x31\xa6\x31\xb1\x8c\xb8\xce\xb4\xad"
   "\xf5\xb5\xd5\xb5\x16\xc6\x16\xc6\x85\x31"
   "\x00\x00\xc6\x39\xff\xff\xff\xff\xff\xff"
   "\xff\xff\xff\xff\xff\xff\xff\xff\xff\xff"
   "\xff\xff\xff\xff\xff\xff\xff\xff\xff\xff"
   "\xff\xff\xff\xff\xff\xff\xff\xff\xff\xff"
   "\xff\xff\xff\xff\xff\xff\xff\xff\xff\xff"
   "\xff\xff\xff\xff\xff\xff\xff\xff\xff\xff"
   "\xff\xff\xff\xff\xff\xff\xff\xff\xff\xff"
   "\xff\xff\xff\xff\xff\xff\xff\xff\xff\xff"
   "\xff\xff\xff\xff\xff\xff\xff\xff\xff\xff"
   "\xff\xff\xff\xff\xff\xff\xff\xff\xff\xff"
   "\xff\xff\xff\xff\xff\xff\xff\xff\xff\xff"
   "\xff\xff\xff\xff\xff\xff\xff\xff\xff\xff"
   "\xff\xff\xff\xff\xff\xff\xff\xff\xff\xff"
   "\xff\xff\xff\xff\xff\xff\xff\xff\xff\xff"
   "\xff\xff\xff\xff\xff\xff\xd3\x9c\x8a\x52"
   "\xc3\x18\x41\x00\x20\x00\x20\x00\x20\x08"
   "\x00\x08\x00\x08\x00\x10\x00\x20\x00\x18"
   "\xa9\x62\x74\xad\x33\xa5\x6f\x8c\x70\x94"
   "\xd2\xa4\xd2\xac\xb1\x9c\xb5\xb5\x16\xbe"
   "\x94\xad\x36\xc6\x36\xc6\xb0\x94\x07\x42"
   "\x61\x10\x20\x00\x07\x42\x91\x94\x78\xce"
   "\x1b\xe7\x1b\xe7\x58\xce\xda\xde\xda\xde"
   "\x99\xd6\x78\xce\x78\xce\x58\xce\x57\xce"
   "\x57\xce\xd5\xbd\x16\xc6\xf6\xc5\x16\xc6"
   "\x37\xc6\x16\xc6\x98\xd6\x37\xce\xd5\xbd"
   "\xf6\xbd\xf6\xbd\xf6\xbd\xd5\xbd\xb5\xb5"
   "\xd5\xbd\xf6\xbd\xf6\xbd\xf6\xbd\xf6\xbd"
   "\x37\xc6\x57\xce\x16\xc6\xb5\xb5\x4f\x8c"
   "\xea\x5a\x43\x29\xc2\x18\x60\x10\xe2\x20"
   "\xa5\x39\xc6\x39\xec\x62\xcf\x7b\xf3\x9c"
   "\xd6\xb5\x37\xbe\x16\xb6\xf5\xb5\x56\xbe"
   "\xd4\xb5\x94\xad\xf6\xbd\x37\xc6\xa6\x41"
   "\x00\x08\x25\x31\xff\xff\xff\xff\xff\xff"
   "\xff\xff\xff\xff\xff\xff\xff\xff\xff\xff"
   "\xff\xff\xff\xff\xff\xff\xff\xff\xff\xff"
   "\xff\xff\xff\xff\xff\xff\xff\xff\xff\xff"
   "\xff\xff\xff\xff\xff\xff\xff\xff\xff\xff"
   "\xff\xff\xff\xff\xff\xff\xff\xff\xff\xff"
   "\xff\xff\xff\xff\xff\xff\xff\xff\xff\xff"
   "\xff\xff\xff\xff\xff\xff\xff\xff\xff\xff"
   "\xff\xff\xff\xff\xff\xff\xff\xff\xff\xff"
   "\xff\xff\xff\xff\xff\xff\xff\xff\xff\xff"
   "\xff\xff\xff\xff\xff\xff\xff\xff\xff\xff"
   "\xff\xff\xff\xff\xff\xff\xff\xff\xff\xff"
   "\xff\xff\xff\xff\xff\xff\xff\xff\xff\xff"
   "\xff\xff\xff\xff\xff\xff\xff\xff\xff\xff"
   "\x76\xb5\x4a\x52\x42\x10\x00\x00\x21\x00"
   "\x41\x00\x20\x00\x20\x00\x20\x08\x00\x10"
   "\x00\x20\x62\x40\xe4\x60\x29\x92\x00\x38"
   "\xa9\x72\x52\xad\xd0\x94\x11\x9d\xd1\xa4"
   "\x12\xad\xb5\xbd\x53\xb5\x12\xa5\x94\xb5"
   "\xd5\xbd\xb5\xb5\xf6\xbd\xf6\xbd\xf6\xbd"
   "\x54\xad\x0f\x84\xe6\x39\x20\x08\x81\x10"
   "\x48\x4a\x8d\x73\x53\xa5\x99\xd6\x1b\xdf"
   "\xd9\xd6\xfa\xde\xfa\xde\xb9\xd6\x98\xd6"
   "\xd2\x9c\x16\xc6\x16\xc6\x33\xad\xf6\xbd"
   "\x37\xc6\x74\xad\x37\xce\x37\xce\x94\xb5"
   "\x98\xd6\x78\xce\x74\xb5\xd5\xbd\x57\xce"
   "\x78\xd6\x37\xce\x16\xc6\xd5\xbd\x53\xad"
   "\x70\x94\x0b\x63\x64\x31\x20\x08\x40\x08"
   "\x68\x52\x4f\x8c\xf2\x9c\x74\xad\xd5\xbd"
   "\xf6\xbd\x17\xbe\x38\xbe\x38\xbe\xd6\xb5"
   "\xb5\xad\xd5\xad\xb4\xad\x73\xa5\x93\xad"
   "\x36\xc6\xb4\xb5\x94\xb5\x17\xc6\xa6\x39"
   "\x00\x08\xc3\x20\xff\xff\xff\xff\xff\xff"
   "\xff\xff\xff\xff\xff\xff\xff\xff\xff\xff"
   "\xff\xff\xff\xff\xff\xff\xff\xff\xff\xff"
   "\xff\xff\xff\xff\xff\xff\xff\xff\xff\xff"
   "\xff\xff\xff\xff\xff\xff\xff\xff\xff\xff"
   "\xff\xff\xff\xff\xff\xff\xff\xff\xff\xff"
   "\xff\xff\xff\xff\xff\xff\xff\xff\xff\xff"
   "\xff\xff\xff\xff\xff\xff\xff\xff\xff\xff"
   "\xff\xff\xff\xff\xff\xff\xff\xff\xff\xff"
   "\xff\xff\xff\xff\xff\xff\xff\xff\xff\xff"
   "\xff\xff\xff\xff\xff\xff\xff\xff\xff\xff"
   "\xff\xff\xff\xff\xff\xff\xff\xff\xff\xff"
   "\xff\xff\xff\xff\xff\xff\xff\xff\xff\xff"
   "\xff\xff\xff\xff\xff\xff\xf4\xa4\x26\x39"
   "\x00\x10\x01\x18\x01\x10\x01\x00\x00\x00"
   "\x20\x00\x40\x00\x23\x19\xe6\x49\x00\x28"
   "\x00\x48\x6a\xb2\xc9\xb1\x8b\xd2\x81\x70"
   "\x80\x38\x54\xce\x10\x95\x72\xa5\x73\xb5"
   "\xf5\xc5\xd5\xb5\x32\x9d\x73\xad\xf6\xc5"
   "\xb5\xc5\x74\xbd\xb5\xb5\xd5\xb5\xb5\xb5"
   "\x95\xb5\x17\xc6\xda\xde\x78\xce\xf2\x9c"
   "\x2b\x63\xc6\x39\xa2\x18\x03\x21\xa5\x31"
   "\xaa\x5a\x6c\x6b\xf2\x9c\xb5\xb5\xf6\xbd"
   "\x12\xa5\x37\xc6\xb9\xd6\x57\xce\x36\xc6"
   "\x37\xce\x57\xce\x37\xce\xf6\xbd\x33\xad"
   "\x16\xc6\xf6\xbd\xd1\x9c\xb1\x94\x0e\x84"
   "\x68\x52\xe6\x41\x03\x21\x40\x08\x20\x08"
   "\x20\x08\x00\x00\x06\x42\xee\x83\xb5\xb5"
   "\x37\xc6\xb9\xd6\x16\xc6\xf6\xbd\xf6\xbd"
   "\x33\xa5\x74\xad\xd5\xad\x73\x9d\xd5\xad"
   "\x94\xa5\x15\xb6\xb4\xb5\x93\xad\x73\xad"
   "\xd5\xbd\x94\xb5\xb5\xb5\x37\xc6\x86\x31"
   "\x41\x08\x62\x08\xff\xff\xff\xff\xff\xff"
   "\xff\xff\xff\xff\xff\xff\xff\xff\xff\xff"
   "\xff\xff\xff\xff\xff\xff\xff\xff\xff\xff"
   "\xff\xff\xff\xff\xff\xff\xff\xff\xff\xff"
   "\xff\xff\xff\xff\xff\xff\xff\xff\xff\xff"
   "\xff\xff\xff\xff\xff\xff\xff\xff\xff\xff"
   "\xff\xff\xff\xff\xff\xff\xff\xff\xff\xff"
   "\xff\xff\xff\xff\xff\xff\xff\xff\xff\xff"
   "\xff\xff\xff\xff\xff\xff\xff\xff\xff\xff"
   "\xff\xff\xff\xff\xff\xff\xff\xff\xff\xff"
   "\xff\xff\xff\xff\xff\xff\xff\xff\xff\xff"
   "\xff\xff\xff\xff\xff\xff\xff\xff\xff\xff"
   "\xff\xff\xff\xff\xff\xff\xff\xff\xff\xff"
   "\xff\xff\xf7\xbd\xc7\x39\x00\x00\x21\x10"
   "\x01\x10\x01\x10\x01\x10\x01\x08\x29\x42"
   "\xb2\x84\x78\xb6\x9c\xe7\xfe\xff\x07\x6a"
   "\x00\x38\x09\xaa\x4a\xca\x29\xda\xc6\xb1"
   "\x00\x28\xa9\x7b\x95\xce\xef\x94\x72\xad"
   "\xb4\xb5\x36\xbe\xb4\xad\x94\xb5\xb5\xbd"
   "\x54\xc5\x54\xbd\xd5\xb5\xd5\xad\xf6\xbd"
   "\x74\xad\x74\xad\x37\xc6\x99\xd6\xb9\xd6"
   "\xda\xde\xfa\xde\x17\xc6\x74\xad\x0f\x84"
   "\x0b\x63\xa6\x39\xa5\x31\x85\x31\x84\x31"
   "\xa5\x31\x64\x31\xc6\x39\xa9\x5a\x0a\x63"
   "\xc9\x5a\x89\x52\xa9\x52\x47\x4a\x64\x31"
   "\x84\x31\x23\x29\x40\x08\x40\x08\x80\x10"
   "\x81\x10\xe2\x20\xe6\x39\x88\x52\xee\x7b"
   "\xf2\x9c\x94\xb5\x16\xc6\xb5\xbd\xd5\xbd"
   "\x53\xad\xd5\xbd\x16\xc6\x94\xb5\x94\xb5"
   "\x94\xb5\x94\xb5\xf5\xb5\xb4\xa5\xf5\xb5"
   "\x94\xad\x15\xbe\xd5\xbd\x73\xb5\x53\xad"
   "\x74\xb5\x16\xbe\x33\xa5\x95\xad\xa6\x29"
   "\x20\x00\x21\x00\xff\xff\xff\xff\xff\xff"
   "\xff\xff\xff\xff\xff\xff\xff\xff\xff\xff"
   "\xff\xff\xff\xff\xff\xff\xff\xff\xff\xff"
   "\xff\xff\xff\xff\xff\xff\xff\xff\xff\xff"
   "\xff\xff\xff\xff\xff\xff\xff\xff\xff\xff"
   "\xff\xff\xff\xff\xff\xff\xff\xff\xff\xff"
   "\xff\xff\xff\xff\xff\xff\xff\xff\xff\xff"
   "\xff\xff\xff\xff\xff\xff\xff\xff\xff\xff"
   "\xff\xff\xff\xff\xff\xff\xff\xff\xff\xff"
   "\xff\xff\xff\xff\xff\xff\xff\xff\xff\xff"
   "\xff\xff\xff\xff\xff\xff\xff\xff\xff\xff"
   "\xff\xff\xff\xff\xff\xff\xff\xff\xff\xff"
   "\xff\xff\xff\xff\xff\xff\xff\xff\xff\xff"
   "\xae\x73\x61\x08\x20\x00\x60\x00\x00\x00"
   "\x00\x08\xe4\x30\x6f\x83\x9b\xde\xbf\xf7"
   "\xff\xef\xff\xef\xfe\xf7\x9c\xef\x9c\xff"
   "\x81\x48\x00\x48\x49\xb2\x48\xd2\xea\xda"
   "\xc0\x60\xe0\x38\x91\xb5\x50\x9d\x10\x9d"
   "\x93\xad\xf1\x94\x32\x9d\x74\xb5\x95\xbd"
   "\x54\xbd\x95\xc5\xf6\xbd\xd5\xb5\x37\xc6"
   "\x16\xc6\xf6\xbd\x17\xc6\x57\xce\x98\xd6"
   "\xb9\xd6\xb9\xd6\x78\xce\x98\xd6\xb9\xd6"
   "\xda\xde\x37\xc6\xf6\xbd\x53\xa5\xd1\x9c"
   "\xb1\x94\x90\x94\x70\x94\xee\x83\x4b\x6b"
   "\x6c\x6b\x8c\x73\x2b\x6b\xc9\x5a\x6c\x73"
   "\x0e\x84\xcd\x7b\x0e\x84\xf2\xa4\x33\xa5"
   "\x53\xad\x16\xc6\x57\xce\xd5\xbd\x16\xc6"
   "\xb5\xb5\x16\xc6\x16\xc6\x16\xc6\xf6\xbd"
   "\x94\xb5\x74\xb5\xd5\xbd\xb5\xbd\x94\xb5"
   "\xd5\xbd\xb5\xb5\xf5\xbd\xb4\xb5\xb4\xbd"
   "\x53\xb5\xb4\xc5\xd5\xc5\x74\xbd\x33\xad"
   "\xb5\xbd\xf6\xbd\x37\xbe\xf2\x94\xc2\x10"
   "\x40\x00\x20\x00\xff\xff\xff\xff\xff\xff"
   "\xff\xff\xff\xff\xff\xff\xff\xff\xff\xff"
   "\xff\xff\xff\xff\xff\xff\xff\xff\xff\xff"
   "\xff\xff\xff\xff\xff\xff\xff\xff\xff\xff"
   "\xff\xff\xff\xff\xff\xff\xff\xff\xff\xff"
   "\xff\xff\xff\xff\xff\xff\xff\xff\xff\xff"
   "\xff\xff\xff\xff\xff\xff\xff\xff\xff\xff"
   "\xff\xff\xff\xff\xff\xff\xff\xff\xff\xff"
   "\xff\xff\xff\xff\xff\xff\xff\xff\xff\xff"
   "\xff\xff\xff\xff\xff\xff\xff\xff\xff\xff"
   "\xff\xff\xff\xff\xff\xff\xff\xff\xff\xff"
   "\xff\xff\xff\xff\xff\xff\xff\xff\xff\xff"
   "\xff\xff\xff\xff\xff\xff\xff\xff\x0c\x63"
   "\x00\x00\x00\x00\x60\x00\x40\x00\xa1\x10"
   "\x70\x94\xbe\xff\xdf\xff\xbf\xff\xff\xff"
   "\xff\xf7\xde\xef\xfe\xf7\xfe\xf7\xbc\xff"
   "\x3a\xff\x60\x30\xc2\x58\xa9\xc2\x2b\xd3"
   "\x05\x92\x00\x30\xc7\x6a\x92\xb5\xb3\xad"
   "\xb3\xad\x94\xad\xb5\xb5\xb5\xbd\x74\xb5"
   "\x13\xad\x33\xad\x94\xb5\xb5\xbd\x94\xb5"
   "\x16\xbe\xf6\xbd\x94\xb5\xf6\xbd\xb9\xd6"
   "\xb9\xd6\x58\xce\x16\xc6\xd6\xbd\x94\xb5"
   "\xd5\xb5\x74\xad\xb5\xb5\x95\xb5\x74\xad"
   "\x32\xa5\xf6\xc5\xd9\xde\x77\xce\xb5\xb5"
   "\x77\xce\xd9\xde\xf6\xbd\x33\xa5\xf6\xbd"
   "\xb5\xb5\xd1\x9c\x74\xad\x16\xc6\xb5\xb5"
   "\xf6\xbd\x53\xad\xd5\xbd\xd5\xbd\x16\xc6"
   "\xb5\xb5\xb5\xb5\x94\xb5\xb5\xbd\x53\xad"
   "\x98\xd6\x94\xb5\x53\xad\x16\xc6\x94\xb5"
   "\x74\xad\xd5\xbd\xd5\xbd\xb4\xbd\xb4\xc5"
   "\x33\xb5\x54\xbd\xb5\xc5\x94\xbd\x53\xb5"
   "\xd5\xbd\xd5\xb5\x94\xad\xad\x6b\x20\x00"
   "\x00\x00\x40\x08\x89\x52\x75\xb5\xff\xff"
   "\xff\xff\xff\xff\xff\xff\xff\xff\xff\xff"
   "\xff\xff\xff\xff\xff\xff\xff\xff\xff\xff"
   "\xff\xff\xff\xff\xff\xff\xff\xff\xff\xff"
   "\xff\xff\xff\xff\xff\xff\xff\xff\xff\xff"
   "\xff\xff\xff\xff\xff\xff\xff\xff\xff\xff"
   "\xff\xff\xff\xff\xff\xff\xff\xff\xff\xff"
   "\xff\xff\xff\xff\xff\xff\xff\xff\xff\xff"
   "\xff\xff\xff\xff\xff\xff\xff\xff\xff\xff"
   "\xff\xff\xff\xff\xff\xff\xff\xff\xff\xff"
   "\xff\xff\xff\xff\xff\xff\xff\xff\xff\xff"
   "\xff\xff\xff\xff\xff\xff\xff\xff\xff\xff"
   "\xff\xff\xff\xff\xff\xff\x14\xa5\x00\x00"
   "\x00\x00\x81\x10\x60\x08\x20\x08\x00\x08"
   "\xf1\xa4\xde\xff\x1b\xef\xde\xff\x7d\xef"
   "\xde\xf7\xff\xf7\xdd\xe7\xfe\xef\xfe\xf7"
   "\xfd\xff\x77\xce\xe1\x28\xa0\x50\xc9\xaa"
   "\x0b\xb3\x02\x61\x00\x20\x09\x6b\xd4\xad"
   "\x93\xa5\x74\xad\x54\xb5\x54\xb5\x74\xb5"
   "\xb4\xb5\x94\xad\x74\xb5\xb5\xc5\x16\xc6"
   "\x57\xce\xf6\xbd\xb5\xb5\x16\xbe\x57\xce"
   "\x16\xc6\xf6\xbd\x37\xc6\xf6\xbd\xb5\xb5"
   "\x16\xc6\xb5\xb5\xd5\xbd\x53\xa5\xd1\x9c"
   "\xb5\xb5\xf2\x9c\x12\xa5\x74\xad\x53\xad"
   "\xd5\xbd\x57\xce\x37\xc6\xf6\xc5\xd5\xbd"
   "\x53\xad\x32\xa5\xb5\xbd\x94\xb5\x33\xa5"
   "\x77\xce\xf6\xbd\xf6\xbd\xf6\xbd\x33\xad"
   "\xb5\xb5\x37\xc6\x36\xc6\x74\xb5\x90\x94"
   "\xf6\xc5\x53\xad\x33\xad\xd5\xbd\x53\xad"
   "\x53\xad\xd5\xbd\xb5\xbd\xd5\xc5\xf6\xcd"
   "\x95\xc5\x74\xbd\xd6\xc5\x95\xbd\x74\xb5"
   "\xd5\xb5\xd5\xb5\x36\xc6\x27\x4a\x00\x08"
   "\x00\x18\x00\x18\x00\x18\x00\x10\xa3\x20"
   "\xc7\x49\x30\x8c\xff\xff\xff\xff\xff\xff"
   "\xff\xff\xff\xff\xff\xff\xff\xff\xff\xff"
   "\xff\xff\xff\xff\xff\xff\xff\xff\xff\xff"
   "\xff\xff\xff\xff\xff\xff\xff\xff\xff\xff"
   "\xff\xff\xff\xff\xff\xff\xff\xff\xff\xff"
   "\xff\xff\xff\xff\xff\xff\xff\xff\xff\xff"
   "\xff\xff\xff\xff\xff\xff\xff\xff\xff\xff"
   "\xff\xff\xff\xff\xff\xff\xff\xff\xff\xff"
   "\xff\xff\xff\xff\xff\xff\xff\xff\xff\xff"
   "\xff\xff\xff\xff\xff\xff\xff\xff\xff\xff"
   "\xff\xff\xff\xff\xff\xff\xff\xff\xff\xff"
   "\xff\xff\xff\xff\xff\xff\x49\x4a\x00\x00"
   "\x62\x10\x00\x08\x46\x72\xe4\x69\xa0\x40"
   "\x00\x18\x8c\x83\xfd\xff\xfe\xff\xff\xff"
   "\xff\xf7\xff\xff\xff\xf7\xfe\xf7\xff\xf7"
   "\xdd\xe7\xfe\xf7\x3a\xe7\x01\x39\x40\x38"
   "\xe7\x81\x2c\xab\x24\x51\x20\x20\xea\x5a"
   "\xd6\xb5\x95\xb5\x75\xb5\x54\xad\x95\xb5"
   "\x36\xbe\xf5\xbd\x94\xbd\xb4\xc5\x94\xb5"
   "\x94\xb5\x74\xad\xf6\xbd\x98\xce\x16\xc6"
   "\xb5\xb5\xf6\xbd\x98\xd6\x16\xc6\xb5\xb5"
   "\xf6\xbd\xb5\xb5\xd5\xbd\x94\xb5\x53\xa5"
   "\xb5\xb5\xd1\x9c\x12\xa5\xf6\xbd\x37\xce"
   "\x16\xc6\xf6\xbd\xd5\xbd\xb5\xb5\xd5\xbd"
   "\xf6\xbd\xd5\xbd\x16\xc6\xb5\xb5\x53\xad"
   "\x37\xce\x74\xb5\x12\xa5\x33\xad\xd1\x9c"
   "\xb5\xbd\xf6\xbd\xb5\xb5\x12\xa5\x12\xa5"
   "\x12\xa5\x74\xad\x16\xc6\xb5\xb5\x33\xa5"
   "\x94\xb5\xd5\xbd\x74\xbd\xb5\xc5\xf6\xcd"
   "\xd6\xc5\x75\xbd\xd6\xbd\x54\xad\x74\xad"
   "\x74\xa5\xd5\xb5\x2f\x8c\x20\x18\x00\x28"
   "\x40\x38\x00\x40\x00\x38\x00\x18\x00\x08"
   "\x21\x10\x00\x08\x00\x08\x45\x31\xcf\x7b"
   "\xff\xff\xff\xff\xff\xff\xff\xff\xff\xff"
   "\xff\xff\xff\xff\xff\xff\xff\xff\xff\xff"
   "\xff\xff\xff\xff\xff\xff\xff\xff\xff\xff"
   "\xff\xff\xff\xff\xff\xff\xff\xff\xff\xff"
   "\xff\xff\xff\xff\xff\xff\xff\xff\xff\xff"
   "\xff\xff\xff\xff\xff\xff\xff\xff\xff\xff"
   "\xff\xff\xff\xff\xff\xff\xff\xff\xff\xff"
   "\xff\xff\xff\xff\xff\xff\xff\xff\xff\xff"
   "\xff\xff\xff\xff\xff\xff\xff\xff\xff\xff"
   "\xff\xff\xff\xff\xff\xff\xff\xff\xff\xff"
   "\xff\xff\xff\xff\xff\xff\x86\x31\x00\x00"
   "\x00\x00\x24\x49\xce\xe3\x68\xca\x2a\xcb"
   "\xc5\x81\x00\x20\xa9\x62\x1a\xdf\xfe\xf7"
   "\xff\xf7\xbe\xf7\x9e\xf7\xdf\xff\xff\xff"
   "\xff\xff\xff\xff\x9c\xef\xd8\xde\x43\x41"
   "\x00\x28\x29\x82\x26\x61\x00\x20\x00\x10"
   "\x86\x39\x54\xad\x17\xbe\x17\xbe\xb5\xb5"
   "\xb4\xb5\x93\xb5\x73\xb5\xb4\xc5\x36\xc6"
   "\x36\xc6\xb5\xb5\xb5\xb5\x16\xc6\xd5\xb5"
   "\x94\xb5\x36\xc6\x77\xce\x16\xbe\xb5\xb5"
   "\x16\xbe\xb5\xb5\xf6\xbd\xd5\xbd\xd5\xb5"
   "\x77\xce\x57\xce\x16\xc6\xb5\xbd\x94\xb5"
   "\xd5\xbd\xf6\xbd\xf6\xc5\x94\xb5\xd5\xbd"
   "\x16\xc6\x94\xb5\x94\xb5\x37\xc6\x57\xce"
   "\x78\xce\x94\xb5\xd1\x9c\xd1\x9c\xd1\x9c"
   "\x53\xad\xf6\xbd\x16\xc6\x77\xce\xb5\xbd"
   "\x12\xa5\xb5\xb5\x37\xc6\xf6\xbd\xb5\xb5"
   "\xb5\xbd\xd5\xbd\x95\xbd\xb5\xbd\xb6\xbd"
   "\xd6\xbd\x75\xad\xd6\xb5\x74\xa5\xb5\xad"
   "\xd6\xb5\x53\xa5\x60\x20\x00\x20\x27\x8a"
   "\x06\x9a\xea\xca\x27\xa2\xcb\x82\x00\x10"
   "\x21\x18\x41\x18\x00\x08\x00\x08\x00\x00"
   "\x00\x00\xcb\x5a\xff\xff\xff\xff\xff\xff"
   "\xff\xff\xff\xff\xff\xff\xff\xff\xff\xff"
   "\xff\xff\xff\xff\xff\xff\xff\xff\xff\xff"
   "\xff\xff\xff\xff\xff\xff\xff\xff\xff\xff"
   "\xff\xff\xff\xff\xff\xff\xff\xff\xff\xff"
   "\xff\xff\xff\xff\xff\xff\xff\xff\xff\xff"
   "\xff\xff\xff\xff\xff\xff\xff\xff\xff\xff"
   "\xff\xff\xff\xff\xff\xff\xff\xff\xff\xff"
   "\xff\xff\xff\xff\xff\xff\xff\xff\xff\xff"
   "\xff\xff\xff\xff\xff\xff\xff\xff\xff\xff"
   "\xff\xff\xff\xff\xff\xff\xc7\x39\x21\x08"
   "\x00\x00\xc3\x40\x4c\xe3\xe9\xf2\xc9\xda"
   "\xac\xdb\x0a\xab\x00\x30\xe2\x30\x78\xd6"
   "\xde\xff\xff\xff\xff\xff\xff\xff\xbf\xff"
   "\xdf\xff\x5d\xef\xff\xff\xfe\xff\x19\xef"
   "\xa2\x40\x00\x28\x00\x28\x52\xb4\x7e\xff"
   "\x86\x39\x20\x00\xeb\x52\x33\x9d\xd6\xbd"
   "\x16\xc6\xf5\xc5\xf5\xc5\x56\xce\x93\xad"
   "\x56\xc6\x15\xbe\x73\xad\xd5\xb5\x16\xbe"
   "\xd5\xb5\xf6\xbd\x98\xd6\x16\xc6\xb5\xb5"
   "\xd5\xb5\x53\xad\xb4\xb5\xd5\xbd\x16\xc6"
   "\xd5\xbd\x16\xc6\xf6\xc5\xd5\xb5\xf6\xbd"
   "\x37\xc6\x58\xce\x78\xce\x78\xce\xd6\xb5"
   "\x16\xbe\xf6\xbd\xb5\xbd\xf6\xc5\xb6\xbd"
   "\x75\xb5\x94\xb5\x74\xb5\x33\xad\x91\x9c"
   "\xd1\x9c\x78\xce\x16\xc6\xd5\xbd\x94\xb5"
   "\x74\xb5\x94\xb5\x74\xad\x16\xbe\x57\xce"
   "\x94\xb5\xd5\xbd\xf6\xc5\xb5\xbd\x74\xad"
   "\x95\xb5\x54\xa5\xf6\xb5\xb6\xad\x38\xbe"
   "\x70\x84\xc2\x18\x20\x10\x00\x18\x44\x69"
   "\x2b\xc3\x65\xa1\xce\xe3\x0c\x93\x01\x10"
   "\x2c\x73\x34\xad\x89\x5a\xc2\x18\x00\x00"
   "\x20\x00\x00\x00\x45\x21\xff\xff\xff\xff"
   "\xff\xff\xff\xff\xff\xff\xff\xff\xff\xff"
   "\xff\xff\xff\xff\xff\xff\xff\xff\xff\xff"
   "\xff\xff\xff\xff\xff\xff\xff\xff\xff\xff"
   "\xff\xff\xff\xff\xff\xff\xff\xff\xff\xff"
   "\xff\xff\xff\xff\xff\xff\xff\xff\xff\xff"
   "\xff\xff\xff\xff\xff\xff\xff\xff\xff\xff"
   "\xff\xff\xff\xff\xff\xff\xff\xff\xff\xff"
   "\xff\xff\xff\xff\xff\xff\xff\xff\xff\xff"
   "\xff\xff\xff\xff\xff\xff\xff\xff\xff\xff"
   "\xff\xff\xff\xff\xff\xff\x8e\x73\x00\x00"
   "\x41\x08\x60\x28\xcb\xc3\xeb\xeb\xe9\xda"
   "\x67\xd2\xca\xda\xce\xeb\xe2\x68\x00\x28"
   "\xd0\xa4\xfd\xff\xbc\xef\xfe\xf7\xff\xff"
   "\xbe\xf7\xdf\xf7\xde\xff\x9d\xff\x74\xc5"
   "\x20\x30\x00\x30\x00\x28\x24\x49\x1b\xef"
   "\xde\xf7\x75\xa5\xa6\x29\x00\x00\xc7\x41"
   "\x30\x8c\xd6\xc5\xb8\xd6\x35\xbe\xb3\xad"
   "\x34\xbe\x72\xa5\xf4\xb5\xb3\xad\x36\xbe"
   "\xb5\xb5\xd5\xb5\x78\xce\x37\xc6\xd6\xbd"
   "\xd5\xbd\xd5\xb5\x73\xad\xb4\xb5\x77\xce"
   "\xd4\xbd\x36\xce\x57\xc6\x74\xad\x79\xc6"
   "\x96\xad\x97\xb5\x18\xc6\x55\xa5\xf6\xb5"
   "\x37\xbe\x37\xc6\x96\xc5\x55\xbd\x15\xad"
   "\x72\x94\xd6\xc5\x96\xc5\xb2\xac\xb6\xcd"
   "\x17\xce\x16\xbe\x16\xbe\x94\xad\x33\xad"
   "\x94\xb5\x16\xc6\x37\xc6\xd5\xad\x94\xad"
   "\x74\xb5\x54\xb5\x33\xb5\x54\xb5\x94\xad"
   "\xf6\xb5\xb5\xb5\x79\xd6\xd3\xa4\x29\x52"
   "\x82\x10\x70\x84\x7b\xdf\x4b\x63\x00\x10"
   "\xe3\x58\x8a\xb2\x8b\xaa\x01\x20\x8b\x52"
   "\xdf\xff\xdd\xff\xbc\xf7\x9b\xe7\x4e\x74"
   "\xa1\x00\x40\x00\x20\x00\xe7\x31\xff\xff"
   "\xff\xff\xff\xff\xff\xff\xff\xff\xff\xff"
   "\xff\xff\xff\xff\xff\xff\xff\xff\xff\xff"
   "\xff\xff\xff\xff\xff\xff\xff\xff\xff\xff"
   "\xff\xff\xff\xff\xff\xff\xff\xff\xff\xff"
   "\xff\xff\xff\xff\xff\xff\xff\xff\xff\xff"
   "\xff\xff\xff\xff\xff\xff\xff\xff\xff\xff"
   "\xff\xff\xff\xff\xff\xff\xff\xff\xff\xff"
   "\xff\xff\xff\xff\xff\xff\xff\xff\xff\xff"
   "\xff\xff\xff\xff\xff\xff\xff\xff\xff\xff"
   "\xff\xff\xff\xff\xff\xff\xff\xff\x41\x08"
   "\x00\x00\x00\x08\xe0\x48\x44\x92\x49\xcb"
   "\x0a\xdb\x89\xda\xa9\xda\xac\xdb\x46\x92"
   "\x00\x20\x4a\x7b\x9b\xf7\xfd\xf7\xbd\xef"
   "\xff\xf7\xff\xff\xbe\xff\x91\xb4\x00\x28"
   "\xe2\x60\x8d\xbb\x28\x8a\x00\x30\x81\x30"
   "\x58\xd6\xff\xff\xff\xff\x59\xce\x0c\x63"
   "\x25\x31\xe3\x20\xc5\x31\x4f\x84\x73\xad"
   "\x15\xbe\x36\xc6\x97\xce\x56\xc6\xb4\xb5"
   "\x94\xad\x16\xc6\x37\xc6\xf6\xc5\xd6\xc5"
   "\x37\xce\x57\xce\x16\xc6\x16\xc6\xb7\xd6"
   "\x97\xd6\xf4\xc5\xf5\xbd\x57\xc6\xd2\x94"
   "\xd3\x9c\x56\xb5\x38\xc6\x78\xc6\x16\xae"
   "\xd5\xad\xf6\xbd\xb6\xc5\x55\xbd\x96\xbd"
   "\x38\xce\xda\xde\x58\xd6\x34\xbd\xd7\xcd"
   "\xb6\xbd\x16\xbe\x37\xbe\x53\xa5\x54\xad"
   "\x74\xb5\xb5\xb5\xd5\xb5\xb4\xa5\xd5\xad"
   "\x94\xb5\x12\xad\x98\xde\x53\xad\x32\x9d"
   "\x53\xa5\x89\x4a\x03\x21\xc3\x28\xaa\x5a"
   "\x3c\xe7\xff\xf7\xdd\xe7\xfe\xf7\x91\x9c"
   "\x00\x18\x66\x71\x00\x30\x46\x39\x9f\xf7"
   "\xbe\xf7\xde\xff\xfe\xff\xfe\xff\xfd\xef"
   "\x36\xb6\x03\x11\x20\x00\x62\x10\x92\x94"
   "\xff\xff\xff\xff\xff\xff\xff\xff\xff\xff"
   "\xff\xff\xff\xff\xff\xff\xff\xff\xff\xff"
   "\xff\xff\xff\xff\xff\xff\xff\xff\xff\xff"
   "\xff\xff\xff\xff\xff\xff\xff\xff\xff\xff"
   "\xff\xff\xff\xff\xff\xff\xff\xff\xff\xff"
   "\xff\xff\xff\xff\xff\xff\xff\xff\xff\xff"
   "\xff\xff\xff\xff\xff\xff\xff\xff\xff\xff"
   "\xff\xff\xff\xff\xff\xff\xff\xff\xff\xff"
   "\xff\xff\xff\xff\xff\xff\xff\xff\xff\xff"
   "\xff\xff\xff\xff\xff\xff\xff\xff\x17\xbe"
   "\x00\x00\x00\x08\x60\x20\x00\x20\x60\x40"
   "\x46\x92\x6b\xcb\xcd\xe3\xe9\xca\xac\xdb"
   "\x6b\xc3\x40\x48\x01\x41\xb5\xcd\xde\xff"
   "\x9e\xf7\x7e\xf7\x91\xa4\x00\x28\x04\x9a"
   "\xa7\xc2\x26\xc2\x0b\xe3\xaa\xca\x82\x68"
   "\x00\x28\xce\x93\x7c\xef\xff\xff\xff\xf7"
   "\xde\xf7\x38\xc6\x2f\x84\x28\x42\x05\x31"
   "\x66\x41\xec\x6a\xd2\xa4\xf7\xc5\x17\xc6"
   "\x37\xce\x57\xce\xd5\xc5\xb5\xc5\x94\xbd"
   "\xb5\xbd\xb5\xbd\x74\xb5\xb5\xbd\x57\xce"
   "\x57\xce\x32\xa5\x53\xa5\xd9\xde\x34\xb5"
   "\x95\xcd\x74\xc5\x11\xad\x54\xc6\x70\x9d"
   "\x70\x9d\xd2\xad\x55\xce\xf5\xc5\xf2\xa4"
   "\x74\xad\xf5\xb5\xb3\xad\x94\xad\x57\xc6"
   "\xd5\xb5\xb5\xad\x16\xb6\xf6\xbd\xb6\xbd"
   "\xf7\xc5\x57\xc6\x77\xbe\x56\xb6\x56\xb6"
   "\xd4\xb5\x11\x9d\xac\x6b\x68\x42\x02\x19"
   "\xe3\x18\x85\x29\x50\x7c\x9d\xdf\xfe\xef"
   "\xdd\xef\xde\xf7\xfe\xff\xbd\xf7\x7c\xf7"
   "\x6c\x7b\x00\x18\xa3\x30\xdb\xde\xff\xf7"
   "\xdf\xff\xdf\xff\xdf\xff\xff\xff\x9c\xef"
   "\xfe\xff\x07\x42\x41\x10\x00\x10\xe5\x38"
   "\xff\xff\xff\xff\xff\xff\xff\xff\xff\xff"
   "\xff\xff\xff\xff\xff\xff\xff\xff\xff\xff"
   "\xff\xff\xff\xff\xff\xff\xff\xff\xff\xff"
   "\xff\xff\xff\xff\xff\xff\xff\xff\xff\xff"
   "\xff\xff\xff\xff\xff\xff\xff\xff\xff\xff"
   "\xff\xff\xff\xff\xff\xff\xff\xff\xff\xff"
   "\xff\xff\xff\xff\xff\xff\xff\xff\xff\xff"
   "\xff\xff\xff\xff\xff\xff\xff\xff\xff\xff"
   "\xff\xff\xff\xff\xff\xff\xff\xff\xff\xff"
   "\xff\xff\xff\xff\xff\xff\xff\xff\xff\xff"
   "\x38\xc6\xc6\x39\x00\x00\x00\x08\x20\x10"
   "\x00\x18\x60\x40\x6a\xbb\x8b\xdb\xac\xeb"
   "\xac\xe3\xac\xdb\xe5\x81\x00\x28\xa6\x49"
   "\xb2\x9c\xab\x62\x00\x20\xe3\x81\xe6\xc2"
   "\x86\xd2\xc4\xd1\xa4\xd9\x27\xda\x88\xca"
   "\xe6\x99\x20\x40\xa1\x38\x74\xbd\xfe\xff"
   "\xbd\xf7\xff\xff\xff\xff\xde\xff\xbf\xff"
   "\x4b\x6a\x00\x18\x01\x20\x62\x30\x25\x51"
   "\xa9\x7a\xad\x9b\xb0\xb4\x53\xc5\xf5\xcd"
   "\x57\xd6\x37\xce\x95\xbd\x75\xb5\xd6\xbd"
   "\x37\xc6\x16\xbe\x16\xbe\x16\xc6\x74\xbd"
   "\xb5\xcd\xb5\xcd\x52\xbd\xae\x94\xee\x8c"
   "\x6f\x9d\x2f\x9d\x92\xb5\xd4\xbd\xd1\x9c"
   "\x74\xad\x56\xc6\xf8\xce\x5a\xd7\x77\xbe"
   "\x97\xbe\xd9\xce\xb9\xde\xf7\xcd\x95\xc5"
   "\x74\xc5\x33\xb5\x8f\x9c\x29\x73\x05\x52"
   "\x01\x41\x40\x28\xa0\x30\xc1\x30\x00\x10"
   "\xd2\xa4\xbe\xf7\xdf\xf7\xde\xe7\xff\xf7"
   "\xff\xf7\xfe\xff\x9d\xff\x5b\xff\x0f\xa4"
   "\xa1\x38\xc2\x40\x40\x20\x95\xbd\xde\xf7"
   "\xff\xff\x9f\xf7\xff\xff\xbe\xff\xbd\xff"
   "\x16\xce\x00\x10\x41\x20\x00\x18\x01\x18"
   "\x57\xbd\xff\xff\xff\xff\xff\xff\xff\xff"
   "\xff\xff\xff\xff\xff\xff\xff\xff\xff\xff"
   "\xff\xff\xff\xff\xff\xff\xff\xff\xff\xff"
   "\xff\xff\xff\xff\xff\xff\xff\xff\xff\xff"
   "\xff\xff\xff\xff\xff\xff\xff\xff\xff\xff"
   "\xff\xff\xff\xff\xff\xff\xff\xff\xff\xff"
   "\xff\xff\xff\xff\xff\xff\xff\xff\xff\xff"
   "\xff\xff\xff\xff\xff\xff\xff\xff\xff\xff"
   "\xff\xff\xff\xff\xff\xff\xff\xff\xff\xff"
   "\xff\xff\xff\xff\xff\xff\xff\xff\xff\xff"
   "\xff\xff\xff\xff\x72\x8c\xc4\x10\x81\x00"
   "\x40\x00\x00\x08\x00\x30\x6a\xcb\xe9\xda"
   "\x4b\xf3\x0a\xdb\x4f\xe4\x2e\xbc\xe2\x38"
   "\x00\x08\x01\x10\xa7\x59\x6b\xbb\x49\xdb"
   "\x49\xf3\x04\xe2\x21\xd1\x45\xf2\xc7\xfa"
   "\xa7\xe2\xe8\xd2\x05\x9a\x00\x40\x03\x59"
   "\xb2\xb4\xba\xe6\xff\xff\xff\xff\xdf\xff"
   "\x26\x41\x00\x20\xed\xa2\x6a\xaa\x46\x91"
   "\x21\x68\x00\x58\x40\x48\x22\x51\x26\x5a"
   "\x0a\x6b\xad\x7b\xcf\x83\xf1\x8b\x93\x9c"
   "\xf7\xbd\xb5\xad\x54\x9d\x95\xa5\x99\xd6"
   "\xfb\xee\x37\xd6\xf1\xa4\x93\xad\xb3\xad"
   "\xf4\xb5\x73\xad\x37\xd6\xba\xee\x55\xb5"
   "\x55\xb5\x37\xc6\xd1\x94\xcc\x63\xc4\x21"
   "\x46\x3a\x26\x42\xc5\x51\xc6\x61\x02\x51"
   "\x60\x48\x40\x40\x60\x48\x40\x58\x80\x70"
   "\x43\x99\xc5\xb1\x26\xc2\xa8\xc2\x40\x50"
   "\x24\x51\x5e\xff\xdf\xff\x5f\xef\xbf\xff"
   "\x7d\xef\x7c\xf7\x4f\x9c\x40\x30\x00\x38"
   "\x67\xa2\x2a\xc3\x84\x81\x00\x20\x53\xbd"
   "\xdf\xff\xbf\xff\x9f\xf7\xff\xff\xde\xff"
   "\xe6\x59\x40\x28\x07\x62\x21\x20\x01\x18"
   "\xac\x62\xff\xff\xff\xff\xff\xff\xff\xff"
   "\xff\xff\xff\xff\xff\xff\xff\xff\xff\xff"
   "\xff\xff\xff\xff\xff\xff\xff\xff\xff\xff"
   "\xff\xff\xff\xff\xff\xff\xff\xff\xff\xff"
   "\xff\xff\xff\xff\xff\xff\xff\xff\xff\xff"
   "\xff\xff\xff\xff\xff\xff\xff\xff\xff\xff"
   "\xff\xff\xff\xff\xff\xff\xff\xff\xff\xff"
   "\xff\xff\xff\xff\xff\xff\xff\xff\xff\xff"
   "\xff\xff\xff\xff\xff\xff\xff\xff\xff\xff"
   "\xff\xff\xff\xff\xff\xff\xff\xff\xff\xff"
   "\xff\xff\xff\xff\xff\xff\xff\xff\x8e\x53"
   "\x60\x00\x80\x00\x00\x10\x60\x58\x4a\xdb"
   "\xe9\xe2\x8c\xeb\x0d\xd4\x67\x82\x40\x20"
   "\x04\x31\x4e\x7b\x22\x28\xa1\x58\x46\xa2"
   "\x46\xba\x66\xda\x04\xe2\xa2\xe1\x85\xfa"
   "\x44\xea\x44\xda\xa7\xda\xa8\xc2\x80\x68"
   "\x00\x38\xa2\x48\x49\x62\x51\x9c\xd7\xcd"
   "\xc3\x30\x62\x40\x6e\xc3\xaa\xc2\x0c\xdb"
   "\xa9\xd2\x88\xc2\x66\xaa\x25\x8a\x62\x61"
   "\xe0\x48\xc1\x40\x81\x38\x01\x38\x21\x38"
   "\x20\x28\x20\x18\x20\x08\x61\x08\x65\x31"
   "\x69\x5a\xcb\x62\xca\x62\x2b\x5b\xa9\x52"
   "\x68\x52\x27\x52\xaa\x6a\xab\x62\x46\x39"
   "\x25\x29\x05\x29\x61\x08\x03\x11\x40\x00"
   "\x60\x10\x02\x41\xc1\x58\x02\x79\xa4\x91"
   "\x83\x91\x04\xa2\xc8\xca\xe9\xda\xa8\xe2"
   "\x88\xea\x26\xea\x05\xea\xc8\xf2\xe9\xc2"
   "\x00\x30\x4e\x8b\x7f\xff\xbf\xff\x1e\xf7"
   "\x31\xa4\x61\x38\x00\x38\xc3\x89\xa7\xba"
   "\xc7\xd2\x05\xc2\xa7\xca\x42\x79\x00\x28"
   "\x30\x9c\xdf\xff\xdf\xff\x1c\xef\xce\x9b"
   "\x00\x28\x09\xa3\x4e\xc4\xa2\x38\x00\x10"
   "\x62\x10\xff\xff\xff\xff\xff\xff\xff\xff"
   "\xff\xff\xff\xff\xff\xff\xff\xff\xff\xff"
   "\xff\xff\xff\xff\xff\xff\xff\xff\xff\xff"
   "\xff\xff\xff\xff\xff\xff\xff\xff\xff\xff"
   "\xff\xff\xff\xff\xff\xff\xff\xff\xff\xff"
   "\xff\xff\xff\xff\xff\xff\xff\xff\xff\xff"
   "\xff\xff\xff\xff\xff\xff\xff\xff\xff\xff"
   "\xff\xff\xff\xff\xff\xff\xff\xff\xff\xff"
   "\xff\xff\xff\xff\xff\xff\xff\xff\xff\xff"
   "\xff\xff\xff\xff\xff\xff\xff\xff\xff\xff"
   "\xff\xff\xff\xff\xff\xff\xff\xff\xff\xff"
   "\x57\xae\x80\x00\x00\x08\x00\x28\xc8\xb2"
   "\x4a\xd3\x0e\xe4\x88\x92\x00\x20\x2b\x73"
   "\x3c\xef\x9f\xff\x19\xde\xe8\x59\x00\x20"
   "\x00\x48\x26\xaa\xa7\xd2\xa6\xea\xc6\xfa"
   "\xe2\xd9\x23\xe2\x24\xda\x04\xca\xe9\xda"
   "\xc9\xc2\xe2\x80\x00\x50\x00\x38\xa1\x30"
   "\x00\x10\xa0\x38\x47\x8a\x46\x9a\x8b\xd3"
   "\x69\xdb\x07\xd3\xe6\xca\xe6\xca\xc6\xc2"
   "\xc6\xca\x28\xdb\x08\xdb\x87\xd2\x67\xca"
   "\x06\xaa\x26\x92\x42\x51\x40\x20\x4b\x83"
   "\x8d\x83\xcb\x62\x28\x4a\x8a\x4a\xcb\x5a"
   "\x0d\x73\x6e\x83\xaf\x8b\x51\x94\x75\xad"
   "\x7a\xce\x7c\xde\x1e\xef\x5d\xef\xee\x83"
   "\x00\x28\xc9\xaa\xea\xda\xc4\xd1\x86\xea"
   "\x44\xe2\x44\xda\x23\xda\x03\xda\x04\xe2"
   "\xe4\xd9\x82\xd1\x40\xd1\xc6\xea\x29\xd3"
   "\xe6\x81\x41\x20\x15\xad\xcd\x6a\x01\x20"
   "\x01\x58\x41\x80\xa8\xda\x28\xf3\xc1\xc1"
   "\x84\xda\x84\xe2\xa5\xda\xc7\xca\xa3\x89"
   "\x00\x28\x6e\x7b\xdf\xff\xaf\x93\x00\x30"
   "\x26\xa2\xc8\xc2\xab\xcb\x80\x38\x00\x08"
   "\x40\x00\x58\xbe\xff\xff\xff\xff\xff\xff"
   "\xff\xff\xff\xff\xff\xff\xff\xff\xff\xff"
   "\xff\xff\xff\xff\xff\xff\xff\xff\xff\xff"
   "\xff\xff\xff\xff\xff\xff\xff\xff\xff\xff"
   "\xff\xff\xff\xff\xff\xff\xff\xff\xff\xff"
   "\xff\xff\xff\xff\xff\xff\xff\xff\xff\xff"
   "\xff\xff\xff\xff\xff\xff\xff\xff\xff\xff"
   "\xff\xff\xff\xff\xff\xff\xff\xff\xff\xff"
   "\xff\xff\xff\xff\xff\xff\xff\xff\xff\xff"
   "\xff\xff\xff\xff\xff\xff\xff\xff\xff\xff"
   "\xff\xff\xff\xff\xff\xff\xff\xff\xff\xff"
   "\xff\xff\xe5\x21\x20\x00\x40\x30\x87\x8a"
   "\x2e\xd4\xc5\x79\x00\x20\x6f\x9c\xfd\xff"
   "\xfe\xff\xdf\xff\xdf\xff\xdf\xff\x18\xd6"
   "\xe7\x61\x00\x28\x00\x50\xa3\x91\x69\xdb"
   "\x48\xeb\x44\xd2\x86\xda\xc7\xea\x25\xd2"
   "\xe4\xc1\x87\xd2\xa8\xd2\x87\xb2\x63\x51"
   "\x20\x18\x40\x20\x00\x28\x00\x28\x00\x40"
   "\x00\x48\xa0\x68\x61\x89\xe3\xa1\x45\xb2"
   "\x86\xc2\xe8\xd2\xe8\xda\xc8\xda\xc9\xda"
   "\x68\xc2\xac\xd3\x67\x82\x00\x18\xd9\xf6"
   "\x9d\xff\xff\xff\xff\xff\xff\xff\xdf\xff"
   "\x9f\xff\xbf\xff\xdf\xff\xff\xff\xff\xf7"
   "\xdf\xef\xdf\xff\x9f\xff\xff\xff\xf7\xd5"
   "\x00\x30\x67\xb2\x46\xda\x42\xd1\xe0\xc0"
   "\xa1\xd9\x43\xe2\x23\xda\xc2\xd9\x24\xe2"
   "\x45\xe2\xc3\xd1\x44\xda\xc6\xda\xa7\xaa"
   "\x46\x72\x40\x10\x00\x00\xe4\x38\x8a\x92"
   "\xaa\xca\x68\xea\x82\xd9\x64\xfa\x43\xea"
   "\x43\xea\x84\xf2\x64\xe2\xa6\xda\xc8\xba"
   "\x68\x7a\x62\x20\x87\x41\x01\x28\xc6\x91"
   "\xe9\xd2\xa8\xd2\x29\xcb\xc0\x48\x00\x08"
   "\x81\x00\xf2\x8c\xff\xff\xff\xff\xff\xff"
   "\xff\xff\xff\xff\xff\xff\xff\xff\xff\xff"
   "\xff\xff\xff\xff\xff\xff\xff\xff\xff\xff"
   "\xff\xff\xff\xff\xff\xff\xff\xff\xff\xff"
   "\xff\xff\xff\xff\xff\xff\xff\xff\xff\xff"
   "\xff\xff\xff\xff\xff\xff\xff\xff\xff\xff"
   "\xff\xff\xff\xff\xff\xff\xff\xff\xff\xff"
   "\xff\xff\xff\xff\xff\xff\xff\xff\xff\xff"
   "\xff\xff\xff\xff\xff\xff\xff\xff\xff\xff"
   "\xff\xff\xff\xff\xff\xff\xff\xff\xff\xff"
   "\xff\xff\xff\xff\xff\xff\xff\xff\xff\xff"
   "\xff\xff\x06\x32\x20\x00\x20\x18\x68\x6a"
   "\x27\x6a\x00\x18\x4f\x9c\xdd\xff\xfd\xf7"
   "\xfe\xff\x5c\xef\xdf\xff\x7e\xff\xdf\xff"
   "\xde\xff\xf6\xc5\xc9\x62\x60\x20\x00\x28"
   "\xc1\x58\x47\xa2\x88\xca\xc9\xe2\x26\xda"
   "\xe4\xd1\x24\xda\x23\xda\xa6\xca\x47\x82"
   "\x00\x10\xd2\xb4\xfa\xf6\xb5\xcd\x4f\xa4"
   "\xca\x72\x85\x51\xa2\x40\x20\x38\x00\x30"
   "\x00\x30\x00\x38\x41\x48\x82\x48\x82\x58"
   "\xe3\x68\x44\x69\x22\x41\x60\x18\x54\xb5"
   "\x99\xde\x7e\xef\x7e\xe7\xbf\xe7\xdf\xf7"
   "\xbf\xff\xbf\xff\xdf\xff\xff\xf7\xff\xef"
   "\xff\xef\xff\xff\xdf\xff\xbe\xef\xbd\xff"
   "\x60\x38\xa4\x89\xc8\xda\xa3\xc9\x04\xd2"
   "\xe6\xea\x68\xf3\xe7\xe2\x66\xda\x47\xd2"
   "\x47\xca\x26\xba\x43\xa1\xc1\x70\x00\x20"
   "\xa0\x10\xa8\x4a\x80\x18\x27\x7a\x8c\xd3"
   "\x45\xca\x23\xda\x22\xe2\x22\xea\x02\xea"
   "\xc3\xf1\xc5\xf9\x67\xfa\xe8\xe2\x29\xbb"
   "\x48\x72\x62\x20\x01\x10\x42\x38\xec\xca"
   "\xca\xe2\x0a\xeb\x67\xc2\xc1\x50\x00\x10"
   "\x40\x00\x92\x84\xff\xff\xff\xff\xff\xff"
   "\xff\xff\xff\xff\xff\xff\xff\xff\xff\xff"
   "\xff\xff\xff\xff\xff\xff\xff\xff\xff\xff"
   "\xff\xff\xff\xff\xff\xff\xff\xff\xff\xff"
   "\xff\xff\xff\xff\xff\xff\xff\xff\xff\xff"
   "\xff\xff\xff\xff\xff\xff\xff\xff\xff\xff"
   "\xff\xff\xff\xff\xff\xff\xff\xff\xff\xff"
   "\xff\xff\xff\xff\xff\xff\xff\xff\xff\xff"
   "\xff\xff\xff\xff\xff\xff\xff\xff\xff\xff"
   "\xff\xff\xff\xff\xff\xff\xff\xff\xff\xff"
   "\xff\xff\xff\xff\xff\xff\xff\xff\xff\xff"
   "\xff\xff\xa9\x4a\x20\x00\x00\x08\x61\x20"
   "\x00\x10\xca\x6a\xfe\xff\xfe\xf7\xfe\xef"
   "\xff\xf7\xff\xff\x9e\xf7\xdf\xff\xbf\xff"
   "\xde\xf7\xff\xf7\xfe\xf7\x3b\xdf\x2f\x8c"
   "\x64\x49\x00\x30\x00\x40\x44\x89\xa8\xca"
   "\xa7\xda\x44\xda\x23\xda\xc7\xda\x64\x69"
   "\xe4\x30\xba\xe6\xdf\xff\xdf\xff\xbf\xff"
   "\xdf\xff\xdf\xff\x7e\xff\xdc\xee\x19\xde"
   "\x55\xc5\x92\xa4\xce\x8b\xeb\x6a\x48\x62"
   "\x86\x61\x44\x51\x02\x29\x00\x08\xc2\x30"
   "\x81\x30\x61\x28\x61\x20\x04\x31\xe4\x30"
   "\xe4\x48\x26\x51\x86\x49\xe7\x49\xa9\x5a"
   "\x2c\x73\x2d\x7b\x30\x9c\xb5\xc5\xf5\xd5"
   "\xe1\x48\x42\x69\xe5\x99\xc4\xa1\x24\xa2"
   "\xa6\xb2\xa7\xb2\xc4\x91\xc1\x78\x00\x68"
   "\x00\x50\x00\x40\x00\x50\xa6\x69\x2f\x8c"
   "\x5b\xd7\xfe\xf7\xf5\xc5\x00\x30\x46\xaa"
   "\xa6\xda\x02\xd2\x63\xea\x42\xea\xc2\xd9"
   "\xc4\xe1\xc6\xe1\x28\xda\x42\x91\x00\x40"
   "\x20\x20\x11\x8c\xd8\xcd\xa4\x40\x41\x58"
   "\x0a\xcb\x0a\xd3\x4a\xc3\x00\x30\x20\x18"
   "\x42\x08\x11\x7c\xff\xff\xff\xff\xff\xff"
   "\xff\xff\xff\xff\xff\xff\xff\xff\xff\xff"
   "\xff\xff\xff\xff\xff\xff\xff\xff\xff\xff"
   "\xff\xff\xff\xff\xff\xff\xff\xff\xff\xff"
   "\xff\xff\xff\xff\xff\xff\xff\xff\xff\xff"
   "\xff\xff\xff\xff\xff\xff\xff\xff\xff\xff"
   "\xff\xff\xff\xff\xff\xff\xff\xff\xff\xff"
   "\xff\xff\xff\xff\xff\xff\xff\xff\xff\xff"
   "\xff\xff\xff\xff\xff\xff\xff\xff\xff\xff"
   "\xff\xff\xff\xff\xff\xff\xff\xff\xff\xff"
   "\xff\xff\xff\xff\xff\xff\xff\xff\xff\xff"
   "\xff\xff\x75\xad\x00\x00\x62\x10\x00\x08"
   "\xa7\x41\x7d\xf7\xff\xff\xff\xff\xff\xf7"
   "\xbd\xef\xff\xff\xbe\xf7\xdf\xff\xff\xff"
   "\xff\xf7\xbe\xef\xbe\xef\xff\xff\xff\xff"
   "\xbe\xff\xf7\xcd\xce\x8b\xe2\x38\x00\x28"
   "\xe0\x68\x66\xb2\x66\xd2\x09\xd3\x00\x28"
   "\xe8\x41\xdf\xff\xdf\xff\x9f\xff\x5e\xf7"
   "\xbf\xff\xbf\xff\xdf\xff\xdf\xff\xde\xff"
   "\xdd\xff\xfd\xff\xfc\xff\xfc\xff\xfc\xff"
   "\xbd\xff\xde\xff\x76\xce\x00\x10\x06\x82"
   "\xe9\xba\x6a\xcb\x29\xbb\xa6\x9a\x24\x92"
   "\x83\x91\x42\x89\x21\x79\xe0\x68\x60\x60"
   "\x20\x60\x40\x68\x20\x58\x00\x40\x20\x40"
   "\x00\x30\x00\x28\x40\x38\x00\x28\xa0\x28"
   "\xe2\x30\x43\x39\x85\x49\x28\x6a\x6d\x93"
   "\x13\xbd\x18\xde\x5d\xff\xdf\xff\xdf\xff"
   "\xdf\xff\xbe\xef\xdd\xff\x4b\x8b\x80\x58"
   "\x49\xdb\xa3\xc9\xa2\xd9\xc3\xd1\x6a\xeb"
   "\x29\xcb\x43\x79\x00\x38\x60\x38\xed\x9b"
   "\xbe\xff\xff\xff\xbf\xf7\x8f\x7b\x00\x20"
   "\x40\x30\xc8\x8a\x60\x38\x00\x10\x62\x18"
   "\x02\x00\x57\xad\xff\xff\xff\xff\xff\xff"
   "\xff\xff\xff\xff\xff\xff\xff\xff\xff\xff"
   "\xff\xff\xff\xff\xff\xff\xff\xff\xff\xff"
   "\xff\xff\xff\xff\xff\xff\xff\xff\xff\xff"
   "\xff\xff\xff\xff\xff\xff\xff\xff\xff\xff"
   "\xff\xff\xff\xff\xff\xff\xff\xff\xff\xff"
   "\xff\xff\xff\xff\xff\xff\xff\xff\xff\xff"
   "\xff\xff\xff\xff\xff\xff\xff\xff\xff\xff"
   "\xff\xff\xff\xff\xff\xff\xff\xff\xff\xff"
   "\xff\xff\xff\xff\xff\xff\xff\xff\xff\xff"
   "\xff\xff\xff\xff\xff\xff\xff\xff\xff\xff"
   "\xff\xff\xff\xff\x04\x21\x00\x00\x22\x10"
   "\x29\x4a\x5e\xef\x9e\xef\xff\xff\x9e\xef"
   "\xff\xff\xff\xff\xff\xff\xff\xff\xff\xf7"
   "\xff\xf7\xff\xff\xff\xff\xff\xff\xde\xff"
   "\xff\xff\xff\xff\xbd\xef\xbc\xf7\x73\xb5"
   "\xa4\x51\x00\x30\x00\x60\x44\x79\x00\x20"
   "\xec\x62\xdf\xff\xdf\xff\xdf\xff\x9f\xf7"
   "\xbf\xff\xbf\xff\xdf\xff\xff\xff\xfe\xff"
   "\xfd\xff\xfd\xff\xfc\xf7\xfc\xf7\xfc\xf7"
   "\xff\xff\xff\xff\xd9\xd6\x00\x18\x2a\xcb"
   "\xc9\xe2\x86\xda\x64\xd2\x26\xdb\x67\xe3"
   "\x27\xeb\xe7\xe2\x48\xdb\x69\xe3\xc7\xda"
   "\x04\xc2\x08\xe3\xec\xf3\xa8\xc2\xa8\xb2"
   "\xca\xaa\x40\x40\xf3\xbc\x1b\xef\x3c\xdf"
   "\x9d\xe7\xff\xf7\xff\xff\xff\xff\xff\xff"
   "\xff\xff\xff\xff\xff\xff\x9f\xf7\x7f\xf7"
   "\xdf\xff\xff\xff\xff\xff\xbc\xff\xa0\x40"
   "\xa0\x68\xa8\xc2\x67\xc2\x09\xd3\xc0\x68"
   "\x00\x28\xa0\x28\x2e\x8c\xdc\xff\xfa\xe6"
   "\x71\x8c\x26\x29\x22\x00\x00\x00\xc1\x20"
   "\x20\x10\x00\x08\x20\x10\x61\x10\x01\x00"
   "\x02\x00\xff\xff\xff\xff\xff\xff\xff\xff"
   "\xff\xff\xff\xff\xff\xff\xff\xff\xff\xff"
   "\xff\xff\xff\xff\xff\xff\xff\xff\xff\xff"
   "\xff\xff\xff\xff\xff\xff\xff\xff\xff\xff"
   "\xff\xff\xff\xff\xff\xff\xff\xff\xff\xff"
   "\xff\xff\xff\xff\xff\xff\xff\xff\xff\xff"
   "\xff\xff\xff\xff\xff\xff\xff\xff\xff\xff"
   "\xff\xff\xff\xff\xff\xff\xff\xff\xff\xff"
   "\xff\xff\xff\xff\xff\xff\xff\xff\xff\xff"
   "\xff\xff\xff\xff\xff\xff\xff\xff\xff\xff"
   "\xff\xff\xff\xff\xff\xff\xff\xff\xff\xff"
   "\xff\xff\xff\xff\x34\xa5\x00\x00\x01\x08"
   "\x01\x00\x29\x4a\xdc\xde\xff\xff\xff\xff"
   "\xff\xff\xde\xff\xdf\xff\xbf\xff\xbf\xf7"
   "\xff\xf7\xfe\xf7\xfd\xef\xbc\xef\xbd\xff"
   "\xfe\xff\xfe\xff\xfe\xff\xfe\xff\xfe\xff"
   "\xfe\xff\x75\xbd\x65\x51\x00\x18\x00\x10"
   "\x48\x4a\x17\xbe\x5c\xe7\xff\xf7\xff\xf7"
   "\xfe\xf7\xff\xf7\xde\xf7\xbe\xff\x9e\xff"
   "\x7e\xff\x9e\xff\xbe\xff\xdf\xff\xff\xff"
   "\x7f\xf7\x9f\xf7\xba\xde\x20\x38\x45\xa9"
   "\x69\xfa\x67\xfa\x04\xe2\x64\xda\xe6\xea"
   "\x07\xfb\xa6\xea\xa5\xd2\xc6\xda\xc7\xea"
   "\xc6\xe2\x06\xe3\x48\xe3\x45\xca\x87\xca"
   "\x0a\xc3\x00\x40\x50\xac\xff\xff\xff\xff"
   "\xff\xf7\xdf\xff\xdf\xff\x9f\xf7\x9f\xef"
   "\xbf\xe7\xff\xf7\xbf\xf7\xbf\xf7\xdf\xf7"
   "\xff\xf7\x7d\xe7\xbe\xf7\xdf\xff\xb6\xcd"
   "\x00\x18\x26\x62\x22\x41\x00\x18\xe1\x30"
   "\x2d\x8c\x9b\xef\xbc\xef\x4f\x84\x61\x10"
   "\x21\x08\x00\x08\x00\x08\x20\x10\x00\x08"
   "\x20\x00\x20\x00\x20\x00\x20\x00\x01\x00"
   "\xcd\x62\xff\xff\xff\xff\xff\xff\xff\xff"
   "\xff\xff\xff\xff\xff\xff\xff\xff\xff\xff"
   "\xff\xff\xff\xff\xff\xff\xff\xff\xff\xff"
   "\xff\xff\xff\xff\xff\xff\xff\xff\xff\xff"
   "\xff\xff\xff\xff\xff\xff\xff\xff\xff\xff"
   "\xff\xff\xff\xff\xff\xff\xff\xff\xff\xff"
   "\xff\xff\xff\xff\xff\xff\xff\xff\xff\xff"
   "\xff\xff\xff\xff\xff\xff\xff\xff\xff\xff"
   "\xff\xff\xff\xff\xff\xff\xff\xff\xff\xff"
   "\xff\xff\xff\xff\xff\xff\xff\xff\xff\xff"
   "\xff\xff\xff\xff\xff\xff\xff\xff\xff\xff"
   "\xff\xff\xff\xff\xff\xff\xcf\x7b\x21\x08"
   "\x01\x08\x00\x00\xc4\x18\x4d\x6b\xf7\xbd"
   "\x7d\xef\xdf\xff\xdf\xff\xdf\xff\xff\xff"
   "\xfe\xf7\xfd\xef\xfe\xf7\xfe\xf7\xfd\xff"
   "\x5b\xf7\x58\xde\x96\xbd\x35\xa5\x71\x84"
   "\x10\x74\x51\x84\x8a\x52\x00\x00\x41\x10"
   "\x20\x08\x40\x08\xa1\x18\x06\x42\x0e\x84"
   "\x94\xb5\x1a\xe7\xdd\xff\xde\xff\xde\xff"
   "\xdf\xff\xdf\xff\xbf\xff\xbf\xff\xbf\xff"
   "\xdf\xff\x9f\xf7\xba\xde\x82\x48\xe7\xc1"
   "\x85\xe1\xc4\xf1\x65\xfa\x85\xea\x84\xea"
   "\x85\xf2\xc7\xfa\xe6\xe2\x85\xda\xa6\xea"
   "\x48\xfb\x67\xf3\xa4\xda\xa6\xea\x66\xda"
   "\xa9\xca\xa1\x60\x27\x62\xfe\xff\xff\xf7"
   "\xdf\xf7\xdf\xff\xdf\xff\xff\xff\xff\xff"
   "\xff\xf7\xff\xf7\xff\xff\xff\xff\xff\xf7"
   "\xff\xf7\xff\xff\xfe\xff\x7a\xe6\xd3\xb4"
   "\x41\x20\xa1\x20\x02\x21\x32\xa5\xfd\xf7"
   "\xfd\xef\x9c\xe7\x27\x3a\x00\x00\x00\x08"
   "\x00\x18\x00\x28\x00\x30\x00\x38\xc2\x48"
   "\x23\x49\x02\x39\x00\x10\x00\x10\x00\x08"
   "\xe9\x49\xff\xff\xff\xff\xff\xff\xff\xff"
   "\xff\xff\xff\xff\xff\xff\xff\xff\xff\xff"
   "\xff\xff\xff\xff\xff\xff\xff\xff\xff\xff"
   "\xff\xff\xff\xff\xff\xff\xff\xff\xff\xff"
   "\xff\xff\xff\xff\xff\xff\xff\xff\xff\xff"
   "\xff\xff\xff\xff\xff\xff\xff\xff\xff\xff"
   "\xff\xff\xff\xff\xff\xff\xff\xff\xff\xff"
   "\xff\xff\xff\xff\xff\xff\xff\xff\xff\xff"
   "\xff\xff\xff\xff\xff\xff\xff\xff\xff\xff"
   "\xff\xff\xff\xff\xff\xff\xff\xff\xff\xff"
   "\xff\xff\xff\xff\xff\xff\xff\xff\xff\xff"
   "\xff\xff\xff\xff\xff\xff\xff\xff\x8e\x73"
   "\x00\x00\xa3\x18\x00\x00\x20\x00\x41\x08"
   "\xc4\x18\xa7\x39\x8a\x5a\xab\x62\x0b\x6b"
   "\x0a\x5b\xa8\x42\x46\x2a\xc4\x21\x03\x21"
   "\x61\x18\x42\x18\x01\x10\x01\x00\x01\x00"
   "\x41\x00\x20\x00\x00\x00\x61\x08\x20\x00"
   "\x00\x00\x00\x08\x00\x18\x61\x38\x81\x48"
   "\xc2\x48\x80\x40\xc5\x59\xa8\x6a\x0e\x8c"
   "\x74\xb5\x99\xd6\x5d\xf7\xdf\xff\xdf\xff"
   "\x7e\xef\xff\xff\x3a\xdf\x00\x20\x48\xc2"
   "\x47\xea\x88\xfa\x25\xe2\x86\xe2\x04\xda"
   "\x05\xea\xa7\xfa\xe7\xf2\x64\xda\x24\xe2"
   "\xa5\xf2\x27\xfb\x03\xda\xc3\xe1\xa4\xd9"
   "\x67\xca\x05\x92\xa0\x28\x7a\xe7\xfd\xf7"
   "\xfd\xff\xbd\xff\x9d\xff\x9d\xff\xbd\xff"
   "\xdd\xf7\xbc\xef\xfe\xff\xbd\xf7\xfe\xf7"
   "\x7b\xe7\x32\xad\xe6\x59\x61\x40\x00\x30"
   "\xa3\x58\x00\x30\x69\x72\xde\xff\x9d\xf7"
   "\x1c\xdf\x05\x29\x00\x08\x00\x10\x00\x18"
   "\x61\x48\xe4\x78\xa7\xa9\xe8\xc1\x66\xb1"
   "\x6a\xc2\xa7\x99\xc3\x68\x00\x28\x00\x28"
   "\x00\x10\x03\x21\xf6\xad\xff\xff\xff\xff"
   "\xff\xff\xff\xff\xff\xff\xff\xff\xff\xff"
   "\xff\xff\xff\xff\xff\xff\xff\xff\xff\xff"
   "\xff\xff\xff\xff\xff\xff\xff\xff\xff\xff"
   "\xff\xff\xff\xff\xff\xff\xff\xff\xff\xff"
   "\xff\xff\xff\xff\xff\xff\xff\xff\xff\xff"
   "\xff\xff\xff\xff\xff\xff\xff\xff\xff\xff"
   "\xff\xff\xff\xff\xff\xff\xff\xff\xff\xff"
   "\xff\xff\xff\xff\xff\xff\xff\xff\xff\xff"
   "\xff\xff\xff\xff\xff\xff\xff\xff\xff\xff"
   "\xff\xff\xff\xff\xff\xff\xff\xff\xff\xff"
   "\xff\xff\xff\xff\xff\xff\xff\xff\xff\xff"
   "\x55\xad\x00\x00\x41\x10\x00\x08\x00\x08"
   "\x00\x18\x00\x18\x00\x18\x00\x18\x00\x10"
   "\x00\x08\x40\x08\x40\x00\x00\x00\x00\x10"
   "\x00\x18\x00\x18\x00\x18\x01\x18\x00\x10"
   "\x00\x08\x00\x10\x00\x10\x00\x10\x00\x10"
   "\x00\x08\x00\x18\x00\x18\xa2\x48\x86\x69"
   "\x0b\xa3\xca\xa2\xe5\x81\x84\x69\xe1\x48"
   "\x40\x30\x00\x20\x40\x28\xc2\x38\x45\x49"
   "\xa9\x6a\x2b\x73\xec\x83\x80\x28\x47\x9a"
   "\xea\xd2\x8c\xeb\x2a\xe3\xc8\xd2\xc8\xda"
   "\xe9\xea\x09\xf3\xe8\xda\x86\xca\xa6\xda"
   "\x28\xeb\x27\xe3\x28\xeb\x66\xe2\xa8\xe2"
   "\x4b\xdb\xc8\xa2\x00\x18\x76\xce\xfc\xf7"
   "\xfd\xff\xfd\xff\xdd\xff\xfd\xff\xfc\xff"
   "\xfc\xff\xbb\xff\x97\xde\x70\xa4\x67\x6a"
   "\x20\x28\x00\x20\xe1\x60\x02\x81\xa9\xc2"
   "\xeb\xca\x66\x91\x00\x28\xf7\xdd\xdf\xff"
   "\x46\x31\x01\x08\x00\x18\x00\x28\x45\x69"
   "\x28\xa2\x08\xba\x25\xb9\x46\xd1\x87\xd9"
   "\x05\xc9\x67\xc1\x09\xba\x25\x89\x00\x40"
   "\x00\x20\x00\x08\x80\x08\x32\x95\xff\xff"
   "\xff\xff\xff\xff\xff\xff\xff\xff\xff\xff"
   "\xff\xff\xff\xff\xff\xff\xff\xff\xff\xff"
   "\xff\xff\xff\xff\xff\xff\xff\xff\xff\xff"
   "\xff\xff\xff\xff\xff\xff\xff\xff\xff\xff"
   "\xff\xff\xff\xff\xff\xff\xff\xff\xff\xff"
   "\xff\xff\xff\xff\xff\xff\xff\xff\xff\xff"
   "\xff\xff\xff\xff\xff\xff\xff\xff\xff\xff"
   "\xff\xff\xff\xff\xff\xff\xff\xff\xff\xff"
   "\xff\xff\xff\xff\xff\xff\xff\xff\xff\xff"
   "\xff\xff\xff\xff\xff\xff\xff\xff\xff\xff"
   "\xff\xff\xff\xff\xff\xff\xff\xff\xff\xff"
   "\x70\x84\x00\x00\x20\x10\x00\x10\x00\x20"
   "\x41\x48\x00\x48\x00\x48\x00\x30\x00\x20"
   "\x00\x20\x00\x28\x00\x28\x00\x28\x00\x30"
   "\x00\x38\x00\x40\x00\x48\x00\x40\x41\x48"
   "\x82\x58\x82\x58\x82\x58\x00\x48\x20\x48"
   "\x00\x38\x00\x20\x00\x10\x00\x08\x00\x18"
   "\x00\x30\x65\x79\xaa\xba\xea\xd2\xe9\xd2"
   "\xe8\xca\xa7\xba\x04\x9a\x41\x79\x80\x58"
   "\x00\x48\x00\x38\x00\x20\x00\x20\x00\x18"
   "\x00\x28\x00\x30\x21\x40\x40\x50\x60\x58"
   "\xe1\x68\x42\x71\xe4\x81\xa8\x9a\xc5\x89"
   "\x09\xb3\x65\x9a\x85\x9a\xc8\xaa\xe9\xaa"
   "\x88\x92\xc6\x69\x82\x38\x8a\x6a\x75\xbd"
   "\x95\xbd\x74\xb5\xf1\x9c\x2d\x8c\x49\x73"
   "\x04\x5a\xc0\x40\x00\x38\x00\x48\x60\x70"
   "\xc4\xa9\xa8\xc2\xa7\xd2\x46\xda\x45\xe2"
   "\xe5\xd9\x68\xd2\x00\x58\xe3\x48\x48\x62"
   "\x00\x08\x20\x10\x00\x20\x45\x89\xa6\xb1"
   "\x07\xc2\xe7\xc9\x65\xc9\x24\xc9\x25\xd1"
   "\x46\xd1\x66\xd1\x05\xb9\xc8\xb9\x28\xaa"
   "\xa2\x58\x00\x20\x00\x10\x40\x08\xb1\x8c"
   "\xff\xff\xff\xff\xff\xff\xff\xff\xff\xff"
   "\xff\xff\xff\xff\xff\xff\xff\xff\xff\xff"
   "\xff\xff\xff\xff\xff\xff\xff\xff\xff\xff"
   "\xff\xff\xff\xff\xff\xff\xff\xff\xff\xff"
   "\xff\xff\xff\xff\xff\xff\xff\xff\xff\xff"
   "\xff\xff\xff\xff\xff\xff\xff\xff\xff\xff"
   "\xff\xff\xff\xff\xff\xff\xff\xff\xff\xff"
   "\xff\xff\xff\xff\xff\xff\xff\xff\xff\xff"
   "\xff\xff\xff\xff\xff\xff\xff\xff\xff\xff"
   "\xff\xff\xff\xff\xff\xff\xff\xff\xff\xff"
   "\xff\xff\xff\xff\xff\xff\xff\xff\x92\x84"
   "\x40\x00\x00\x00\x00\x18\x00\x28\x44\x71"
   "\x49\xaa\x09\xb2\xa7\xa1\x28\xa2\xa5\x89"
   "\x44\x81\x24\x81\x04\x81\x45\x89\x86\x91"
   "\xc7\xa1\xc7\xa1\xe7\xa1\xa6\xa1\xe7\xa9"
   "\xc7\xa9\x86\xa9\xe8\xb1\x29\xc2\x28\xba"
   "\x07\xa2\xa5\x79\x03\x51\x60\x28\x00\x18"
   "\x00\x18\x00\x30\x00\x48\xc6\xb1\x26\xca"
   "\x29\xf3\xab\xfb\x85\xda\x07\xdb\x69\xe3"
   "\x2a\xdb\x6b\xd3\x67\x8a\x00\x18\xef\x83"
   "\x75\xad\x52\x94\xd0\x93\x4d\x8b\x0b\x8b"
   "\x47\x62\xc4\x51\x01\x39\x00\x20\x00\x28"
   "\x00\x20\x00\x20\x00\x20\x00\x18\x00\x18"
   "\x00\x18\x00\x20\x00\x18\x21\x20\x00\x18"
   "\x00\x18\x00\x20\xc1\x40\x80\x40\xa0\x50"
   "\xa2\x71\xa2\x89\x64\xb2\x85\xca\x87\xda"
   "\x87\xe2\x66\xda\x24\xda\x03\xe2\x44\xf2"
   "\xe3\xe9\x25\xda\x83\x91\x00\x38\x00\x20"
   "\x00\x10\x20\x20\x45\x69\xc7\xb1\x65\xc1"
   "\x44\xc1\x44\xc1\xa5\xc9\xa6\xd1\x45\xc9"
   "\xc3\xc0\xc3\xc0\x49\xea\xe7\xc9\x65\xa9"
   "\x89\xaa\x07\x82\x20\x30\x00\x10\xa1\x10"
   "\xf2\x94\xff\xff\xff\xff\xff\xff\xff\xff"
   "\xff\xff\xff\xff\xff\xff\xff\xff\xff\xff"
   "\xff\xff\xff\xff\xff\xff\xff\xff\xff\xff"
   "\xff\xff\xff\xff\xff\xff\xff\xff\xff\xff"
   "\xff\xff\xff\xff\xff\xff\xff\xff\xff\xff"
   "\xff\xff\xff\xff\xff\xff\xff\xff\xff\xff"
   "\xff\xff\xff\xff\xff\xff\xff\xff\xff\xff"
   "\xff\xff\xff\xff\xff\xff\xff\xff\xff\xff"
   "\xff\xff\xff\xff\xff\xff\xff\xff\xff\xff"
   "\xff\xff\xff\xff\xff\xff\xff\xff\xff\xff"
   "\xff\xff\xff\xff\xff\xff\xb7\xb5\x04\x21"
   "\x21\x10\x00\x10\x00\x20\x03\x61\xca\xb2"
   "\xa7\xa9\x66\xa9\x66\xb1\x49\xca\xe8\xc1"
   "\x87\xb9\x86\xb9\xa7\xc1\xc8\xc9\xe8\xc9"
   "\xc8\xc9\x67\xb9\x66\xb9\x66\xb9\xa7\xc9"
   "\x87\xc9\x25\xb9\x87\xc9\xe8\xd9\x28\xda"
   "\x64\xb9\x65\xb1\x08\xba\x07\x92\x81\x48"
   "\x20\x20\x00\x10\x00\x20\x00\x40\x88\xba"
   "\x88\xda\xa4\xd9\x65\xf2\x02\xda\xa1\xd1"
   "\x86\xea\x46\xca\xa7\xa2\x20\x28\x97\xce"
   "\xff\xf7\x9d\xf7\xdf\xff\xbe\xff\xbd\xff"
   "\xfd\xf7\xfc\xef\x11\x95\x60\x08\x21\x20"
   "\x00\x18\x40\x10\x60\x08\x00\x00\x00\x00"
   "\x00\x00\x41\x08\x00\x08\x20\x18\xa6\x59"
   "\x8a\x92\x69\xb2\xca\xd2\x2b\xeb\xc8\xe2"
   "\xc7\xe2\x85\xda\xe5\xe2\xe6\xea\xa6\xe2"
   "\x45\xda\x25\xd2\x45\xd2\x64\xda\x43\xe2"
   "\x03\xea\x45\xda\x29\xcb\x60\x48\x00\x10"
   "\x00\x10\x63\x48\xea\xa1\xa7\xc1\x65\xd1"
   "\x65\xc9\x65\xc1\x85\xc9\xa5\xc9\x85\xd1"
   "\x65\xd1\x24\xc9\xc7\xd9\x86\xc9\x25\xa9"
   "\x49\xba\x2c\xc3\xc6\x81\x00\x28\x00\x08"
   "\x24\x21\xff\xff\xff\xff\xff\xff\xff\xff"
   "\xff\xff\xff\xff\xff\xff\xff\xff\xff\xff"
   "\xff\xff\xff\xff\xff\xff\xff\xff\xff\xff"
   "\xff\xff\xff\xff\xff\xff\xff\xff\xff\xff"
   "\xff\xff\xff\xff\xff\xff\xff\xff\xff\xff"
   "\xff\xff\xff\xff\xff\xff\xff\xff\xff\xff"
   "\xff\xff\xff\xff\xff\xff\xff\xff\xff\xff"
   "\xff\xff\xff\xff\xff\xff\xff\xff\xff\xff"
   "\xff\xff\xff\xff\xff\xff\xff\xff\xff\xff"
   "\xff\xff\xff\xff\xff\xff\xff\xff\xff\xff"
   "\xff\xff\xff\xff\xff\xff\xe8\x39\x00\x08"
   "\x00\x18\x00\x30\x41\x50\xe7\x99\xcb\xd2"
   "\x29\xca\x8b\xda\x87\xc1\x46\xc1\x66\xc9"
   "\x26\xc1\x46\xc9\xa7\xd1\xa7\xd1\x87\xd1"
   "\x45\xc1\x46\xc1\x25\xc1\xe4\xb8\x25\xc1"
   "\x46\xc9\x25\xc9\x46\xd1\x45\xd1\xa2\xb8"
   "\x24\xc9\x85\xd1\x85\xc9\xe7\xb9\xa6\x91"
   "\xc5\x71\x00\x18\x20\x18\x00\x18\x80\x50"
   "\x06\xaa\xe9\xea\x87\xfa\xe3\xf1\x04\xfa"
   "\xc4\xf1\xc4\xd1\x24\x9a\x00\x20\xd4\xbd"
   "\xfe\xf7\xde\xf7\x9e\xf7\xde\xff\xfe\xff"
   "\xbc\xdf\x09\x43\x80\x00\x40\x00\x00\x10"
   "\x00\x18\x00\x10\x00\x10\x00\x18\x21\x20"
   "\x01\x18\x00\x08\x00\x08\x00\x10\x00\x20"
   "\x00\x40\x03\x81\xa9\xd2\x27\xda\xa4\xd9"
   "\x87\xfa\x04\xe2\x84\xea\x83\xe2\x23\xda"
   "\xe4\xd1\x04\xd2\x44\xda\x63\xda\x22\xda"
   "\x02\xe2\x44\xda\x28\xcb\x21\x61\x20\x18"
   "\x00\x18\x47\x81\x89\xb9\x05\xb9\x66\xd1"
   "\xc6\xd1\xa6\xc9\x44\xb9\x64\xc1\xe6\xd1"
   "\x68\xe2\xc6\xd1\xc3\xb8\x45\xc1\x86\xc1"
   "\x25\xa9\x49\xba\x8a\xba\x81\x58\x40\x20"
   "\x00\x00\x0b\x63\xff\xff\xff\xff\xff\xff"
   "\xff\xff\xff\xff\xff\xff\xff\xff\xff\xff"
   "\xff\xff\xff\xff\xff\xff\xff\xff\xff\xff"
   "\xff\xff\xff\xff\xff\xff\xff\xff\xff\xff"
   "\xff\xff\xff\xff\xff\xff\xff\xff\xff\xff"
   "\xff\xff\xff\xff\xff\xff\xff\xff\xff\xff"
   "\xff\xff\xff\xff\xff\xff\xff\xff\xff\xff"
   "\xff\xff\xff\xff\xff\xff\xff\xff\xff\xff"
   "\xff\xff\xff\xff\xff\xff\xff\xff\xff\xff"
   "\xff\xff\xff\xff\xff\xff\xff\xff\xff\xff"
   "\xff\xff\xff\xff\xcf\x73\x00\x08\x00\x10"
   "\x00\x28\x00\x50\x45\x91\x49\xc2\x6a\xda"
   "\x66\xc1\xc8\xd1\xc8\xd1\x45\xc1\xc7\xc9"
   "\x45\xb9\x45\xc1\xa6\xc9\x86\xc1\xa6\xc9"
   "\xa6\xc1\x07\xd2\x28\xd2\x85\xc1\x44\xb9"
   "\x44\xc1\xa6\xc9\x08\xda\xc6\xd1\x24\xc1"
   "\x85\xc9\x85\xd1\x24\xc1\x45\xc9\x86\xb9"
   "\x48\xba\xe3\x70\x00\x28\x00\x10\x00\x18"
   "\xe0\x48\xc4\x91\x46\xd2\xc5\xf1\x63\xf9"
   "\x63\xf1\xa7\xf2\x66\xaa\x00\x28\xd4\xbd"
   "\xfe\xf7\x9e\xef\xdf\xf7\x5d\xef\x1b\xdf"
   "\xe6\x29\x40\x00\x40\x00\x00\x08\x01\x30"
   "\x85\x60\x06\x79\xa9\x99\x0a\xaa\x0a\xaa"
   "\x88\x91\xa4\x68\x41\x40\x00\x20\x00\x10"
   "\x20\x18\x00\x18\x40\x40\x26\xa2\xe9\xda"
   "\x68\xe2\x83\xd1\x43\xe2\x42\xe2\x03\xea"
   "\x04\xea\xe3\xe1\xc2\xd9\x02\xda\x43\xe2"
   "\xe2\xe1\x04\xd2\x65\xa2\x60\x38\x40\x10"
   "\x00\x20\xea\xb9\x08\xc9\xe5\xc8\x25\xd1"
   "\x45\xc9\x44\xc1\x44\xb9\x64\xb9\xe6\xc9"
   "\x27\xda\xa5\xc9\x65\xc9\x86\xd1\xa7\xd1"
   "\x66\xc1\x66\xc1\x66\xb9\x66\x91\x00\x28"
   "\x00\x08\x82\x18\xff\xff\xff\xff\xff\xff"
   "\xff\xff\xff\xff\xff\xff\xff\xff\xff\xff"
   "\xff\xff\xff\xff\xff\xff\xff\xff\xff\xff"
   "\xff\xff\xff\xff\xff\xff\xff\xff\xff\xff"
   "\xff\xff\xff\xff\xff\xff\xff\xff\xff\xff"
   "\xff\xff\xff\xff\xff\xff\xff\xff\xff\xff"
   "\xff\xff\xff\xff\xff\xff\xff\xff\xff\xff"
   "\xff\xff\xff\xff\xff\xff\xff\xff\xff\xff"
   "\xff\xff\xff\xff\xff\xff\xff\xff\xff\xff"
   "\xff\xff\xff\xff\xff\xff\xff\xff\xff\xff"
   "\xff\xff\x79\xc6\x82\x10\x00\x10\x00\x20"
   "\xc4\x68\xcc\xc2\x0d\xeb\x46\xc1\x87\xc9"
   "\xa7\xd1\x25\xc1\xe4\xb8\x86\xc9\x08\xda"
   "\x44\xb9\x65\xb9\xc6\xc9\x64\xb9\xa5\xc1"
   "\xc5\xc1\xe6\xc9\x68\xda\xe6\xc9\x64\xb9"
   "\x44\xb9\x85\xc1\xe6\xd1\x85\xc9\xc7\xd1"
   "\x44\xc1\x24\xc1\x85\xd9\xa6\xd9\x24\xc9"
   "\x86\xc9\x08\xba\x03\x69\x00\x20\x40\x18"
   "\x00\x10\x00\x28\x26\x9a\x27\xd2\xc6\xe1"
   "\x43\xd1\xe5\xc9\x26\xa2\x00\x20\xb0\x9c"
   "\x7c\xe7\xff\xff\xff\xff\x7a\xd6\xa2\x18"
   "\x00\x00\xa1\x20\x00\x18\x82\x48\x05\x71"
   "\x8c\xc2\xc9\xb9\xac\xe2\x0d\xf3\x8b\xda"
   "\xed\xe2\x2d\xdb\xec\xba\x69\x92\xc1\x40"
   "\x20\x18\x20\x10\x00\x10\x00\x28\xe2\x70"
   "\x69\xc2\x89\xe2\x65\xda\x23\xe2\xc3\xe9"
   "\xc4\xf1\xe3\xf1\xe2\xe9\x02\xea\x23\xea"
   "\x03\xe2\x25\xca\x05\x92\x00\x20\x00\x10"
   "\x81\x40\xc9\xc1\xe6\xd0\x46\xd9\x25\xd1"
   "\x45\xc9\x65\xc9\x64\xc1\x64\xb9\xa5\xc1"
   "\xc5\xc9\x44\xc1\xa6\xd1\x65\xd1\x25\xc9"
   "\x66\xd1\x25\xc9\x05\xc1\xe8\xb9\x00\x40"
   "\x20\x20\x00\x08\x55\xad\xff\xff\xff\xff"
   "\xff\xff\xff\xff\xff\xff\xff\xff\xff\xff"
   "\xff\xff\xff\xff\xff\xff\xff\xff\xff\xff"
   "\xff\xff\xff\xff\xff\xff\xff\xff\xff\xff"
   "\xff\xff\xff\xff\xff\xff\xff\xff\xff\xff"
   "\xff\xff\xff\xff\xff\xff\xff\xff\xff\xff"
   "\xff\xff\xff\xff\xff\xff\xff\xff\xff\xff"
   "\xff\xff\xff\xff\xff\xff\xff\xff\xff\xff"
   "\xff\xff\xff\xff\xff\xff\xff\xff\xff\xff"
   "\xff\xff\xff\xff\xff\xff\xff\xff\xff\xff"
   "\xff\xff\x0b\x53\x00\x00\x00\x10\xa3\x48"
   "\x29\xa2\x29\xc2\x87\xc9\xe4\xc0\x86\xd9"
   "\x04\xc1\x04\xc1\xc7\xd9\xc7\xd9\x49\xe2"
   "\x45\xc1\xa6\xc9\x48\xd2\xa5\xc1\xc5\xc1"
   "\xc5\xc1\xa5\xc1\x27\xd2\xe6\xd1\xa5\xc9"
   "\x85\xc9\xa5\xc9\xc6\xd1\x45\xc1\x25\xb9"
   "\x88\xc9\xa7\xd1\x25\xc9\x04\xd1\x86\xd9"
   "\x24\xc9\x25\xb9\x29\xba\xe7\x89\x00\x20"
   "\x00\x18\x81\x28\x00\x18\x81\x40\x64\x71"
   "\x4c\xd3\x4b\xcb\xc9\x9a\x00\x18\x4c\x73"
   "\xff\xf7\x9e\xe7\xb3\x94\x01\x08\x00\x18"
   "\x00\x20\x00\x30\xc2\x70\xa6\xa1\xe4\xa0"
   "\xa7\xc1\x07\xd2\x89\xe2\xea\xea\xa5\xc1"
   "\x69\xda\x0c\xeb\xcb\xda\xeb\xca\x6d\xc3"
   "\x84\x69\xa1\x30\x20\x20\x00\x18\x00\x20"
   "\x42\x50\xec\xba\xea\xda\x87\xe2\xe5\xf1"
   "\xc4\xf9\x23\xfa\x43\xf2\x02\xf2\xc2\xe1"
   "\x05\xea\x48\xd2\x04\x69\x00\x20\x00\x18"
   "\x64\x69\xa6\xb1\x65\xc9\x45\xd1\x46\xd9"
   "\x86\xd1\x86\xc9\x85\xc1\x44\xb9\x84\xc1"
   "\xa5\xc9\x44\xc1\x24\xc9\x04\xc9\xe4\xc8"
   "\xe4\xc8\x25\xd1\x66\xd9\xc7\xc1\x66\x79"
   "\x00\x20\x00\x10\x8d\x73\xff\xff\xff\xff"
   "\xff\xff\xff\xff\xff\xff\xff\xff\xff\xff"
   "\xff\xff\xff\xff\xff\xff\xff\xff\xff\xff"
   "\xff\xff\xff\xff\xff\xff\xff\xff\xff\xff"
   "\xff\xff\xff\xff\xff\xff\xff\xff\xff\xff"
   "\xff\xff\xff\xff\xff\xff\xff\xff\xff\xff"
   "\xff\xff\xff\xff\xff\xff\xff\xff\xff\xff"
   "\xff\xff\xff\xff\xff\xff\xff\xff\xff\xff"
   "\xff\xff\xff\xff\xff\xff\xff\xff\xff\xff"
   "\xff\xff\xff\xff\xff\xff\xff\xff\xff\xff"
   "\xff\xff\x03\x19\x40\x08\x00\x10\xc7\x71"
   "\x29\xb2\xe9\xc9\xc8\xe1\x66\xd9\x45\xd1"
   "\x45\xc9\x89\xf2\xe7\xd9\x08\xe2\x49\xe2"
   "\x04\xb9\x65\xc1\x28\xd2\x85\xc1\xc6\xc9"
   "\xe6\xd1\x85\xc9\x64\xc1\xc2\xb0\xc2\xb8"
   "\x24\xc1\x44\xc1\x65\xc9\xe4\xb8\xa4\xa8"
   "\x05\xb1\x05\xc1\x05\xc1\x04\xc9\x86\xd9"
   "\xe4\xc8\xa6\xd1\x86\xb9\x29\xba\xa6\x89"
   "\x61\x48\x00\x20\x00\x10\x20\x10\x00\x10"
   "\x00\x30\x44\x69\x24\x51\x00\x10\x8a\x52"
   "\x9a\xce\xe7\x31\x21\x00\x00\x10\x00\x20"
   "\x00\x30\x04\x81\xaa\xd2\x85\xc1\x86\xd1"
   "\x03\xc1\x84\xc9\x06\xd2\xa9\xe2\xc5\xc9"
   "\xa9\xe2\xca\xea\x29\xd2\x2c\xeb\x8a\xca"
   "\x28\xa2\x89\x9a\xc2\x50\x00\x20\x00\x28"
   "\x00\x18\x00\x30\x07\x9a\x47\xc2\x28\xea"
   "\xe5\xf1\xe3\xe9\x23\xf2\x44\xf2\x44\xea"
   "\x06\xd2\x49\xba\x00\x28\x00\x20\x00\x28"
   "\x85\x81\xc5\xb9\xe6\xd9\x25\xc9\x05\xc9"
   "\x25\xc9\x65\xc9\x85\xc9\x85\xc1\x65\xc1"
   "\x84\xc1\x64\xc9\x64\xd1\x24\xc9\x45\xd1"
   "\x66\xd9\x45\xd1\x24\xc9\x86\xc1\xa7\x91"
   "\x00\x20\x40\x20\x89\x52\xff\xff\xff\xff"
   "\xff\xff\xff\xff\xff\xff\xff\xff\xff\xff"
   "\xff\xff\xff\xff\xff\xff\xff\xff\xff\xff"
   "\xff\xff\xff\xff\xff\xff\xff\xff\xff\xff"
   "\xff\xff\xff\xff\xff\xff\xff\xff\xff\xff"
   "\xff\xff\xff\xff\xff\xff\xff\xff\xff\xff"
   "\xff\xff\xff\xff\xff\xff\xff\xff\xff\xff"
   "\xff\xff\xff\xff\xff\xff\xff\xff\xff\xff"
   "\xff\xff\xff\xff\xff\xff\xff\xff\xff\xff"
   "\xff\xff\xff\xff\xff\xff\xff\xff\xff\xff"
   "\x18\xc6\x00\x00\x20\x00\x00\x10\xc7\x71"
   "\xcc\xca\xe9\xd9\x87\xd9\xa7\xe9\xc7\xd9"
   "\x85\xc9\x64\xc1\xa6\xc9\x86\xd1\xe4\xc0"
   "\x46\xc9\x86\xc9\xc7\xd1\xe7\xd1\x65\xc1"
   "\x86\xd1\x04\xc1\x82\xb8\x86\xd9\x04\xc9"
   "\x42\xb0\x82\xb8\x25\xc9\x46\xc9\xa3\xa0"
   "\xe4\xa8\x45\xc1\x46\xc9\x45\xc9\x25\xc1"
   "\x65\xc9\xc6\xd1\xe7\xd1\x24\xb1\x25\xb1"
   "\x87\xa9\xe5\x78\x01\x38\x00\x18\x00\x10"
   "\x00\x18\x00\x18\x00\x10\x20\x10\x20\x08"
   "\x20\x00\x21\x00\x00\x08\x00\x18\x00\x38"
   "\xe3\x78\xe7\xb1\x27\xd2\x64\xc1\xe6\xe1"
   "\x64\xd1\x85\xc9\x28\xda\x45\xb9\x08\xd2"
   "\x28\xd2\xca\xe2\xaa\xda\x0c\xeb\x69\xda"
   "\x87\xb9\xa7\xb9\x08\xb2\x24\x79\x00\x30"
   "\x00\x10\x20\x18\x00\x20\xe6\x89\xaa\xca"
   "\x07\xda\x26\xe2\x46\xea\x04\xda\x04\xca"
   "\xc9\xc2\x00\x48\x00\x20\x00\x18\x01\x48"
   "\xc7\xa1\xc5\xc1\x26\xda\x86\xd1\x66\xd1"
   "\x45\xc9\x45\xc1\x65\xc9\x85\xc9\x65\xc9"
   "\x24\xc1\x24\xc9\x65\xd1\x44\xc9\x65\xd1"
   "\xc7\xd9\xa6\xd9\x45\xc9\xc7\xc1\xe8\xa1"
   "\x41\x48\x00\x10\xe6\x41\xff\xff\xff\xff"
   "\xff\xff\xff\xff\xff\xff\xff\xff\xff\xff"
   "\xff\xff\xff\xff\xff\xff\xff\xff\xff\xff"
   "\xff\xff\xff\xff\xff\xff\xff\xff\xff\xff"
   "\xff\xff\xff\xff\xff\xff\xff\xff\xff\xff"
   "\xff\xff\xff\xff\xff\xff\xff\xff\xff\xff"
   "\xff\xff\xff\xff\xff\xff\xff\xff\xff\xff"
   "\xff\xff\xff\xff\xff\xff\xff\xff\xff\xff"
   "\xff\xff\xff\xff\xff\xff\xff\xff\xff\xff"
   "\xff\xff\xff\xff\xff\xff\xff\xff\xff\xff"
   "\xf7\xc5\x00\x00\x20\x08\x00\x10\xa6\x71"
   "\x8b\xca\x09\xda\x87\xd9\x24\xd1\x44\xc1"
   "\xa5\xc1\xc6\xc9\xc6\xc9\xe8\xe1\x09\xe2"
   "\xe8\xd9\x86\xc9\x45\xc1\x86\xc9\x66\xc9"
   "\xc3\xb8\xc3\xc0\x83\xc0\x01\xb0\x00\xa8"
   "\x05\xc9\x87\xd9\x05\xc1\x45\xc1\x64\xb9"
   "\xa4\xc1\xa6\xc9\x86\xc9\x66\xc9\x46\xc9"
   "\x65\xc9\x65\xc9\xa6\xd1\x65\xd1\x66\xd1"
   "\x87\xc9\xa8\xb9\xa8\xa1\xe5\x68\x00\x30"
   "\x00\x28\x00\x18\x00\x10\x00\x10\x00\x08"
   "\x00\x10\x00\x18\x00\x20\x00\x38\xc7\x89"
   "\x69\xb2\x85\xb1\x64\xb1\x44\xc1\x84\xd1"
   "\x23\xc9\xa6\xd1\x87\xc9\xa7\xc9\x87\xc1"
   "\xe7\xc9\x69\xd2\xcb\xe2\x28\xd2\x86\xc9"
   "\x87\xd1\xc8\xd9\x86\xc1\x65\xa1\xa5\x89"
   "\xe1\x50\x00\x18\x00\x18\x00\x28\x03\x71"
   "\x89\xc2\xca\xda\x47\xd2\x66\xca\xe9\xc2"
   "\xa0\x50\x00\x20\x00\x18\x00\x20\xc4\x70"
   "\x08\xba\x64\xb9\xe5\xd9\xc6\xd1\x66\xc9"
   "\x45\xc1\x65\xc9\x65\xc9\x65\xc9\x86\xd1"
   "\xa6\xd9\x45\xd1\x44\xd1\x03\xc1\xe3\xc0"
   "\x65\xc9\x65\xc9\x65\xc1\x07\xca\xe8\xa9"
   "\x62\x58\x00\x18\x84\x31\xff\xff\xff\xff"
   "\xff\xff\xff\xff\xff\xff\xff\xff\xff\xff"
   "\xff\xff\xff\xff\xff\xff\xff\xff\xff\xff"
   "\xff\xff\xff\xff\xff\xff\xff\xff\xff\xff"
   "\xff\xff\xff\xff\xff\xff\xff\xff\xff\xff"
   "\xff\xff\xff\xff\xff\xff\xff\xff\xff\xff"
   "\xff\xff\xff\xff\xff\xff\xff\xff\xff\xff"
   "\xff\xff\xff\xff\xff\xff\xff\xff\xff\xff"
   "\xff\xff\xff\xff\xff\xff\xff\xff\xff\xff"
   "\xff\xff\xff\xff\xff\xff\xff\xff\xff\xff"
   "\xd7\xc5\x00\x00\x20\x08\x00\x10\x85\x69"
   "\x08\xba\xe9\xd9\xe8\xe1\xa7\xd9\xe6\xc9"
   "\x06\xca\xa5\xc1\x03\xb1\x66\xc9\x86\xc9"
   "\x45\xb9\xc7\xc9\x65\xb9\x44\xb9\x08\xda"
   "\xa7\xd1\xc3\xc0\xa3\xb8\xa4\xc0\xc4\xc0"
   "\xa4\xb0\x25\xb9\x67\xb9\x44\xb1\x83\xc1"
   "\x82\xc1\x43\xc1\x03\xb1\xc3\xb8\xc4\xb8"
   "\xc4\xc0\x83\xc0\xa3\xc8\x24\xd9\x44\xd1"
   "\xe3\xc0\x24\xc1\xe8\xd9\xc9\xd1\x05\xa1"
   "\x82\x68\x40\x48\x00\x38\x00\x28\x00\x28"
   "\x00\x30\x21\x50\x22\x60\xe8\xa1\x8b\xc2"
   "\x29\xba\xa6\xa9\x27\xc2\x68\xd2\x64\xc1"
   "\x65\xc9\x67\xd1\x06\xc1\xa8\xc9\x66\xc1"
   "\x45\xb1\x49\xd2\x8a\xda\x86\xb9\xa7\xc9"
   "\x46\xc9\x66\xd1\x66\xd1\x65\xc1\xe7\xc1"
   "\x85\xa9\x60\x68\x40\x30\x00\x18\x00\x20"
   "\xe3\x60\x87\x91\x28\xa2\xe5\x89\xe0\x48"
   "\x60\x20\x00\x10\x00\x20\x82\x58\xc8\xa9"
   "\xe8\xc1\x24\xc1\x65\xc9\xa6\xd1\x65\xc1"
   "\x45\xc1\x65\xc9\x65\xd1\x65\xd1\xa6\xd9"
   "\x08\xea\x65\xd1\x65\xd1\x44\xc9\x44\xc1"
   "\xa5\xc9\xa5\xc1\x85\xb9\xc6\xc1\xe8\xb9"
   "\xa3\x68\x00\x18\xc2\x20\xff\xff\xff\xff"
   "\xff\xff\xff\xff\xff\xff\xff\xff\xff\xff"
   "\xff\xff\xff\xff\xff\xff\xff\xff\xff\xff"
   "\xff\xff\xff\xff\xff\xff\xff\xff\xff\xff"
   "\xff\xff\xff\xff\xff\xff\xff\xff\xff\xff"
   "\xff\xff\xff\xff\xff\xff\xff\xff\xff\xff"
   "\xff\xff\xff\xff\xff\xff\xff\xff\xff\xff"
   "\xff\xff\xff\xff\xff\xff\xff\xff\xff\xff"
   "\xff\xff\xff\xff\xff\xff\xff\xff\xff\xff"
   "\xff\xff\xff\xff\xff\xff\xff\xff\xff\xff"
   "\xb7\xc5\x00\x00\x20\x08\x00\x10\x44\x61"
   "\x29\xba\xe8\xd1\xe8\xe1\x08\xe2\x27\xd2"
   "\xe6\xc1\xa5\xc1\x85\xc1\x66\xc1\x25\xb9"
   "\x45\xb9\xc7\xc9\x65\xb9\x24\xb1\xe7\xd1"
   "\xe7\xd9\xe4\xc0\x46\xc9\x83\xb0\xc4\xb8"
   "\x05\xb1\x05\xa1\x66\xa1\xe6\xb9\x04\xd2"
   "\x04\xda\xc4\xc9\x23\xb9\xc3\xb0\xa4\xb0"
   "\x84\xb8\x63\xb8\x22\xb8\x04\xd1\x65\xd9"
   "\x23\xc9\x03\xc9\x45\xd1\x45\xd1\x45\xc9"
   "\x08\xc2\xe7\xa9\xc6\x99\x85\x89\x44\x81"
   "\x85\x91\xe8\xb1\xe8\xb9\x6b\xd2\xa8\xc1"
   "\x25\xa9\x86\xb1\x28\xca\x69\xd2\x04\xb9"
   "\x86\xd1\x46\xd1\x46\xc9\x66\xc9\xc8\xd1"
   "\x04\xb1\x69\xda\x08\xda\xa7\xd1\x8a\xf2"
   "\x45\xd1\x05\xc9\x46\xd1\x25\xc9\x86\xd1"
   "\x07\xda\x07\xba\x80\x58\x00\x20\x00\x18"
   "\x00\x20\x00\x28\x00\x30\x00\x28\x00\x18"
   "\x00\x18\x00\x20\x40\x58\xa7\xa1\xa8\xb9"
   "\x87\xc1\xc7\xd1\x65\xc1\x65\xc1\x65\xc1"
   "\x85\xc9\x86\xc9\x86\xd1\x65\xd1\x86\xd9"
   "\xe7\xe1\x45\xd1\x45\xc9\x44\xc1\x64\xc1"
   "\x85\xc1\x64\xb9\x44\xb1\x44\xb1\xc8\xc1"
   "\x04\x81\x00\x18\x40\x08\xff\xff\xff\xff"
   "\xff\xff\xff\xff\xff\xff\xff\xff\xff\xff"
   "\xff\xff\xff\xff\xff\xff\xff\xff\xff\xff"
   "\xff\xff\xff\xff\xff\xff\xff\xff\xff\xff"
   "\xff\xff\xff\xff\xff\xff\xff\xff\xff\xff"
   "\xff\xff\xff\xff\xff\xff\xff\xff\xff\xff"
   "\xff\xff\xff\xff\xff\xff\xff\xff\xff\xff"
   "\xff\xff\xff\xff\xff\xff\xff\xff\xff\xff"
   "\xff\xff\xff\xff\xff\xff\xff\xff\xff\xff"
   "\xff\xff\xff\xff\xff\xff\xff\xff\xff\xff"
   "\x97\xc5\x00\x08\x20\x10\x00\x10\x03\x59"
   "\x29\xba\xe8\xd1\xe8\xd9\x08\xda\x27\xca"
   "\x07\xca\xc7\xc9\xc7\xd1\x45\xc9\x66\xc9"
   "\x08\xda\x65\xc1\x04\xb9\xa6\xc9\xa6\xd1"
   "\x45\xc9\x09\xea\x87\xd9\x05\xc1\xe9\xd9"
   "\xc8\xb9\x25\x99\x49\xb2\x28\xb2\x84\xc1"
   "\xa4\xd1\xe5\xd1\x64\xb9\xe3\xa8\xa3\xa0"
   "\xa4\xa8\xa4\xb0\x84\xb8\x05\xc9\x04\xc1"
   "\x03\xc1\x64\xc1\xa4\xc1\x63\xb9\x43\xb1"
   "\x65\xc1\x86\xc1\xc7\xc1\xc6\xb9\xa6\xb9"
   "\xc6\xc1\xc7\xd1\x87\xd1\x05\xc1\x46\xc9"
   "\xc8\xd1\x87\xc1\xe4\xa8\xc7\xc9\x66\xc1"
   "\xa7\xd9\x45\xd1\xa6\xd9\x65\xc9\xe7\xd1"
   "\x85\xc1\x49\xe2\xa7\xd9\xe8\xe9\x4a\xfa"
   "\x67\xe1\x25\xd1\x25\xc9\x45\xc1\xe8\xd1"
   "\x29\xda\x86\xb9\xc6\xb1\x43\x81\x20\x40"
   "\x00\x20\x00\x20\x00\x20\x00\x18\x00\x20"
   "\x00\x30\xa1\x68\x86\xb9\xc8\xd1\x05\xb9"
   "\x66\xc1\x28\xd2\x24\xb1\x65\xb9\xa6\xc9"
   "\xc7\xd1\xa7\xd1\x86\xd1\x86\xd1\x86\xd1"
   "\x66\xd1\xc7\xd9\x85\xc9\x65\xc1\x44\xc1"
   "\x64\xc1\x65\xc1\x85\xc1\x85\xc1\xa7\xc1"
   "\x46\x99\x00\x20\x00\x00\xf6\xb5\xff\xff"
   "\xff\xff\xff\xff\xff\xff\xff\xff\xff\xff"
   "\xff\xff\xff\xff\xff\xff\xff\xff\xff\xff"
   "\xff\xff\xff\xff\xff\xff\xff\xff\xff\xff"
   "\xff\xff\xff\xff\xff\xff\xff\xff\xff\xff"
   "\xff\xff\xff\xff\xff\xff\xff\xff\xff\xff"
   "\xff\xff\xff\xff\xff\xff\xff\xff\xff\xff"
   "\xff\xff\xff\xff\xff\xff\xff\xff\xff\xff"
   "\xff\xff\xff\xff\xff\xff\xff\xff\xff\xff"
   "\xff\xff\xff\xff\xff\xff\xff\xff\xff\xff"
   "\x97\xcd\x00\x08\x20\x10\x00\x10\xe3\x58"
   "\xe8\xb1\x29\xda\x29\xe2\x07\xda\xe7\xc1"
   "\x07\xca\xa7\xd1\x25\xc9\xe4\xb8\x04\xc1"
   "\xa6\xd1\x65\xc1\x85\xc9\x07\xda\x85\xc9"
   "\x86\xd1\x45\xc9\x29\xea\xc4\xb0\xe4\xa8"
   "\xe8\xb1\x00\x58\x00\x40\x61\x60\x65\x99"
   "\xc6\xb1\x07\xba\x07\xb2\xa6\xa1\x45\x99"
   "\x45\xa1\x66\xb1\xe4\xa8\x46\xb9\x04\xb1"
   "\xa2\xa8\x44\xb1\xa5\xb9\x83\xb1\x43\xb1"
   "\x86\xc9\x66\xc9\x86\xc9\x65\xc9\x44\xc1"
   "\x85\xd1\xa6\xd1\x25\xc9\xe4\xc8\x05\xc9"
   "\x87\xd1\x66\xc9\x05\xc1\xe8\xd9\xe8\xd9"
   "\x66\xd1\x24\xd1\xa5\xd9\x44\xc1\x44\xc1"
   "\xc6\xc9\x65\xc1\x86\xd9\x87\xe1\x47\xd9"
   "\x26\xd9\x25\xc9\x25\xc1\x45\xc1\xa6\xc1"
   "\xa7\xc9\x85\xc1\xe2\xb0\x06\xba\xa7\x99"
   "\xa3\x60\x41\x40\x00\x30\x20\x38\xe2\x60"
   "\x43\x89\x07\xba\xa7\xd1\x26\xc9\x87\xd1"
   "\xe8\xd1\x27\xd2\x06\xca\x44\xb9\xa6\xd1"
   "\xc7\xd1\x86\xc9\x65\xc9\x86\xd1\x66\xc9"
   "\x24\xc1\xc7\xd1\x85\xc1\x85\xc1\xa6\xc9"
   "\x85\xc9\x85\xc9\x86\xd1\x66\xc9\x67\xc9"
   "\xa7\xa9\x00\x28\x00\x00\xf2\x94\xff\xff"
   "\xff\xff\xff\xff\xff\xff\xff\xff\xff\xff"
   "\xff\xff\xff\xff\xff\xff\xff\xff\xff\xff"
   "\xff\xff\xff\xff\xff\xff\xff\xff\xff\xff"
   "\xff\xff\xff\xff\xff\xff\xff\xff\xff\xff"
   "\xff\xff\xff\xff\xff\xff\xff\xff\xff\xff"
   "\xff\xff\xff\xff\xff\xff\xff\xff\xff\xff"
   "\xff\xff\xff\xff\xff\xff\xff\xff\xff\xff"
   "\xff\xff\xff\xff\xff\xff\xff\xff\xff\xff"
   "\xff\xff\xff\xff\xff\xff\xff\xff\xff\xff"
   "\xb8\xcd\x00\x08\x20\x10\x00\x10\xc2\x50"
   "\x8a\xc2\x4a\xda\x08\xda\x86\xc9\x65\xb1"
   "\x65\xb9\x66\xd1\x46\xd9\x04\xc1\x45\xc1"
   "\x64\xc1\xa5\xc1\x48\xda\x06\xd2\x24\xb9"
   "\x65\xc9\x07\xda\x65\xc1\xc3\xa0\x04\x99"
   "\x85\x91\x40\x50\x68\x82\x85\x59\x41\x30"
   "\x21\x38\x41\x40\xa1\x50\xc2\x58\xe2\x68"
   "\x23\x71\x64\x89\x86\x99\x6a\xba\x6a\xca"
   "\x09\xc2\x49\xca\x08\xca\xa5\xc1\xa6\xc1"
   "\xc7\xc9\xa7\xc9\x66\xc9\x04\xc1\x24\xc1"
   "\xa5\xd1\xe6\xd9\x85\xc9\x85\xc9\x24\xc1"
   "\xa3\xc0\xe4\xc8\xa7\xe1\xa7\xd9\x86\xd1"
   "\x04\xb9\xa5\xc9\xe6\xd9\x23\xb9\x64\xc1"
   "\x85\xc9\x65\xc1\x49\xda\x86\xc1\x25\xb9"
   "\x45\xc1\x45\xc1\x86\xc9\xc7\xd1\x85\xc9"
   "\x65\xc1\x07\xd2\x06\xd2\x64\xc1\x26\xb9"
   "\xe9\xc9\x2a\xba\x87\xa1\x86\xa9\x48\xca"
   "\xc7\xc9\x86\xc1\x05\xb1\x26\xb1\xe9\xd1"
   "\x6a\xe2\x88\xea\xc9\xf2\x44\xc1\x65\xc9"
   "\x65\xc9\x45\xc9\x65\xc9\xa7\xd1\xe7\xd1"
   "\xe7\xd1\xa6\xc9\x45\xb9\x65\xc1\xa6\xc9"
   "\x45\xc9\x45\xd1\x45\xd1\xe4\xc8\x26\xc9"
   "\xc8\xb1\x00\x30\x00\x00\xcd\x73\xff\xff"
   "\xff\xff\xff\xff\xff\xff\xff\xff\xff\xff"
   "\xff\xff\xff\xff\xff\xff\xff\xff\xff\xff"
   "\xff\xff\xff\xff\xff\xff\xff\xff\xff\xff"
   "\xff\xff\xff\xff\xff\xff\xff\xff\xff\xff"
   "\xff\xff\xff\xff\xff\xff\xff\xff\xff\xff"
   "\xff\xff\xff\xff\xff\xff\xff\xff\xff\xff"
   "\xff\xff\xff\xff\xff\xff\xff\xff\xff\xff"
   "\xff\xff\xff\xff\xff\xff\xff\xff\xff\xff"
   "\xff\xff\xff\xff\xff\xff\xff\xff\xff\xff"
   "\xd8\xcd\x00\x08\x20\x10\x00\x10\xc3\x50"
   "\x08\xb2\x87\xc1\xc7\xd1\x29\xda\x08\xca"
   "\x65\xb9\x05\xc1\x66\xd1\xe4\xb8\x08\xda"
   "\x65\xc1\x85\xc1\x88\xda\x68\xda\xa6\xc9"
   "\x03\xb9\x44\xc1\x82\xa8\x65\xb1\xa6\xa1"
   "\x03\x69\xc5\x69\xbc\xff\x9c\xff\x5c\xef"
   "\x17\xce\x91\xa4\x6c\x8b\x67\x6a\x42\x51"
   "\x80\x40\x60\x40\x00\x38\x00\x48\x00\x48"
   "\x00\x58\x62\x70\x82\x78\xa2\x80\x86\xa1"
   "\x86\x99\xa7\xa1\xc7\xb1\xc7\xb1\x07\xc2"
   "\xa9\xd2\xc9\xca\x47\xba\xe6\xb1\xa9\xd2"
   "\x08\xca\x86\xc1\x09\xd2\x25\xb1\x85\xb1"
   "\xa6\xb1\x88\xca\xea\xda\x85\xb1\x89\xd2"
   "\xc6\xb9\xaa\xd2\xae\xeb\x48\xba\xe7\xa9"
   "\x28\xba\xe7\xb9\x08\xc2\xeb\xe2\xaa\xda"
   "\xe7\xb9\xc6\xb1\x27\xc2\xc6\xb1\xc8\xb9"
   "\xc8\xb1\x87\xa1\xc8\xa9\xc8\xc1\x05\xb9"
   "\x26\xc9\x05\xc1\xe8\xc9\xa7\xc1\x24\xb1"
   "\xc6\xd1\x06\xda\x64\xc9\x65\xc9\x44\xc1"
   "\x24\xc9\x45\xc9\x86\xc9\x08\xd2\xaa\xe2"
   "\x0c\xf3\x8a\xe2\xe7\xc9\xc7\xc9\xc6\xc9"
   "\x65\xc9\x66\xd1\x87\xe1\x66\xd9\x26\xc9"
   "\xe8\xb1\x00\x30\x00\x00\x0b\x63\xff\xff"
   "\xff\xff\xff\xff\xff\xff\xff\xff\xff\xff"
   "\xff\xff\xff\xff\xff\xff\xff\xff\xff\xff"
   "\xff\xff\xff\xff\xff\xff\xff\xff\xff\xff"
   "\xff\xff\xff\xff\xff\xff\xff\xff\xff\xff"
   "\xff\xff\xff\xff\xff\xff\xff\xff\xff\xff"
   "\xff\xff\xff\xff\xff\xff\xff\xff\xff\xff"
   "\xff\xff\xff\xff\xff\xff\xff\xff\xff\xff"
   "\xff\xff\xff\xff\xff\xff\xff\xff\xff\xff"
   "\xff\xff\xff\xff\xff\xff\xff\xff\xff\xff"
   "\xff\xff\x00\x00\x01\x08\x00\x08\xc3\x48"
   "\xe8\xb1\x86\xc9\xa6\xd1\x08\xda\xe7\xc9"
   "\x66\xb9\x6a\xe2\x04\xb9\xa7\xd1\x29\xda"
   "\x66\xc9\xa2\xa8\xc6\xb9\x89\xda\xa6\xd1"
   "\x65\xd1\x65\xc9\xa3\xb0\x46\xb9\xe8\xb1"
   "\x00\x38\x0a\x7b\xfd\xff\xbc\xff\xfc\xff"
   "\xdb\xff\xdb\xff\xfb\xff\xfc\xff\xba\xff"
   "\x39\xf7\xb7\xee\x73\xc5\xb1\xb4\x8c\x93"
   "\x89\x72\xa5\x59\x03\x49\x40\x30\x00\x28"
   "\x00\x20\x00\x20\x00\x28\x00\x28\x00\x38"
   "\x20\x38\x40\x40\x60\x40\xc2\x50\xc2\x50"
   "\xe3\x60\x04\x69\x24\x69\x45\x71\x65\x71"
   "\x85\x71\xc6\x89\x48\x9a\x28\x9a\x86\x81"
   "\x86\x81\x28\x92\x48\x92\xc7\x81\xa6\x81"
   "\x86\x81\x65\x79\x65\x79\x65\x79\x45\x79"
   "\xe3\x68\x61\x58\x81\x50\x40\x40\x60\x30"
   "\x00\x20\x00\x20\x00\x30\x05\x89\xc9\xc1"
   "\x26\xc9\x26\xc9\x86\xc9\x45\xb9\xa5\xc1"
   "\xc5\xc1\x02\xb9\xa5\xc9\x44\xb9\xe6\xd1"
   "\xc3\xc8\x45\xd9\x65\xc1\xc6\xc1\x49\xd2"
   "\xa7\xc1\xe8\xd1\xeb\xf2\x2c\xeb\x27\xca"
   "\x65\xb9\xa6\xd1\xa6\xd9\x25\xc9\x26\xc9"
   "\x08\xba\x60\x38\x00\x08\xc7\x41\xff\xff"
   "\xff\xff\xff\xff\xff\xff\xff\xff\xff\xff"
   "\xff\xff\xff\xff\xff\xff\xff\xff\xff\xff"
   "\xff\xff\xff\xff\xff\xff\xff\xff\xff\xff"
   "\xff\xff\xff\xff\xff\xff\xff\xff\xff\xff"
   "\xff\xff\xff\xff\xff\xff\xff\xff\xff\xff"
   "\xff\xff\xff\xff\xff\xff\xff\xff\xff\xff"
   "\xff\xff\xff\xff\xff\xff\xff\xff\xff\xff"
   "\xff\xff\xff\xff\xff\xff\xff\xff\xff\xff"
   "\xff\xff\xff\xff\xff\xff\xff\xff\xff\xff"
   "\xff\xff\x21\x08\x01\x08\x00\x00\xa3\x40"
   "\xab\xca\xa6\xd1\xc6\xd1\x69\xe2\x08\xd2"
   "\x66\xb9\x8a\xe2\x8a\xe2\x08\xd2\x25\xc1"
   "\xc4\xb8\x45\xc1\x68\xd2\xa5\xb1\x03\xb9"
   "\xa7\xd9\xc3\xb0\x49\xda\x45\xb1\xc3\x80"
   "\x20\x30\x93\xbd\xdc\xff\x9b\xef\xdb\xff"
   "\xb9\xf7\x99\xf7\xba\xf7\xdb\xff\xfb\xff"
   "\xdb\xff\xbb\xf7\xfc\xff\xdc\xff\xbc\xff"
   "\xdc\xff\xdc\xff\x9b\xf7\x3a\xef\xd9\xde"
   "\xf5\xc5\x94\xbd\xf2\xa4\x2f\x94\x8d\x83"
   "\xea\x6a\x68\x62\x27\x5a\x44\x41\x23\x41"
   "\x03\x39\xc2\x38\xa1\x30\x61\x30\x20\x28"
   "\x00\x28\x00\x28\x00\x30\x00\x30\x00\x28"
   "\x00\x20\x00\x28\x00\x30\x00\x28\x00\x28"
   "\x00\x28\x00\x28\x00\x28\x20\x30\x61\x38"
   "\x81\x38\x61\x30\xe2\x38\xa5\x49\xe6\x39"
   "\x47\x42\x8d\x73\x81\x30\x00\x40\x67\xa1"
   "\x88\xc9\x46\xc9\x65\xc9\x44\xc1\x84\xc1"
   "\xe6\xc9\x85\xc9\x65\xc1\xe6\xc9\x85\xc9"
   "\x46\xe1\x05\xd1\x65\xc1\xeb\xe2\x28\xca"
   "\xa6\xc1\xc7\xd1\x29\xda\x89\xda\x48\xca"
   "\xa6\xc1\x24\xc1\x04\xc1\x25\xc9\x66\xc9"
   "\xe8\xb1\x81\x40\x00\x08\x25\x39\xff\xff"
   "\xff\xff\xff\xff\xff\xff\xff\xff\xff\xff"
   "\xff\xff\xff\xff\xff\xff\xff\xff\xff\xff"
   "\xff\xff\xff\xff\xff\xff\xff\xff\xff\xff"
   "\xff\xff\xff\xff\xff\xff\xff\xff\xff\xff"
   "\xff\xff\xff\xff\xff\xff\xff\xff\xff\xff"
   "\xff\xff\xff\xff\xff\xff\xff\xff\xff\xff"
   "\xff\xff\xff\xff\xff\xff\xff\xff\xff\xff"
   "\xff\xff\xff\xff\xff\xff\xff\xff\xff\xff"
   "\xff\xff\xff\xff\xff\xff\xff\xff\xff\xff"
   "\xff\xff\x62\x10\x21\x08\x00\x00\x82\x38"
   "\xec\xd2\x86\xc9\x65\xc9\x69\xe2\x49\xda"
   "\xe8\xc9\x08\xd2\x28\xda\x45\xb9\x45\xc1"
   "\x25\xc9\x25\xc1\x69\xda\xa9\xda\x49\xda"
   "\xc7\xc9\x49\xd2\x04\x99\xe4\x88\x20\x58"
   "\x02\x41\xdc\xff\xdc\xff\xdc\xff\xdb\xff"
   "\xda\xff\xba\xf7\xba\xf7\xba\xf7\xdb\xff"
   "\xfb\xff\xfc\xff\xdb\xff\xbb\xff\xdc\xff"
   "\xfc\xff\xfd\xff\xfd\xff\xfc\xff\xdc\xff"
   "\xfd\xff\xfd\xff\xdc\xff\xdc\xff\xdc\xff"
   "\xdd\xff\xdd\xff\xdc\xff\xdd\xff\xbc\xff"
   "\x9c\xff\x7b\xff\x3a\xff\xf9\xfe\xd9\xf6"
   "\xd9\xf6\xb8\xe6\x97\xde\x77\xde\x98\xe6"
   "\xb8\xe6\x97\xde\x97\xde\xb8\xe6\xd8\xe6"
   "\xf9\xee\x19\xef\xf9\xee\x19\xef\x5a\xf7"
   "\xbc\xff\xdc\xff\xbc\xff\xdc\xff\xbc\xf7"
   "\xdd\xf7\xdd\xff\x54\xbd\x00\x28\xe4\x78"
   "\xa7\xb1\xa7\xc1\x66\xc9\x65\xd1\x45\xd1"
   "\x44\xc9\x65\xd1\x24\xc9\x48\xda\xe3\xb8"
   "\x25\xd1\xc7\xe1\x07\xca\xca\xda\x07\xc2"
   "\xc7\xc1\x46\xc9\x66\xc9\xa7\xc9\xc6\xc1"
   "\x85\xc1\x65\xc9\xc7\xd1\x49\xe2\xa7\xd1"
   "\xa7\xb1\xa1\x40\x00\x08\xa3\x28\xff\xff"
   "\xff\xff\xff\xff\xff\xff\xff\xff\xff\xff"
   "\xff\xff\xff\xff\xff\xff\xff\xff\xff\xff"
   "\xff\xff\xff\xff\xff\xff\xff\xff\xff\xff"
   "\xff\xff\xff\xff\xff\xff\xff\xff\xff\xff"
   "\xff\xff\xff\xff\xff\xff\xff\xff\xff\xff"
   "\xff\xff\xff\xff\xff\xff\xff\xff\xff\xff"
   "\xff\xff\xff\xff\xff\xff\xff\xff\xff\xff"
   "\xff\xff\xff\xff\xff\xff\xff\xff\xff\xff"
   "\xff\xff\xff\xff\xff\xff\xff\xff\xff\xff"
   "\xff\xff\xe4\x18\x01\x00\x00\x00\x41\x30"
   "\x69\xc2\xa6\xc9\x85\xc9\xe7\xd1\xe8\xc9"
   "\x49\xd2\x66\xc1\x24\xb9\x65\xc1\x65\xc1"
   "\x66\xd1\x4a\xea\x8a\xe2\x08\xca\x86\xb9"
   "\x65\xa9\xe7\xa9\x69\xaa\x82\x68\x00\x30"
   "\x97\xe6\x9a\xef\xfd\xff\x9b\xf7\xfb\xff"
   "\xfb\xff\xfb\xff\xdb\xff\xdb\xff\xdb\xff"
   "\xbb\xff\xdb\xff\xfc\xff\xdb\xff\xbb\xf7"
   "\x9b\xf7\x9b\xf7\x9b\xf7\xbc\xff\xdc\xff"
   "\xdc\xff\xdb\xff\xbb\xf7\xdb\xff\xdc\xff"
   "\xdc\xff\xdc\xff\xdc\xff\xbb\xff\x9b\xff"
   "\x9b\xff\x9b\xff\x9b\xff\xbb\xff\xbb\xff"
   "\xdc\xff\xfc\xff\xdc\xff\xdc\xff\xfc\xff"
   "\xfc\xff\xfc\xff\xfc\xff\xfc\xff\xbb\xf7"
   "\xdb\xf7\xfc\xff\xfc\xff\xdb\xf7\xdb\xf7"
   "\xdc\xf7\xfc\xff\xfc\xff\x9b\xff\xdc\xff"
   "\xfd\xff\x5b\xef\xdd\xff\x27\x62\x00\x28"
   "\xe7\x91\x08\xba\x25\xb9\x25\xd1\x46\xd9"
   "\xe4\xd0\x05\xd1\x45\xd1\x44\xc1\xe7\xd9"
   "\x04\xc9\x25\xc9\xa2\x98\xa5\xa9\x69\xca"
   "\x62\x98\xa3\xb0\x25\xc9\x66\xc9\x45\xb9"
   "\x65\xc9\x28\xda\xaa\xea\xaa\xea\xc8\xd1"
   "\xa7\xa9\xe2\x50\x00\x10\x21\x18\xff\xff"
   "\xff\xff\xff\xff\xff\xff\xff\xff\xff\xff"
   "\xff\xff\xff\xff\xff\xff\xff\xff\xff\xff"
   "\xff\xff\xff\xff\xff\xff\xff\xff\xff\xff"
   "\xff\xff\xff\xff\xff\xff\xff\xff\xff\xff"
   "\xff\xff\xff\xff\xff\xff\xff\xff\xff\xff"
   "\xff\xff\xff\xff\xff\xff\xff\xff\xff\xff"
   "\xff\xff\xff\xff\xff\xff\xff\xff\xff\xff"
   "\xff\xff\xff\xff\xff\xff\xff\xff\xff\xff"
   "\xff\xff\xff\xff\xff\xff\xff\xff\xff\xff"
   "\xff\xff\x66\x31\x01\x00\x00\x00\x21\x30"
   "\xc7\xa9\xe7\xd1\xe7\xd1\xc6\xd1\x66\xb9"
   "\xc7\xc9\x25\xb9\x45\xb9\xa6\xc1\xc7\xd1"
   "\x25\xd1\x4a\xf2\x29\xd2\x49\xca\x49\xc2"
   "\xaa\xba\x69\x9a\x61\x50\x00\x28\x53\xcd"
   "\xdb\xff\xdb\xef\xfc\xff\xfc\xff\xdb\xff"
   "\xdb\xff\xfb\xff\xfb\xff\xdb\xff\xdb\xff"
   "\xdb\xff\xdb\xff\xdb\xff\xdb\xff\xdb\xff"
   "\xfb\xff\xdc\xff\xdb\xff\xdb\xff\xdb\xff"
   "\xdb\xff\xdb\xf7\xdb\xf7\xdb\xf7\xdb\xff"
   "\xdb\xff\xdb\xff\xdb\xff\xfb\xff\xdb\xff"
   "\xdb\xff\xdb\xff\xdb\xff\xdb\xff\xdb\xff"
   "\xdb\xff\xbb\xf7\xbb\xf7\xbb\xf7\xbb\xf7"
   "\xbb\xf7\xbb\xf7\xbb\xf7\xbb\xf7\xdb\xf7"
   "\xfb\xff\xfc\xff\xfc\xff\xfc\xff\xdb\xf7"
   "\xdb\xf7\xdb\xf7\xdb\xff\xfc\xff\xbb\xff"
   "\xdc\xff\xdd\xff\xbc\xff\xb8\xde\x00\x18"
   "\x23\x59\x27\xa2\x45\xb1\xe5\xc8\x26\xe1"
   "\xe5\xd8\x06\xd9\x46\xd1\xa6\xd1\xeb\xf2"
   "\x87\xd1\x86\xc9\x40\x88\x61\x88\x48\xca"
   "\x82\xa0\x42\xb0\x05\xc9\x86\xd1\x45\xc9"
   "\x66\xc9\x28\xda\x28\xda\xa6\xc9\x66\xc9"
   "\x86\xa9\xe2\x58\x00\x10\x00\x10\xff\xff"
   "\xff\xff\xff\xff\xff\xff\xff\xff\xff\xff"
   "\xff\xff\xff\xff\xff\xff\xff\xff\xff\xff"
   "\xff\xff\xff\xff\xff\xff\xff\xff\xff\xff"
   "\xff\xff\xff\xff\xff\xff\xff\xff\xff\xff"
   "\xff\xff\xff\xff\xff\xff\xff\xff\xff\xff"
   "\xff\xff\xff\xff\xff\xff\xff\xff\xff\xff"
   "\xff\xff\xff\xff\xff\xff\xff\xff\xff\xff"
   "\xff\xff\xff\xff\xff\xff\xff\xff\xff\xff"
   "\xff\xff\xff\xff\xff\xff\xff\xff\xff\xff"
   "\xff\xff\x49\x4a\x01\x00\x01\x00\x00\x28"
   "\xa6\xa1\xa6\xc9\x85\xc9\xe7\xd1\x49\xda"
   "\xe8\xc9\x25\xb9\x45\xc1\x24\xb1\x48\xda"
   "\xe4\xc0\xe4\xc0\x25\xb1\x69\xc2\x28\xaa"
   "\x44\x71\x00\x30\x07\x6a\x78\xee\xdc\xff"
   "\xfc\xff\xfc\xff\x9a\xf7\xbb\xff\xfb\xff"
   "\xfb\xff\xdb\xff\xda\xff\xba\xff\xdb\xff"
   "\xdb\xff\xfb\xff\xdb\xff\xdb\xff\xdb\xff"
   "\xdb\xff\xdb\xff\xbb\xff\x9a\xf7\x9a\xf7"
   "\xfb\xff\xfb\xff\xfb\xff\xfb\xff\xfb\xff"
   "\xdb\xff\xdb\xf7\xba\xf7\xdb\xff\xdb\xff"
   "\xda\xff\xba\xff\xba\xff\xba\xf7\xba\xf7"
   "\x9a\xf7\xbb\xff\xfb\xff\xfc\xff\xdb\xff"
   "\xbb\xff\xfb\xff\xfb\xff\xbb\xff\xdb\xff"
   "\xbb\xff\xba\xf7\xbb\xff\xdb\xff\xdb\xff"
   "\xdb\xff\xdb\xff\xba\xf7\xfc\xff\x7b\xff"
   "\xdc\xff\xdc\xff\x7b\xef\xfd\xff\x8e\x94"
   "\x00\x20\x64\x71\xe7\xb1\x67\xc9\x06\xd1"
   "\xc5\xd0\x06\xc9\x05\xc1\x49\xda\x69\xda"
   "\x49\xda\xcb\xea\x85\xb1\xc2\x90\x65\xb1"
   "\x86\xc1\x05\xc1\x25\xd1\x46\xd1\x45\xd1"
   "\x65\xc9\x86\xc9\x85\xc1\x24\xb9\x05\xb9"
   "\xa7\xb1\xc2\x58\x00\x18\x00\x10\xff\xff"
   "\xff\xff\xff\xff\xff\xff\xff\xff\xff\xff"
   "\xff\xff\xff\xff\xff\xff\xff\xff\xff\xff"
   "\xff\xff\xff\xff\xff\xff\xff\xff\xff\xff"
   "\xff\xff\xff\xff\xff\xff\xff\xff\xff\xff"
   "\xff\xff\xff\xff\xff\xff\xff\xff\xff\xff"
   "\xff\xff\xff\xff\xff\xff\xff\xff\xff\xff"
   "\xff\xff\xff\xff\xff\xff\xff\xff\xff\xff"
   "\xff\xff\xff\xff\xff\xff\xff\xff\xff\xff"
   "\xff\xff\xff\xff\xff\xff\xff\xff\xff\xff"
   "\xff\xff\x0d\x63\x01\x00\x21\x08\x00\x20"
   "\xa6\xa1\xa6\xc9\x24\xb9\xe7\xd1\x0c\xf3"
   "\x29\xd2\x86\xc1\x24\xb9\x44\xb9\xa6\xc9"
   "\xc3\xb8\x05\xb9\x25\xa1\x00\x60\x00\x48"
   "\xc2\x48\x12\xc5\x7b\xff\x7b\xff\x9b\xf7"
   "\xfc\xf7\xfc\xff\xfb\xff\xbb\xff\xfc\xff"
   "\xfb\xff\xdb\xff\xba\xff\xba\xff\xdb\xff"
   "\xdb\xff\xdb\xff\xfb\xff\xda\xff\xba\xf7"
   "\xba\xf7\xdb\xff\xfb\xff\xfc\xff\xfc\xff"
   "\xba\xf7\xba\xf7\xba\xf7\xba\xf7\xdb\xff"
   "\xdb\xff\xdb\xff\xda\xff\xdb\xff\xdb\xff"
   "\xfa\xff\xfb\xff\xfb\xff\xfb\xff\xfb\xff"
   "\xfb\xff\x9a\xff\xbb\xff\xbb\xff\x9a\xff"
   "\x9b\xff\xbb\xff\xbb\xff\x9a\xff\xdb\xff"
   "\xbb\xff\x9b\xff\xbb\xff\xbb\xff\x9a\xff"
   "\xbb\xff\xdb\xff\xfb\xff\xdb\xff\x9b\xff"
   "\xdc\xff\x7b\xf7\xfd\xff\xdb\xe7\xfc\xf7"
   "\xc7\x62\x22\x59\x85\x91\x09\xca\x67\xc1"
   "\x67\xc9\xa8\xc9\x66\xb1\xa7\xb1\x08\xc2"
   "\x69\xd2\x28\xca\x65\xb1\xe7\xb9\x65\xb9"
   "\x25\xb9\x87\xd9\x46\xd1\x25\xc9\x25\xc9"
   "\x45\xc9\x65\xc9\x85\xc9\x86\xc1\x25\xb9"
   "\x29\xc2\xa2\x58\x00\x20\x00\x10\xf8\xcd"
   "\xff\xff\xff\xff\xff\xff\xff\xff\xff\xff"
   "\xff\xff\xff\xff\xff\xff\xff\xff\xff\xff"
   "\xff\xff\xff\xff\xff\xff\xff\xff\xff\xff"
   "\xff\xff\xff\xff\xff\xff\xff\xff\xff\xff"
   "\xff\xff\xff\xff\xff\xff\xff\xff\xff\xff"
   "\xff\xff\xff\xff\xff\xff\xff\xff\xff\xff"
   "\xff\xff\xff\xff\xff\xff\xff\xff\xff\xff"
   "\xff\xff\xff\xff\xff\xff\xff\xff\xff\xff"
   "\xff\xff\xff\xff\xff\xff\xff\xff\xff\xff"
   "\xff\xff\xaf\x73\x01\x00\x21\x00\x00\x20"
   "\xc7\xa9\x28\xda\x65\xc1\x85\xc1\xcb\xea"
   "\xe8\xc9\xe8\xd1\xc6\xc9\x85\xc1\x64\xc1"
   "\x25\xc1\x66\xc1\x66\xa1\x00\x40\x2b\x93"
   "\xbd\xff\xdd\xff\x5b\xf7\xfd\xff\xfd\xff"
   "\x5a\xe7\xfb\xf7\xfc\xff\x9a\xf7\xdb\xff"
   "\xdb\xff\xdb\xff\xdb\xff\xfb\xff\xfb\xff"
   "\xfb\xff\xdb\xff\xfb\xff\xdb\xff\xda\xff"
   "\xda\xff\xdb\xff\xdb\xff\xda\xff\xba\xf7"
   "\xfb\xff\xdb\xff\xdb\xff\xdb\xff\xdb\xff"
   "\xfb\xff\xdb\xff\xdb\xff\xdb\xff\xdb\xff"
   "\xdb\xff\xfb\xff\xdb\xff\xda\xf7\xda\xf7"
   "\xba\xff\xdb\xff\xbb\xff\xbb\xff\xbb\xff"
   "\xbb\xff\xbb\xff\xbb\xff\xdb\xff\xba\xff"
   "\xba\xff\xbb\xff\xdb\xff\xbb\xff\x9a\xff"
   "\x9a\xff\xdb\xff\xda\xff\xba\xff\xdb\xff"
   "\x9b\xff\xfc\xff\xbb\xef\xdb\xe7\xfb\xef"
   "\xfc\xff\xa4\x59\x60\x58\x28\xaa\x49\xc2"
   "\xec\xd2\x4d\xdb\x6a\xb2\xeb\xc2\x69\xba"
   "\xc7\xa9\xa6\xb1\x65\xb1\xe7\xc9\x86\xc1"
   "\xa7\xd1\x45\xc9\x45\xc9\x45\xc9\x25\xc9"
   "\x65\xc9\xc6\xd1\xa6\xd1\x65\xc1\x66\xc9"
   "\xcb\xda\xc2\x60\x00\x20\x00\x10\xb7\xbd"
   "\xff\xff\xff\xff\xff\xff\xff\xff\xff\xff"
   "\xff\xff\xff\xff\xff\xff\xff\xff\xff\xff"
   "\xff\xff\xff\xff\xff\xff\xff\xff\xff\xff"
   "\xff\xff\xff\xff\xff\xff\xff\xff\xff\xff"
   "\xff\xff\xff\xff\xff\xff\xff\xff\xff\xff"
   "\xff\xff\xff\xff\xff\xff\xff\xff\xff\xff"
   "\xff\xff\xff\xff\xff\xff\xff\xff\xff\xff"
   "\xff\xff\xff\xff\xff\xff\xff\xff\xff\xff"
   "\xff\xff\xff\xff\xff\xff\xff\xff\xff\xff"
   "\xff\xff\xb3\x94\x01\x00\x00\x00\x00\x20"
   "\x86\x99\x65\xb9\x64\xc1\x85\xc1\x86\xb9"
   "\xa7\xc1\x66\xc1\x89\xe2\x68\xe2\x44\xb9"
   "\xe7\xd1\xa7\xb9\x48\xaa\x00\x38\xad\x8b"
   "\xfd\xff\x9c\xf7\x9d\xff\xbd\xff\xdd\xff"
   "\xdc\xff\xdb\xff\xdb\xff\xdb\xff\xdb\xff"
   "\xdb\xff\xdb\xff\xdb\xff\xdb\xff\xdb\xff"
   "\xdb\xff\xdb\xff\xdb\xff\xdb\xff\xdb\xff"
   "\xdb\xff\xda\xff\xda\xff\xda\xff\xdb\xff"
   "\xdb\xff\xdb\xff\xdb\xff\xdb\xff\xdb\xff"
   "\xdb\xff\xdb\xff\xdb\xff\xdb\xff\xdb\xff"
   "\xdb\xff\xdb\xff\xdb\xff\xdb\xff\xdb\xff"
   "\xdb\xff\xdb\xff\xdb\xff\xdb\xff\xdb\xff"
   "\xdb\xff\xdb\xff\xda\xff\xda\xff\xda\xff"
   "\xda\xff\xda\xff\xda\xff\xda\xff\xda\xff"
   "\xda\xff\xda\xff\xba\xff\xba\xff\xba\xff"
   "\xbb\xff\xdb\xff\xfc\xf7\xfc\xf7\xfb\xf7"
   "\xdb\xff\x7a\xff\xcd\xab\x40\x48\x81\x58"
   "\x07\x8a\x48\x8a\x28\x8a\x44\x71\xc2\x68"
   "\xa6\x91\xc7\xa9\x08\xca\xc8\xd1\x87\xc9"
   "\x6a\xea\xcb\xf2\xc6\xd1\xe7\xd1\xe7\xd1"
   "\xc6\xd1\xaa\xea\x8a\xf2\x66\xc9\xc7\xd9"
   "\x49\xca\x86\x81\x00\x20\x00\x10\x55\xad"
   "\xff\xff\xff\xff\xff\xff\xff\xff\xff\xff"
   "\xff\xff\xff\xff\xff\xff\xff\xff\xff\xff"
   "\xff\xff\xff\xff\xff\xff\xff\xff\xff\xff"
   "\xff\xff\xff\xff\xff\xff\xff\xff\xff\xff"
   "\xff\xff\xff\xff\xff\xff\xff\xff\xff\xff"
   "\xff\xff\xff\xff\xff\xff\xff\xff\xff\xff"
   "\xff\xff\xff\xff\xff\xff\xff\xff\xff\xff"
   "\xff\xff\xff\xff\xff\xff\xff\xff\xff\xff"
   "\xff\xff\xff\xff\xff\xff\xff\xff\xff\xff"
   "\xff\xff\x35\xa5\x21\x00\x00\x00\x00\x20"
   "\x86\x99\x45\xb9\x24\xb9\x07\xd2\x69\xda"
   "\x8a\xda\xc7\xd1\xa6\xc9\xe6\xd1\xc5\xc9"
   "\x28\xd2\x08\xc2\x08\xa2\x00\x38\x6b\x73"
   "\xfd\xf7\xbc\xf7\xbd\xff\xbd\xff\xbd\xff"
   "\xdc\xff\xdb\xff\xdb\xff\xdb\xff\xdb\xff"
   "\xdb\xff\xdb\xff\xdb\xff\xdb\xff\xdb\xff"
   "\xdb\xff\xdb\xff\xdb\xff\xdb\xff\xdb\xff"
   "\xdb\xff\xdb\xff\xda\xff\xdb\xff\xdb\xff"
   "\xdb\xff\xbb\xff\xbb\xff\xbb\xff\xbb\xff"
   "\xdb\xff\xdb\xff\xdb\xff\xdb\xff\xdb\xff"
   "\xdb\xff\xdb\xff\xdb\xff\xdb\xff\xdb\xff"
   "\xdb\xff\xdb\xff\xfb\xff\xdb\xff\xdb\xff"
   "\xdb\xff\xdb\xff\xda\xf7\xda\xf7\xda\xf7"
   "\xda\xf7\xda\xf7\xda\xf7\xda\xff\xda\xf7"
   "\xda\xff\xda\xff\xba\xff\xba\xff\xba\xff"
   "\xdb\xff\xdb\xff\xdc\xf7\xfc\xf7\xdb\xff"
   "\xbb\xff\xfc\xff\xbb\xff\x15\xe6\xac\x9b"
   "\x63\x51\x40\x28\x40\x30\x20\x38\x60\x48"
   "\x00\x38\x86\x99\x29\xca\x26\xc1\x05\xc1"
   "\xc8\xd9\x08\xda\x48\xda\xa9\xe2\xe7\xd1"
   "\x45\xc1\xa6\xd1\x66\xd1\x04\xc1\x66\xc9"
   "\xe7\xc1\x65\x89\x00\x30\x00\x10\xd3\x9c"
   "\xff\xff\xff\xff\xff\xff\xff\xff\xff\xff"
   "\xff\xff\xff\xff\xff\xff\xff\xff\xff\xff"
   "\xff\xff\xff\xff\xff\xff\xff\xff\xff\xff"
   "\xff\xff\xff\xff\xff\xff\xff\xff\xff\xff"
   "\xff\xff\xff\xff\xff\xff\xff\xff\xff\xff"
   "\xff\xff\xff\xff\xff\xff\xff\xff\xff\xff"
   "\xff\xff\xff\xff\xff\xff\xff\xff\xff\xff"
   "\xff\xff\xff\xff\xff\xff\xff\xff\xff\xff"
   "\xff\xff\xff\xff\xff\xff\xff\xff\xff\xff"
   "\xff\xff\x18\xbe\x21\x00\x20\x00\x00\x18"
   "\x86\x99\xc6\xc9\xe6\xd1\xca\xea\xab\xe2"
   "\xab\xe2\x6a\xe2\xc6\xc9\xa5\xc1\xc6\xc9"
   "\x07\xd2\x69\xca\x49\xaa\x60\x40\xa8\x5a"
   "\xfc\xef\xbc\xf7\xbd\xff\xbd\xff\xbd\xff"
   "\xbc\xff\xbb\xff\xdb\xff\xdb\xff\xdb\xff"
   "\xdb\xff\xdb\xff\xdb\xff\xdb\xff\xdb\xff"
   "\xdb\xff\xdb\xff\xdb\xff\xdb\xff\xdb\xff"
   "\xdb\xff\xdb\xff\xdb\xff\xdb\xff\xdb\xff"
   "\xbb\xff\xbc\xff\xbc\xff\xbc\xff\xbc\xff"
   "\xbb\xff\xbb\xff\xbb\xff\xbb\xff\xdb\xff"
   "\xbb\xff\xdb\xff\xdb\xff\xdb\xff\xdb\xff"
   "\xdb\xff\xfb\xf7\xfb\xf7\xfb\xf7\xfb\xf7"
   "\xfb\xf7\xfb\xf7\xda\xf7\xda\xf7\xfa\xf7"
   "\xfa\xf7\xfa\xf7\xfa\xf7\xda\xf7\xfa\xf7"
   "\xda\xf7\xda\xff\xb9\xff\xba\xff\xda\xff"
   "\xdb\xff\xdb\xf7\xdb\xff\xdc\xff\xbb\xff"
   "\xdc\xff\x39\xf7\x9a\xff\xfc\xff\xfc\xff"
   "\xfc\xff\x9b\xf7\xb8\xde\xfa\xfe\xb9\xfe"
   "\x81\x48\xe3\x70\x87\xb1\x26\xc1\xc8\xe1"
   "\x49\xea\x24\xb9\x44\xb1\x64\xb9\x44\xb9"
   "\x65\xc1\x24\xc1\xe4\xc0\xe8\xe1\xc7\xd9"
   "\xe7\xc1\x65\x91\x00\x38\x00\x10\x51\x8c"
   "\xff\xff\xff\xff\xff\xff\xff\xff\xff\xff"
   "\xff\xff\xff\xff\xff\xff\xff\xff\xff\xff"
   "\xff\xff\xff\xff\xff\xff\xff\xff\xff\xff"
   "\xff\xff\xff\xff\xff\xff\xff\xff\xff\xff"
   "\xff\xff\xff\xff\xff\xff\xff\xff\xff\xff"
   "\xff\xff\xff\xff\xff\xff\xff\xff\xff\xff"
   "\xff\xff\xff\xff\xff\xff\xff\xff\xff\xff"
   "\xff\xff\xff\xff\xff\xff\xff\xff\xff\xff"
   "\xff\xff\xff\xff\xff\xff\xff\xff\xff\xff"
   "\xff\xff\xff\xff\x62\x00\x21\x00\x00\x18"
   "\x04\x89\xa6\xc9\xc6\xc9\xa9\xe2\x29\xd2"
   "\x29\xd2\xab\xea\xe7\xd1\xe6\xc9\xe7\xc9"
   "\x28\xda\xcb\xe2\x2c\xcb\xe2\x58\x67\x4a"
   "\xfd\xef\xdc\xf7\xbd\xff\xdd\xff\xbd\xff"
   "\xbc\xff\xbb\xff\xdb\xff\xdb\xff\xdb\xff"
   "\xdb\xff\xdb\xff\xdb\xff\xdb\xff\xdb\xff"
   "\xdb\xff\xdb\xff\xdb\xff\xdb\xff\xdb\xff"
   "\xdb\xff\xdb\xff\xdb\xff\xdb\xff\xdb\xff"
   "\xbb\xff\xbb\xff\xbc\xff\xbb\xff\xbc\xff"
   "\xbb\xff\xbb\xff\xbb\xff\xbb\xff\xdb\xff"
   "\xbb\xff\xdb\xff\xdb\xff\xdb\xff\xdb\xff"
   "\xdb\xff\xfb\xff\xfb\xf7\xfb\xf7\xfb\xf7"
   "\xfb\xf7\xfb\xf7\xda\xf7\xda\xf7\xda\xf7"
   "\xda\xf7\xda\xff\xda\xff\xda\xff\xda\xff"
   "\xda\xff\xd9\xff\xb9\xff\xb9\xff\xda\xff"
   "\xdb\xff\xdb\xf7\xdb\xff\xbc\xff\xbc\xff"
   "\xbb\xff\xdc\xff\xfc\xff\xdb\xef\x79\xdf"
   "\xfc\xf7\xfd\xff\xfd\xff\x9c\xff\xbd\xff"
   "\x06\x6a\x40\x50\xe8\xb9\xa8\xd1\x4a\xea"
   "\x49\xe2\x68\xda\xc6\xc1\x85\xc1\x85\xc1"
   "\xa6\xc9\x45\xc1\x45\xc9\x6a\xf2\x8a\xf2"
   "\x28\xca\x86\x99\x00\x38\x00\x10\x10\x7c"
   "\xff\xff\xff\xff\xff\xff\xff\xff\xff\xff"
   "\xff\xff\xff\xff\xff\xff\xff\xff\xff\xff"
   "\xff\xff\xff\xff\xff\xff\xff\xff\xff\xff"
   "\xff\xff\xff\xff\xff\xff\xff\xff\xff\xff"
   "\xff\xff\xff\xff\xff\xff\xff\xff\xff\xff"
   "\xff\xff\xff\xff\xff\xff\xff\xff\xff\xff"
   "\xff\xff\xff\xff\xff\xff\xff\xff\xff\xff"
   "\xff\xff\xff\xff\xff\xff\xff\xff\xff\xff"
   "\xff\xff\xff\xff\xff\xff\xff\xff\xff\xff"
   "\xff\xff\xff\xff\xa3\x10\x20\x00\x00\x18"
   "\x24\x91\x85\xc1\x44\xb9\x48\xda\x49\xd2"
   "\xaa\xe2\xab\xea\x65\xc1\x85\xb9\xc6\xc9"
   "\x28\xda\x08\xd2\xab\xd2\xa2\x60\x05\x4a"
   "\xfd\xf7\xdc\xf7\xdc\xff\xfd\xff\xfc\xff"
   "\xbc\xff\xbb\xff\xdb\xff\xdb\xff\xdb\xff"
   "\xdb\xff\xdb\xff\xdb\xff\xdb\xff\xdb\xff"
   "\xdb\xff\xdb\xff\xdb\xff\xdb\xff\xdb\xff"
   "\xdb\xff\xdb\xff\xdb\xff\xdb\xff\xdb\xff"
   "\xdb\xff\xdb\xff\xbb\xff\xdb\xff\xbb\xff"
   "\xdb\xff\xdb\xff\xdb\xff\xdb\xff\xdb\xff"
   "\xdb\xff\xdb\xff\xdb\xff\xdb\xff\xdb\xff"
   "\xdb\xff\xdb\xff\xdb\xff\xdb\xff\xdb\xff"
   "\xdb\xff\xdb\xff\xda\xff\xda\xff\xba\xff"
   "\xba\xff\xba\xff\xba\xff\xb9\xff\xb9\xff"
   "\xb9\xff\xb9\xff\xb9\xff\xd9\xff\xda\xff"
   "\xfb\xf7\xfb\xf7\xdc\xff\xdc\xff\xbc\xff"
   "\xfc\xff\xfc\xff\xdb\xf7\xfb\xf7\xfc\xf7"
   "\xfc\xf7\x9b\xe7\x5b\xe7\xdd\xff\xbc\xff"
   "\x70\xa4\x00\x30\xc7\xa9\x25\xb1\x66\xc9"
   "\x49\xe2\xa9\xda\xa9\xe2\xca\xea\xe7\xd1"
   "\x24\xb9\x65\xc1\xa6\xd1\xa6\xd1\x8a\xea"
   "\x48\xd2\xa7\xa9\x00\x40\x00\x10\xae\x6b"
   "\xff\xff\xff\xff\xff\xff\xff\xff\xff\xff"
   "\xff\xff\xff\xff\xff\xff\xff\xff\xff\xff"
   "\xff\xff\xff\xff\xff\xff\xff\xff\xff\xff"
   "\xff\xff\xff\xff\xff\xff\xff\xff\xff\xff"
   "\xff\xff\xff\xff\xff\xff\xff\xff\xff\xff"
   "\xff\xff\xff\xff\xff\xff\xff\xff\xff\xff"
   "\xff\xff\xff\xff\xff\xff\xff\xff\xff\xff"
   "\xff\xff\xff\xff\xff\xff\xff\xff\xff\xff"
   "\xff\xff\xff\xff\xff\xff\xff\xff\xff\xff"
   "\xff\xff\xff\xff\x66\x21\x00\x00\x00\x18"
   "\x45\x91\xa6\xc1\x85\xc1\x68\xda\x6a\xda"
   "\x8a\xe2\x08\xda\xc3\xb0\xe3\xa8\x86\xc1"
   "\x08\xe2\xe5\xc0\x66\xb9\x41\x68\xc4\x49"
   "\xfc\xf7\xfc\xf7\xfc\xf7\xfc\xf7\xfc\xff"
   "\xdc\xff\xbc\xff\xdb\xff\xfb\xff\xdb\xff"
   "\xdb\xff\xdb\xff\xdb\xff\xdb\xff\xdb\xff"
   "\xdb\xff\xdb\xff\xdb\xff\xdb\xff\xdb\xff"
   "\xdb\xff\xdb\xff\xdb\xff\xdb\xff\xdb\xff"
   "\xdb\xff\xdb\xff\xdb\xff\xdb\xff\xdb\xff"
   "\xdb\xff\xdb\xff\xdb\xff\xdb\xff\xdb\xff"
   "\xdb\xff\xdb\xff\xdb\xff\xdb\xff\xdb\xff"
   "\xdb\xff\xdb\xff\xdb\xff\xdb\xff\xdb\xff"
   "\xdb\xff\xdb\xff\xba\xff\xba\xff\xba\xff"
   "\xba\xff\xba\xff\xba\xff\xb9\xff\xb9\xff"
   "\xb9\xff\xb9\xff\xd9\xff\xd9\xff\xfa\xf7"
   "\xfb\xf7\xdb\xf7\xdc\xf7\xdc\xff\xdc\xff"
   "\x9b\xff\xfc\xff\xbb\xf7\xdb\xf7\xfd\xff"
   "\xfc\xf7\xbc\xf7\xfe\xff\xbd\xff\x5b\xef"
   "\xb8\xde\x20\x28\xe8\xa1\x08\xc2\x86\xc1"
   "\x65\xc1\xc6\xc1\xc6\xc9\x28\xe2\xa6\xd1"
   "\x24\xc1\x85\xc9\x86\xc9\x24\xb9\xc6\xd1"
   "\xc7\xc1\xe8\xb1\x00\x48\x00\x10\xeb\x5a"
   "\xff\xff\xff\xff\xff\xff\xff\xff\xff\xff"
   "\xff\xff\xff\xff\xff\xff\xff\xff\xff\xff"
   "\xff\xff\xff\xff\xff\xff\xff\xff\xff\xff"
   "\xff\xff\xff\xff\xff\xff\xff\xff\xff\xff"
   "\xff\xff\xff\xff\xff\xff\xff\xff\xff\xff"
   "\xff\xff\xff\xff\xff\xff\xff\xff\xff\xff"
   "\xff\xff\xff\xff\xff\xff\xff\xff\xff\xff"
   "\xff\xff\xff\xff\xff\xff\xff\xff\xff\xff"
   "\xff\xff\xff\xff\xff\xff\xff\xff\xff\xff"
   "\xff\xff\xff\xff\x49\x42\x00\x00\x00\x18"
   "\xe3\x80\x85\xb9\xa6\xc9\xe7\xc9\x86\xc1"
   "\xa7\xc1\x24\xb9\xe3\xb0\x65\xb9\xa6\xc1"
   "\xa7\xd9\x26\xd1\x46\xc9\xc3\x88\xa4\x59"
   "\xfc\xff\xfc\xff\xfc\xf7\xfc\xf7\xfc\xf7"
   "\xdc\xff\xdc\xff\xdc\xff\xfb\xff\xdb\xff"
   "\xdb\xff\xdb\xff\xdb\xff\xdb\xff\xdb\xff"
   "\xdb\xff\xdb\xff\xdc\xff\xdc\xff\xdc\xff"
   "\xdc\xff\xdc\xff\xdc\xff\xdc\xff\xdc\xff"
   "\xdb\xff\xdb\xff\xdb\xff\xdb\xff\xdb\xff"
   "\xdb\xff\xdb\xff\xfb\xff\xdb\xff\xdb\xff"
   "\xdb\xff\xda\xff\xda\xff\xfa\xff\xda\xff"
   "\xdb\xff\xdb\xff\xdb\xff\xdb\xff\xdb\xff"
   "\xdb\xff\xdb\xff\xda\xff\xba\xff\xba\xff"
   "\xba\xff\xba\xff\xba\xff\xba\xff\xba\xff"
   "\xb9\xff\xd9\xff\xd9\xff\xf9\xf7\xfa\xf7"
   "\xfb\xf7\xfb\xf7\xfc\xf7\xdc\xff\xdc\xff"
   "\xdc\xff\xfc\xff\xdc\xff\x9a\xf7\xdc\xff"
   "\xdc\xff\x7c\xf7\xbd\xff\xfe\xff\xdd\xff"
   "\xdc\xf7\xe1\x30\x65\x81\xaa\xca\x49\xd2"
   "\x65\xb9\x47\xd2\x07\xd2\xe6\xd9\x86\xd9"
   "\xa6\xd1\x85\xc9\x45\xb9\xe7\xc9\xa6\xc9"
   "\x65\xb9\xe8\xb1\x21\x50\x00\x10\x69\x4a"
   "\xff\xff\xff\xff\xff\xff\xff\xff\xff\xff"
   "\xff\xff\xff\xff\xff\xff\xff\xff\xff\xff"
   "\xff\xff\xff\xff\xff\xff\xff\xff\xff\xff"
   "\xff\xff\xff\xff\xff\xff\xff\xff\xff\xff"
   "\xff\xff\xff\xff\xff\xff\xff\xff\xff\xff"
   "\xff\xff\xff\xff\xff\xff\xff\xff\xff\xff"
   "\xff\xff\xff\xff\xff\xff\xff\xff\xff\xff"
   "\xff\xff\xff\xff\xff\xff\xff\xff\xff\xff"
   "\xff\xff\xff\xff\xff\xff\xff\xff\xff\xff"
   "\xff\xff\xff\xff\xcb\x52\x00\x00\x00\x18"
   "\x04\x81\x86\xb9\xa6\xc1\x65\xc1\x45\xb9"
   "\xa7\xc9\x65\xc1\x07\xd2\xc6\xc9\x24\xb1"
   "\xc4\xc0\xa8\xe1\xa8\xd9\x04\x99\x02\x49"
   "\xfb\xf7\xfc\xff\xfc\xf7\xfc\xf7\xfc\xf7"
   "\xdc\xff\xdc\xff\xdc\xff\xfc\xff\xdb\xff"
   "\xdb\xff\xdb\xff\xdb\xff\xdb\xff\xdb\xff"
   "\xdb\xff\xdb\xff\xfc\xff\xfc\xff\xdc\xff"
   "\xdc\xff\xdc\xff\xdc\xff\xdc\xff\xfc\xff"
   "\xdb\xff\xdb\xff\xdb\xff\xdb\xff\xdb\xff"
   "\xdb\xff\xdb\xff\xdb\xff\xdb\xff\xdb\xff"
   "\xdb\xff\xda\xff\xda\xff\xda\xff\xda\xff"
   "\xda\xff\xdb\xff\xdb\xff\xdb\xff\xdb\xff"
   "\xdb\xff\xdb\xff\xbb\xff\xda\xff\xba\xff"
   "\xba\xff\xba\xff\xba\xff\xba\xff\xb9\xff"
   "\xb9\xff\xd9\xff\xd9\xff\xf9\xf7\xfa\xf7"
   "\xfb\xf7\xfb\xf7\xfb\xf7\xdc\xf7\xdc\xff"
   "\xfc\xff\xdb\xff\xbb\xff\xdc\xff\xdc\xff"
   "\xbc\xff\xbc\xff\xfd\xff\xbc\xff\xbd\xf7"
   "\xfc\xff\x67\x62\x03\x69\xa6\xa1\xc7\xc1"
   "\x86\xc1\x07\xd2\xea\xf2\x69\xf2\x24\xc9"
   "\x44\xc1\x65\xc1\xa6\xc1\xeb\xf2\x28\xda"
   "\x65\xb9\xa7\xb1\x21\x58\x00\x18\x48\x42"
   "\xff\xff\xff\xff\xff\xff\xff\xff\xff\xff"
   "\xff\xff\xff\xff\xff\xff\xff\xff\xff\xff"
   "\xff\xff\xff\xff\xff\xff\xff\xff\xff\xff"
   "\xff\xff\xff\xff\xff\xff\xff\xff\xff\xff"
   "\xff\xff\xff\xff\xff\xff\xff\xff\xff\xff"
   "\xff\xff\xff\xff\xff\xff\xff\xff\xff\xff"
   "\xff\xff\xff\xff\xff\xff\xff\xff\xff\xff"
   "\xff\xff\xff\xff\xff\xff\xff\xff\xff\xff"
   "\xff\xff\xff\xff\xff\xff\xff\xff\xff\xff"
   "\xff\xff\xff\xff\x8e\x73\x20\x08\x00\x18"
   "\xe4\x70\xc8\xb1\x25\xb9\x45\xc9\x86\xc9"
   "\xa6\xc9\x65\xc1\xc6\xd1\xa5\xc9\x85\xc1"
   "\xc7\xd9\x87\xd1\x8b\xea\x25\x91\x22\x41"
   "\xfc\xff\xdc\xf7\xfc\xff\xfc\xff\xfc\xff"
   "\xfc\xff\xfc\xff\xdc\xff\xdb\xff\xdb\xff"
   "\xfb\xff\xfc\xff\xfc\xff\xfc\xff\xfc\xff"
   "\xdc\xff\xdb\xff\xfc\xff\xfc\xff\xdc\xff"
   "\xdc\xff\xdb\xff\xdb\xff\xdb\xff\xdb\xff"
   "\xdb\xff\xfb\xff\xdb\xff\xdb\xff\xdb\xff"
   "\xdb\xff\xdb\xff\xdb\xff\xdb\xff\xdb\xff"
   "\xdb\xff\xdb\xff\xdb\xff\xdb\xff\xdb\xff"
   "\xdb\xff\xdb\xff\xdb\xff\xdb\xff\xdb\xff"
   "\xdb\xff\xdb\xff\xdb\xff\xdb\xff\xda\xff"
   "\xda\xff\xda\xff\xda\xff\xd9\xff\xd9\xff"
   "\xd9\xff\xd9\xff\xd9\xff\xd9\xf7\xda\xf7"
   "\xda\xf7\xda\xff\xdb\xff\xdb\xff\xdb\xff"
   "\xdb\xff\xdb\xff\xdb\xff\xdb\xff\xdc\xff"
   "\xdc\xff\xdc\xff\xdc\xff\xfd\xff\x9b\xf7"
   "\xdd\xff\x0e\xa4\xc2\x50\x0c\xc3\xc8\xc1"
   "\xc7\xd1\x65\xc1\xa6\xd1\x85\xd1\x44\xc9"
   "\x65\xc1\x85\xc1\x66\xc9\xa7\xd1\x65\xc1"
   "\x45\xb9\xa7\xb9\x41\x68\x00\x18\x85\x29"
   "\xff\xff\xff\xff\xff\xff\xff\xff\xff\xff"
   "\xff\xff\xff\xff\xff\xff\xff\xff\xff\xff"
   "\xff\xff\xff\xff\xff\xff\xff\xff\xff\xff"
   "\xff\xff\xff\xff\xff\xff\xff\xff\xff\xff"
   "\xff\xff\xff\xff\xff\xff\xff\xff\xff\xff"
   "\xff\xff\xff\xff\xff\xff\xff\xff\xff\xff"
   "\xff\xff\xff\xff\xff\xff\xff\xff\xff\xff"
   "\xff\xff\xff\xff\xff\xff\xff\xff\xff\xff"
   "\xff\xff\xff\xff\xff\xff\xff\xff\xff\xff"
   "\xff\xff\xff\xff\x31\x8c\x00\x08\x00\x18"
   "\x42\x58\xa7\xa9\x87\xc9\xa7\xd9\xa6\xd1"
   "\x65\xc9\x03\xb9\x85\xc9\xa5\xc9\x65\xc1"
   "\xc7\xd1\x86\xc9\x4a\xda\x04\x89\x43\x41"
   "\xfc\xff\xfc\xff\xdc\xff\xdc\xff\xdc\xff"
   "\xfc\xff\xfc\xff\xfc\xff\xfc\xff\xdb\xff"
   "\xdc\xff\xdc\xff\xdc\xff\xdc\xff\xdc\xff"
   "\xdc\xff\xdb\xff\xfc\xff\xfc\xff\xdc\xff"
   "\xdc\xff\xdb\xff\xdb\xff\xdb\xff\xdb\xff"
   "\xfb\xff\xfb\xff\xdb\xff\xdb\xff\xdb\xff"
   "\xdb\xff\xdb\xff\xdb\xff\xdb\xff\xdb\xff"
   "\xdb\xff\xdb\xff\xdb\xff\xdb\xff\xdb\xff"
   "\xdb\xff\xdb\xff\xdb\xff\xdb\xff\xdb\xff"
   "\xdb\xff\xdb\xff\xdb\xff\xdb\xff\xda\xff"
   "\xda\xff\xda\xff\xda\xff\xd9\xff\xd9\xff"
   "\xd9\xff\xd9\xff\xd9\xff\xd9\xff\xda\xff"
   "\xda\xff\xda\xff\xdb\xff\xdb\xff\xdb\xff"
   "\xdb\xff\xdb\xff\xdc\xff\xdc\xff\xdc\xff"
   "\xdc\xff\xdb\xff\xdc\xff\xfc\xf7\xbc\xff"
   "\xbc\xff\x33\xcd\xa2\x50\x2c\xbb\xa7\xb9"
   "\x87\xd1\xc7\xd1\xa6\xd1\x44\xc9\x24\xc1"
   "\xa6\xc9\xc7\xc9\x66\xd1\x46\xc9\x86\xc9"
   "\x86\xc1\xc8\xc1\x42\x70\x00\x18\x44\x21"
   "\xff\xff\xff\xff\xff\xff\xff\xff\xff\xff"
   "\xff\xff\xff\xff\xff\xff\xff\xff\xff\xff"
   "\xff\xff\xff\xff\xff\xff\xff\xff\xff\xff"
   "\xff\xff\xff\xff\xff\xff\xff\xff\xff\xff"
   "\xff\xff\xff\xff\xff\xff\xff\xff\xff\xff"
   "\xff\xff\xff\xff\xff\xff\xff\xff\xff\xff"
   "\xff\xff\xff\xff\xff\xff\xff\xff\xff\xff"
   "\xff\xff\xff\xff\xff\xff\xff\xff\xff\xff"
   "\xff\xff\xff\xff\xff\xff\xff\xff\xff\xff"
   "\xff\xff\xff\xff\x34\xad\x00\x08\x00\x18"
   "\x21\x50\xa7\xa9\x67\xc1\x46\xc9\x45\xc9"
   "\x24\xc1\x03\xb9\xa6\xd1\x44\xb9\xe3\xb0"
   "\x45\xc1\x04\xb9\x66\xb9\x62\x70\xe1\x38"
   "\xfc\xf7\xfc\xff\xdc\xff\xbc\xff\xdc\xff"
   "\xdc\xff\xfc\xff\xfc\xff\xfc\xff\xdc\xff"
   "\xdc\xff\xdb\xff\xdb\xff\xdb\xff\xdb\xff"
   "\xdc\xff\xdc\xff\xfc\xff\xfc\xff\xfc\xff"
   "\xdc\xff\xdb\xff\xdb\xff\xdb\xff\xdb\xff"
   "\xfb\xff\xfb\xff\xfb\xff\xdb\xff\xdb\xff"
   "\xdb\xff\xdb\xff\xdc\xff\xdb\xff\xdb\xff"
   "\xdb\xff\xdb\xff\xdb\xff\xdb\xff\xdb\xff"
   "\xdb\xff\xdb\xff\xdb\xff\xdb\xff\xdb\xff"
   "\xdb\xff\xdb\xff\xdb\xff\xdb\xff\xda\xff"
   "\xda\xff\xda\xff\xda\xff\xd9\xff\xd9\xff"
   "\xd9\xff\xd9\xff\xd9\xff\xd9\xff\xda\xff"
   "\xda\xff\xda\xff\xdb\xff\xdb\xff\xdb\xff"
   "\xdc\xff\xdc\xff\xfc\xff\xfc\xff\xfc\xff"
   "\xfc\xff\xdc\xff\xdc\xff\xdc\xf7\xfc\xff"
   "\xbc\xff\xb9\xf6\xc2\x50\x0c\xbb\xa8\xb9"
   "\x66\xc9\xe7\xd9\xa6\xd1\x24\xc9\x24\xc1"
   "\xa6\xc9\xc7\xd1\x46\xc9\x05\xc1\x86\xc9"
   "\xa6\xc1\xe8\xc1\x62\x70\x00\x18\x03\x19"
   "\xff\xff\xff\xff\xff\xff\xff\xff\xff\xff"
   "\xff\xff\xff\xff\xff\xff\xff\xff\xff\xff"
   "\xff\xff\xff\xff\xff\xff\xff\xff\xff\xff"
   "\xff\xff\xff\xff\xff\xff\xff\xff\xff\xff"
   "\xff\xff\xff\xff\xff\xff\xff\xff\xff\xff"
   "\xff\xff\xff\xff\xff\xff\xff\xff\xff\xff"
   "\xff\xff\xff\xff\xff\xff\xff\xff\xff\xff"
   "\xff\xff\xff\xff\xff\xff\xff\xff\xff\xff"
   "\xff\xff\xff\xff\xff\xff\xff\xff\xff\xff"
   "\xff\xff\xff\xff\x18\xc6\x00\x00\x00\x18"
   "\x83\x60\xc8\xa9\x26\xb9\x05\xc1\x45\xc9"
   "\x85\xc9\x65\xc9\xe7\xd9\x85\xc9\x03\xb9"
   "\x66\xc9\x66\xc1\x87\xc1\xa2\x78\x22\x41"
   "\xfc\xf7\xdc\xf7\xdc\xff\xbc\xff\xdc\xff"
   "\xfc\xff\xfc\xff\xfc\xff\xfc\xff\xdc\xff"
   "\xdc\xff\xdb\xff\xdb\xff\xdb\xff\xdb\xff"
   "\xdc\xff\xdc\xff\xfc\xff\xfc\xff\xfc\xff"
   "\xdc\xff\xdc\xff\xdb\xff\xdb\xff\xdb\xff"
   "\xfb\xff\xfb\xff\xfb\xff\xfb\xff\xdb\xff"
   "\xdb\xff\xdc\xff\xdc\xff\xdb\xff\xdb\xff"
   "\xdb\xff\xdb\xff\xdb\xff\xdb\xff\xdb\xff"
   "\xdb\xff\xda\xff\xda\xff\xda\xff\xda\xff"
   "\xdb\xff\xdb\xff\xdb\xff\xda\xff\xda\xff"
   "\xda\xff\xda\xff\xda\xff\xd9\xff\xd9\xff"
   "\xd9\xff\xd9\xff\xda\xff\xd9\xff\xda\xff"
   "\xda\xff\xda\xff\xdb\xff\xdb\xff\xdb\xff"
   "\xdb\xff\xdc\xff\xdc\xff\xfc\xff\xfc\xff"
   "\xdc\xff\xdc\xff\xdb\xff\xdb\xf7\xdc\xff"
   "\x9c\xff\xbc\xff\x64\x59\x89\xa2\xe8\xc1"
   "\x66\xc1\x86\xc9\xa6\xd1\x65\xd1\x44\xc9"
   "\x85\xc1\x85\xc1\x25\xc9\x25\xc9\x65\xc1"
   "\x85\xb9\xc8\xc1\x62\x70\x00\x18\xa1\x10"
   "\xff\xff\xff\xff\xff\xff\xff\xff\xff\xff"
   "\xff\xff\xff\xff\xff\xff\xff\xff\xff\xff"
   "\xff\xff\xff\xff\xff\xff\xff\xff\xff\xff"
   "\xff\xff\xff\xff\xff\xff\xff\xff\xff\xff"
   "\xff\xff\xff\xff\xff\xff\xff\xff\xff\xff"
   "\xff\xff\xff\xff\xff\xff\xff\xff\xff\xff"
   "\xff\xff\xff\xff\xff\xff\xff\xff\xff\xff"
   "\xff\xff\xff\xff\xff\xff\xff\xff\xff\xff"
   "\xff\xff\xff\xff\xff\xff\xff\xff\xff\xff"
   "\xff\xff\xff\xff\xff\xff\x00\x08\x00\x18"
   "\x62\x58\xe8\xa9\x67\xc1\x66\xc9\x86\xd1"
   "\xc6\xd9\x85\xc9\xc6\xd1\xc6\xd1\x44\xc1"
   "\xa6\xd1\xe8\xd1\xe9\xc9\x24\x89\x43\x49"
   "\xfc\xf7\xdc\xf7\xdc\xff\xdc\xff\xdc\xff"
   "\xfc\xff\xfc\xff\xfc\xff\xfc\xff\xfc\xff"
   "\xdc\xff\xdb\xff\xdb\xff\xdb\xff\xdb\xff"
   "\xdc\xff\xfc\xff\xfc\xff\xfc\xff\xfc\xff"
   "\xfc\xff\xdc\xff\xdc\xff\xdb\xff\xdb\xff"
   "\xfb\xff\xfb\xff\xdb\xff\xdb\xff\xdb\xff"
   "\xdb\xff\xdc\xff\xdc\xff\xdb\xff\xdb\xff"
   "\xdb\xff\xdb\xff\xdb\xff\xdb\xff\xda\xff"
   "\xda\xff\xda\xff\xda\xff\xda\xff\xda\xff"
   "\xda\xff\xda\xff\xda\xff\xda\xff\xda\xff"
   "\xda\xff\xda\xff\xda\xff\xd9\xff\xd9\xff"
   "\xd9\xff\xd9\xff\xda\xff\xd9\xff\xda\xff"
   "\xda\xff\xda\xff\xdb\xff\xdb\xff\xdb\xff"
   "\xdb\xff\xdb\xff\xdb\xff\xdc\xff\xdc\xff"
   "\xdb\xff\xdb\xff\xdb\xff\xfc\xf7\xbb\xf7"
   "\x9c\xff\xbc\xff\x48\x72\x65\x79\x09\xc2"
   "\x25\xb9\x45\xc1\x86\xc9\x65\xd1\x44\xc9"
   "\x85\xc1\x65\xc1\x25\xc9\x46\xc9\x45\xc1"
   "\x85\xb9\xc8\xc1\x62\x70\x00\x18\x60\x08"
   "\xff\xff\xff\xff\xff\xff\xff\xff\xff\xff"
   "\xff\xff\xff\xff\xff\xff\xff\xff\xff\xff"
   "\xff\xff\xff\xff\xff\xff\xff\xff\xff\xff"
   "\xff\xff\xff\xff\xff\xff\xff\xff\xff\xff"
   "\xff\xff\xff\xff\xff\xff\xff\xff\xff\xff"
   "\xff\xff\xff\xff\xff\xff\xff\xff\xff\xff"
   "\xff\xff\xff\xff\xff\xff\xff\xff\xff\xff"
   "\xff\xff\xff\xff\xff\xff\xff\xff\xff\xff"
   "\xff\xff\xff\xff\xff\xff\xff\xff\xff\xff"
   "\xff\xff\xff\xff\xff\xff\x41\x08\x00\x18"
   "\x41\x50\x08\xb2\xc8\xc9\x86\xd1\x85\xc9"
   "\xa6\xd1\x65\xc9\xc6\xd1\xa5\xc9\x44\xc1"
   "\x86\xd1\xe8\xd1\x09\xd2\x45\x89\x02\x39"
   "\xdb\xef\xdc\xf7\xdc\xff\xdc\xff\xfd\xff"
   "\xfd\xff\xfc\xff\xfc\xff\xdc\xff\xfc\xff"
   "\xfc\xff\xdc\xff\xdc\xff\xdc\xff\xdc\xff"
   "\xfc\xff\xfc\xff\xfc\xff\xfc\xff\xfc\xff"
   "\xfc\xff\xdc\xff\xdc\xff\xdc\xff\xdb\xff"
   "\xfb\xff\xfb\xff\xfb\xff\xdb\xff\xdb\xff"
   "\xdc\xff\xdc\xff\xfc\xff\xdb\xff\xdb\xff"
   "\xdb\xff\xdb\xff\xdb\xff\xda\xff\xda\xff"
   "\xda\xff\xda\xff\xda\xff\xda\xff\xda\xff"
   "\xda\xff\xda\xff\xda\xff\xda\xff\xda\xff"
   "\xda\xff\xda\xff\xda\xff\xda\xff\xd9\xff"
   "\xd9\xff\xd9\xff\xda\xff\xda\xff\xda\xff"
   "\xda\xff\xda\xff\xdb\xff\xdb\xff\xdb\xff"
   "\xdb\xff\xdb\xff\xdb\xff\xdb\xff\xdb\xff"
   "\xdb\xff\xdb\xff\xdb\xff\xfc\xff\xbb\xf7"
   "\xbc\xff\x9c\xff\x8d\x9b\x41\x50\x29\xba"
   "\x05\xb1\x66\xc1\x85\xc9\x44\xc9\x44\xc9"
   "\xa6\xc9\xc6\xc9\x66\xc9\x45\xc9\x85\xc9"
   "\xa6\xc1\xc8\xc1\x83\x78\x00\x18\x20\x00"
   "\xff\xff\xff\xff\xff\xff\xff\xff\xff\xff"
   "\xff\xff\xff\xff\xff\xff\xff\xff\xff\xff"
   "\xff\xff\xff\xff\xff\xff\xff\xff\xff\xff"
   "\xff\xff\xff\xff\xff\xff\xff\xff\xff\xff"
   "\xff\xff\xff\xff\xff\xff\xff\xff\xff\xff"
   "\xff\xff\xff\xff\xff\xff\xff\xff\xff\xff"
   "\xff\xff\xff\xff\xff\xff\xff\xff\xff\xff"
   "\xff\xff\xff\xff\xff\xff\xff\xff\xff\xff"
   "\xff\xff\xff\xff\xff\xff\xff\xff\xff\xff"
   "\xff\xff\xff\xff\xff\xff\xa2\x18\x00\x10"
   "\x21\x50\xe8\xa9\x87\xc1\x05\xc1\x24\xc1"
   "\x85\xc9\x65\xc9\xc6\xd1\x85\xc9\xa6\xc9"
   "\xa6\xd1\xe8\xd1\x29\xd2\x65\x91\x02\x39"
   "\xfc\xff\xdc\xf7\xdc\xff\xdc\xff\xdc\xff"
   "\xfc\xff\xfc\xff\xfc\xff\xfc\xff\xfc\xff"
   "\xfc\xff\xfc\xff\xfc\xff\xfc\xff\xfc\xff"
   "\xfc\xff\xfc\xff\xfc\xff\xfc\xff\xfc\xff"
   "\xfc\xff\xfc\xff\xdc\xff\xdc\xff\xdc\xff"
   "\xfb\xff\xfb\xff\xfc\xff\xfc\xff\xdc\xff"
   "\xdc\xff\xfc\xff\xfc\xff\xdc\xff\xdb\xff"
   "\xdb\xff\xdb\xff\xdb\xff\xda\xff\xda\xff"
   "\xda\xff\xda\xff\xda\xff\xda\xff\xda\xff"
   "\xda\xff\xda\xff\xda\xff\xda\xff\xda\xff"
   "\xda\xff\xda\xff\xda\xff\xda\xff\xda\xff"
   "\xda\xff\xda\xff\xda\xff\xda\xff\xda\xff"
   "\xda\xff\xda\xff\xdb\xff\xdb\xff\xdb\xff"
   "\xdb\xff\xdb\xff\xdc\xff\xdc\xff\xdb\xff"
   "\xdb\xff\xdb\xff\xdb\xff\xfc\xff\xdb\xf7"
   "\xdc\xff\x9c\xff\xf2\xc4\x00\x40\x6a\xc2"
   "\x25\xb1\x86\xc1\x85\xc9\x24\xc9\x44\xc9"
   "\xc6\xc9\xe7\xd1\x66\xd1\x45\xc9\x86\xc9"
   "\xa6\xc1\xc8\xc1\x83\x78\x00\x18\x20\x00"
   "\x38\xc6\xff\xff\xff\xff\xff\xff\xff\xff"
   "\xff\xff\xff\xff\xff\xff\xff\xff\xff\xff"
   "\xff\xff\xff\xff\xff\xff\xff\xff\xff\xff"
   "\xff\xff\xff\xff\xff\xff\xff\xff\xff\xff"
   "\xff\xff\xff\xff\xff\xff\xff\xff\xff\xff"
   "\xff\xff\xff\xff\xff\xff\xff\xff\xff\xff"
   "\xff\xff\xff\xff\xff\xff\xff\xff\xff\xff"
   "\xff\xff\xff\xff\xff\xff\xff\xff\xff\xff"
   "\xff\xff\xff\xff\xff\xff\xff\xff\xff\xff"
   "\xff\xff\xff\xff\xff\xff\x04\x21\x00\x10"
   "\x00\x48\x86\xa1\x05\xb1\xc4\xb8\x44\xc1"
   "\xc6\xd1\x65\xc9\x64\xc1\x64\xc1\xa6\xc9"
   "\x86\xd1\xc7\xd1\x09\xd2\x24\x89\xe1\x38"
   "\xfc\xff\xfc\xff\xdc\xff\xdc\xff\xdc\xff"
   "\xdc\xff\xfc\xff\xfc\xff\xfc\xff\xfc\xff"
   "\xfc\xff\xfc\xff\xfc\xff\xfc\xff\xfc\xff"
   "\xfc\xff\xfc\xff\xfc\xff\xfc\xff\xfc\xff"
   "\xfc\xff\xfc\xff\xdc\xff\xdc\xff\xdc\xff"
   "\xfc\xff\xfb\xff\xfc\xff\xfc\xff\xdc\xff"
   "\xdc\xff\xfc\xff\xfc\xff\xdc\xff\xdb\xff"
   "\xdb\xff\xdb\xff\xdb\xff\xda\xff\xda\xff"
   "\xda\xff\xba\xff\xba\xff\xba\xff\xba\xff"
   "\xba\xff\xda\xff\xda\xff\xda\xff\xda\xff"
   "\xda\xff\xda\xff\xda\xff\xda\xff\xda\xff"
   "\xda\xff\xda\xff\xda\xff\xda\xff\xda\xff"
   "\xda\xff\xda\xff\xdb\xff\xdb\xff\xdb\xff"
   "\xdb\xff\xdb\xff\xfc\xff\xfb\xff\xfb\xff"
   "\xfb\xff\xdb\xff\xfb\xff\xdb\xf7\xfc\xff"
   "\xdc\xff\xdc\xff\xf5\xdd\x20\x48\xab\xc2"
   "\x87\xb9\x65\xb9\x85\xc9\x45\xc9\x44\xc9"
   "\xa6\xc9\xa6\xc9\x65\xc9\x65\xc9\x85\xc9"
   "\xa6\xc1\xa7\xc1\x82\x70\x00\x18\x20\x00"
   "\x18\xbe\xff\xff\xff\xff\xff\xff\xff\xff"
   "\xff\xff\xff\xff\xff\xff\xff\xff\xff\xff"
   "\xff\xff\xff\xff\xff\xff\xff\xff\xff\xff"
   "\xff\xff\xff\xff\xff\xff\xff\xff\xff\xff"
   "\xff\xff\xff\xff\xff\xff\xff\xff\xff\xff"
   "\xff\xff\xff\xff\xff\xff\xff\xff\xff\xff"
   "\xff\xff\xff\xff\xff\xff\xff\xff\xff\xff"
   "\xff\xff\xff\xff\xff\xff\xff\xff\xff\xff"
   "\xff\xff\xff\xff\xff\xff\xff\xff\xff\xff"
   "\xff\xff\xff\xff\xff\xff\xa6\x31\x00\x10"
   "\x21\x48\x45\x91\xe4\xa8\xa3\xb0\x65\xc9"
   "\x65\xc9\x85\xc9\x07\xda\xa5\xc9\x85\xc9"
   "\x66\xc9\x86\xc9\xc8\xc9\x45\x91\x02\x41"
   "\xfb\xf7\xfc\xff\xdc\xff\xbc\xff\xdc\xff"
   "\xdc\xff\xfc\xff\xfc\xff\xfc\xff\xdc\xff"
   "\xfc\xff\xfc\xff\xfc\xff\xfc\xff\xfc\xff"
   "\xfc\xff\xfc\xff\xfc\xff\xfc\xff\xfc\xff"
   "\xfc\xff\xfc\xff\xfc\xff\xdc\xff\xdb\xff"
   "\xfc\xff\xfc\xff\xfc\xff\xfc\xff\xfc\xff"
   "\xfc\xff\xfc\xff\xdc\xff\xdb\xff\xdb\xff"
   "\xdb\xff\xdb\xff\xdb\xff\xda\xff\xda\xff"
   "\xda\xff\xda\xff\xda\xff\xda\xff\xda\xff"
   "\xda\xff\xda\xff\xda\xff\xba\xff\xda\xff"
   "\xda\xff\xda\xff\xda\xff\xda\xff\xda\xff"
   "\xda\xff\xda\xff\xfa\xff\xfa\xff\xda\xff"
   "\xda\xff\xda\xff\xdb\xff\xdb\xff\xdb\xff"
   "\xdb\xff\xdb\xff\xfb\xff\xfb\xff\xfb\xff"
   "\xfb\xff\xdb\xff\xfb\xff\xfc\xff\xfb\xf7"
   "\xdc\xff\xbb\xff\x3a\xff\xa1\x50\x8a\xba"
   "\x09\xc2\x65\xb9\xa6\xc9\x24\xc9\xe7\xe1"
   "\xc6\xd1\x65\xc1\x04\xc1\x86\xd1\x65\xc1"
   "\xa6\xc1\x6a\xd2\xc4\x80\x00\x18\x60\x08"
   "\xf3\x9c\xff\xff\xff\xff\xff\xff\xff\xff"
   "\xff\xff\xff\xff\xff\xff\xff\xff\xff\xff"
   "\xff\xff\xff\xff\xff\xff\xff\xff\xff\xff"
   "\xff\xff\xff\xff\xff\xff\xff\xff\xff\xff"
   "\xff\xff\xff\xff\xff\xff\xff\xff\xff\xff"
   "\xff\xff\xff\xff\xff\xff\xff\xff\xff\xff"
   "\xff\xff\xff\xff\xff\xff\xff\xff\xff\xff"
   "\xff\xff\xff\xff\xff\xff\xff\xff\xff\xff"
   "\xff\xff\xff\xff\xff\xff\xff\xff\xff\xff"
   "\xff\xff\xff\xff\xff\xff\xc6\x39\x00\x10"
   "\x00\x40\x45\x91\x66\xb9\x66\xc9\xe7\xd9"
   "\x85\xc9\x44\xc1\x65\xc9\x85\xc9\x65\xc1"
   "\x86\xc9\xc8\xd1\x09\xd2\x45\x91\x02\x41"
   "\xfc\xf7\xfc\xff\xdc\xff\xbc\xff\xdc\xff"
   "\xdc\xff\xfc\xff\xfc\xff\xfc\xff\xfc\xff"
   "\xfc\xff\xfc\xff\xfc\xff\xfc\xff\xfc\xff"
   "\xfc\xff\xfc\xff\xfc\xff\xfc\xff\xfc\xff"
   "\xfc\xff\xfc\xff\xdc\xff\xdc\xff\xdc\xff"
   "\xfc\xff\xfc\xff\xfc\xff\xfc\xff\xfc\xff"
   "\xfc\xff\xfc\xff\xdc\xff\xdc\xff\xdb\xff"
   "\xdb\xff\xdb\xff\xdb\xff\xda\xff\xda\xff"
   "\xda\xff\xda\xff\xda\xff\xda\xff\xda\xff"
   "\xda\xff\xda\xff\xda\xff\xba\xff\xda\xff"
   "\xda\xff\xda\xff\xda\xff\xda\xff\xda\xff"
   "\xda\xff\xda\xff\xfa\xff\xfa\xff\xda\xff"
   "\xda\xff\xdb\xff\xdb\xff\xdb\xff\xdb\xff"
   "\xdb\xff\xdb\xff\xdb\xff\xfb\xff\xfb\xff"
   "\xdb\xff\xdb\xff\xdb\xff\xfc\xff\xfc\xff"
   "\xbb\xf7\xbc\xff\xbb\xff\x23\x59\xe7\xa1"
   "\x46\xa9\xa6\xc1\x08\xda\xa6\xd9\x07\xe2"
   "\x85\xc9\x44\xc1\x45\xc9\xa7\xd9\x65\xc1"
   "\x86\xc1\x29\xca\xa3\x78\x00\x18\x40\x00"
   "\xd3\x94\xff\xff\xff\xff\xff\xff\xff\xff"
   "\xff\xff\xff\xff\xff\xff\xff\xff\xff\xff"
   "\xff\xff\xff\xff\xff\xff\xff\xff\xff\xff"
   "\xff\xff\xff\xff\xff\xff\xff\xff\xff\xff"
   "\xff\xff\xff\xff\xff\xff\xff\xff\xff\xff"
   "\xff\xff\xff\xff\xff\xff\xff\xff\xff\xff"
   "\xff\xff\xff\xff\xff\xff\xff\xff\xff\xff"
   "\xff\xff\xff\xff\xff\xff\xff\xff\xff\xff"
   "\xff\xff\xff\xff\xff\xff\xff\xff\xff\xff"
   "\xff\xff\xff\xff\xff\xff\x07\x3a\x00\x10"
   "\x00\x38\x25\x91\x46\xb1\x25\xc1\x86\xc9"
   "\x44\xc1\x03\xb9\x24\xc1\x64\xc1\x44\xc1"
   "\xa6\xd1\x08\xda\x29\xd2\x45\x89\x02\x39"
   "\xfc\xf7\xfc\xff\xdc\xff\xbc\xff\xdc\xff"
   "\xdc\xff\xfc\xff\xfc\xff\xfc\xff\xfc\xff"
   "\xfc\xff\xfc\xff\xfc\xff\xfc\xff\xfc\xff"
   "\xfc\xff\xfc\xff\xdc\xff\xdc\xff\xfc\xff"
   "\xfc\xff\xdc\xff\xdc\xff\xdc\xff\xdc\xff"
   "\xfc\xff\xdc\xff\xdc\xff\xfc\xff\xfc\xff"
   "\xfc\xff\xfc\xff\xdc\xff\xdc\xff\xdb\xff"
   "\xdb\xff\xdb\xff\xdb\xff\xda\xff\xda\xff"
   "\xda\xff\xda\xff\xda\xff\xda\xff\xda\xff"
   "\xda\xff\xda\xff\xda\xff\xba\xff\xda\xff"
   "\xda\xff\xda\xff\xda\xff\xda\xff\xda\xff"
   "\xda\xff\xda\xff\xfa\xff\xfa\xff\xda\xff"
   "\xda\xff\xdb\xff\xdb\xff\xdb\xff\xdb\xff"
   "\xdb\xff\xdb\xff\xdb\xff\xdb\xff\xdb\xff"
   "\xdb\xff\xdb\xff\xdb\xff\xfb\xff\xfc\xff"
   "\xdc\xff\xbb\xff\x9b\xff\xa5\x61\x65\x91"
   "\x29\xc2\x86\xb9\x86\xc9\x24\xc9\x65\xd1"
   "\x64\xc1\x85\xc1\x86\xd1\x45\xc9\x85\xc1"
   "\x65\xb9\xe8\xc1\x82\x70\x00\x18\x40\x00"
   "\x91\x8c\xff\xff\xff\xff\xff\xff\xff\xff"
   "\xff\xff\xff\xff\xff\xff\xff\xff\xff\xff"
   "\xff\xff\xff\xff\xff\xff\xff\xff\xff\xff"
   "\xff\xff\xff\xff\xff\xff\xff\xff\xff\xff"
   "\xff\xff\xff\xff\xff\xff\xff\xff\xff\xff"
   "\xff\xff\xff\xff\xff\xff\xff\xff\xff\xff"
   "\xff\xff\xff\xff\xff\xff\xff\xff\xff\xff"
   "\xff\xff\xff\xff\xff\xff\xff\xff\xff\xff"
   "\xff\xff\xff\xff\xff\xff\xff\xff\xff\xff"
   "\xff\xff\xff\xff\xff\xff\x68\x42\x00\x10"
   "\x00\x38\x25\x89\x04\xa9\xa3\xb0\x44\xc1"
   "\x44\xc1\x44\xc1\x85\xc9\x64\xc1\x85\xc9"
   "\xc7\xd1\xe8\xd1\xe9\xc9\x24\x89\x02\x39"
   "\xfc\xf7\xfc\xff\xdc\xff\xbc\xff\xdc\xff"
   "\xdc\xff\xfc\xff\xfc\xff\xfc\xff\xfc\xff"
   "\xfc\xff\xfc\xff\xfc\xff\xfc\xff\xfc\xff"
   "\xfc\xff\xfc\xff\xdc\xff\xdc\xff\xdc\xff"
   "\xdc\xff\xdc\xff\xdc\xff\xdc\xff\xdc\xff"
   "\xdc\xff\xdc\xff\xdc\xff\xdc\xff\xfc\xff"
   "\xfc\xff\xdc\xff\xdc\xff\xdc\xff\xdb\xff"
   "\xdb\xff\xdb\xff\xdb\xff\xda\xff\xda\xff"
   "\xda\xff\xda\xff\xda\xff\xda\xff\xda\xff"
   "\xda\xff\xda\xff\xda\xff\xba\xff\xda\xff"
   "\xda\xff\xda\xff\xda\xff\xda\xff\xda\xff"
   "\xda\xff\xda\xff\xda\xff\xda\xff\xda\xff"
   "\xdb\xff\xdb\xff\xdb\xff\xdb\xff\xdb\xff"
   "\xdb\xff\xdb\xff\xdb\xff\xdb\xff\xdb\xff"
   "\xdb\xff\xdb\xff\xdb\xff\xba\xf7\xfc\xff"
   "\xdc\xff\xbb\xf7\xbc\xff\x88\x72\xe4\x78"
   "\xab\xd2\xa6\xb9\x45\xc1\x04\xc9\x86\xd9"
   "\x85\xc9\xa5\xc9\xc7\xd9\x45\xc9\x65\xc1"
   "\x65\xb9\xc8\xc1\xa3\x78\x00\x18\x40\x00"
   "\x30\x84\xff\xff\xff\xff\xff\xff\xff\xff"
   "\xff\xff\xff\xff\xff\xff\xff\xff\xff\xff"
   "\xff\xff\xff\xff\xff\xff\xff\xff\xff\xff"
   "\xff\xff\xff\xff\xff\xff\xff\xff\xff\xff"
   "\xff\xff\xff\xff\xff\xff\xff\xff\xff\xff"
   "\xff\xff\xff\xff\xff\xff\xff\xff\xff\xff"
   "\xff\xff\xff\xff\xff\xff\xff\xff\xff\xff"
   "\xff\xff\xff\xff\xff\xff\xff\xff\xff\xff"
   "\xff\xff\xff\xff\xff\xff\xff\xff\xff\xff"
   "\xff\xff\xff\xff\xff\xff\xa9\x4a\x00\x10"
   "\x00\x38\x45\x89\x25\xa9\xe4\xb0\x86\xc9"
   "\xc6\xd1\xa6\xd1\xa6\xd1\xc6\xc9\xe7\xd1"
   "\xe7\xd9\xc7\xd1\xc8\xc9\x24\x89\x02\x41"
   "\xfc\xf7\xfc\xff\xdc\xff\xbc\xff\xdc\xff"
   "\xdc\xff\xfc\xff\xfc\xff\xfc\xff\xfc\xff"
   "\xfc\xff\xfc\xff\xfc\xff\xfc\xff\xfc\xff"
   "\xfc\xff\xfc\xff\xdc\xff\xdc\xff\xdc\xff"
   "\xdc\xff\xdc\xff\xdc\xff\xdc\xff\xdc\xff"
   "\xdc\xff\xdc\xff\xdc\xff\xdc\xff\xdc\xff"
   "\xdc\xff\xdc\xff\xdc\xff\xdc\xff\xdb\xff"
   "\xdb\xff\xdb\xff\xdb\xff\xda\xff\xda\xff"
   "\xda\xff\xda\xff\xda\xff\xda\xff\xda\xff"
   "\xda\xff\xda\xff\xda\xff\xba\xff\xda\xff"
   "\xda\xff\xda\xff\xda\xff\xda\xff\xda\xff"
   "\xdb\xff\xda\xff\xda\xff\xda\xff\xdb\xff"
   "\xdb\xff\xdb\xff\xdb\xff\xdb\xff\xdb\xff"
   "\xdb\xff\xdb\xff\xdb\xff\xdb\xff\xdb\xff"
   "\xdb\xff\xdb\xff\xdb\xff\xdb\xf7\xfb\xff"
   "\xbb\xf7\xbb\xf7\xfc\xff\xcd\x9b\x20\x58"
   "\xe8\xb1\xc7\xc1\x86\xc1\x86\xd1\xc7\xd9"
   "\x44\xc1\xc2\xb0\x65\xc9\x85\xc9\x65\xc1"
   "\x65\xb9\xe8\xc9\xe4\x80\x00\x18\x20\x00"
   "\xce\x73\xff\xff\xff\xff\xff\xff\xff\xff"
   "\xff\xff\xff\xff\xff\xff\xff\xff\xff\xff"
   "\xff\xff\xff\xff\xff\xff\xff\xff\xff\xff"
   "\xff\xff\xff\xff\xff\xff\xff\xff\xff\xff"
   "\xff\xff\xff\xff\xff\xff\xff\xff\xff\xff"
   "\xff\xff\xff\xff\xff\xff\xff\xff\xff\xff"
   "\xff\xff\xff\xff\xff\xff\xff\xff\xff\xff"
   "\xff\xff\xff\xff\xff\xff\xff\xff\xff\xff"
   "\xff\xff\xff\xff\xff\xff\xff\xff\xff\xff"
   "\xff\xff\xff\xff\xff\xff\xea\x52\x00\x10"
   "\x00\x30\x45\x89\x05\xa9\xc3\xb0\x65\xc9"
   "\xa6\xd1\xa6\xd1\xa6\xd1\x07\xda\x07\xda"
   "\xe7\xd9\xc7\xd1\xc8\xc9\x45\x91\x22\x41"
   "\xfc\xf7\xfc\xff\xdc\xff\xbc\xff\xdc\xff"
   "\xdc\xff\xfc\xff\xfc\xff\xfc\xff\xfc\xff"
   "\xfc\xff\xfc\xff\xdc\xff\xdc\xff\xdc\xff"
   "\xdc\xff\xdc\xff\xdc\xff\xdc\xff\xdc\xff"
   "\xdc\xff\xfc\xff\xfc\xff\xdc\xff\xdc\xff"
   "\xfc\xff\xdc\xff\xdc\xff\xfc\xff\xfc\xff"
   "\xfc\xff\xfc\xff\xdc\xff\xdc\xff\xdb\xff"
   "\xdb\xff\xdb\xff\xdb\xff\xda\xff\xda\xff"
   "\xda\xff\xda\xff\xda\xff\xda\xff\xda\xff"
   "\xda\xff\xda\xff\xda\xff\xba\xff\xda\xff"
   "\xda\xff\xda\xff\xda\xff\xda\xff\xda\xff"
   "\xdb\xff\xdb\xff\xda\xff\xda\xff\xda\xff"
   "\xdb\xff\xdb\xff\xdb\xff\xdb\xff\xdb\xff"
   "\xdb\xff\xdb\xff\xdb\xff\xdb\xff\xdb\xff"
   "\xdb\xff\xdb\xff\xdb\xff\xdb\xff\xfc\xff"
   "\xdb\xf7\xbb\xf7\xfc\xff\xb1\xb4\x00\x50"
   "\x28\xba\x28\xc2\x86\xc1\x45\xc9\x65\xd1"
   "\x44\xc1\xa1\xa8\x24\xc1\x65\xc9\x65\xc1"
   "\x65\xb9\xe9\xc9\x04\x81\x00\x18\x20\x00"
   "\x6d\x6b\xff\xff\xff\xff\xff\xff\xff\xff"
   "\xff\xff\xff\xff\xff\xff\xff\xff\xff\xff"
   "\xff\xff\xff\xff\xff\xff\xff\xff\xff\xff"
   "\xff\xff\xff\xff\xff\xff\xff\xff\xff\xff"
   "\xff\xff\xff\xff\xff\xff\xff\xff\xff\xff"
   "\xff\xff\xff\xff\xff\xff\xff\xff\xff\xff"
   "\xff\xff\xff\xff\xff\xff\xff\xff\xff\xff"
   "\xff\xff\xff\xff\xff\xff\xff\xff\xff\xff"
   "\xff\xff\xff\xff\xff\xff\xff\xff\xff\xff"
   "\xff\xff\xff\xff\xff\xff\x0b\x5b\x00\x08"
   "\x00\x30\x45\x91\x25\xa9\xa3\xa8\x24\xc1"
   "\x85\xc9\xa6\xd1\xe6\xd1\x27\xda\xa6\xc9"
   "\x86\xc9\xe8\xd1\x29\xd2\x45\x91\x02\x39"
   "\xfc\xf7\xfc\xff\xdc\xff\xbc\xff\xdc\xff"
   "\xdc\xff\xfc\xff\xfc\xff\xfc\xff\xfc\xff"
   "\xfc\xff\xdc\xff\xdc\xff\xdc\xff\xdc\xff"
   "\xdc\xff\xdc\xff\xdc\xff\xdc\xff\xdc\xff"
   "\xfc\xff\xfc\xff\xfc\xff\xfc\xff\xfc\xff"
   "\xfc\xff\xfc\xff\xfc\xff\xfc\xff\xfd\xff"
   "\xfd\xff\xdc\xff\xdc\xff\xdc\xff\xdb\xff"
   "\xdb\xff\xdb\xff\xdb\xff\xda\xff\xda\xff"
   "\xda\xff\xda\xff\xda\xff\xda\xff\xda\xff"
   "\xda\xff\xda\xff\xda\xff\xd9\xff\xda\xff"
   "\xda\xff\xda\xff\xda\xff\xda\xff\xda\xff"
   "\xdb\xff\xdb\xff\xba\xff\xda\xff\xda\xff"
   "\xdb\xff\xdb\xff\xdb\xff\xdb\xff\xdb\xff"
   "\xdb\xff\xdb\xff\xdb\xff\xdb\xff\xdb\xff"
   "\xdb\xff\xdb\xff\xdb\xff\xdb\xf7\xfc\xff"
   "\xfc\xff\xdb\xf7\xdb\xff\x73\xcd\x00\x50"
   "\xaa\xc2\x28\xc2\xa6\xc9\x45\xc9\x44\xc9"
   "\xe7\xd9\x64\xc1\x86\xd1\x85\xc9\x85\xc9"
   "\x45\xb9\xc8\xc1\xe4\x80\x00\x18\x20\x00"
   "\x0c\x63\xff\xff\xff\xff\xff\xff\xff\xff"
   "\xff\xff\xff\xff\xff\xff\xff\xff\xff\xff"
   "\xff\xff\xff\xff\xff\xff\xff\xff\xff\xff"
   "\xff\xff\xff\xff\xff\xff\xff\xff\xff\xff"
   "\xff\xff\xff\xff\xff\xff\xff\xff\xff\xff"
   "\xff\xff\xff\xff\xff\xff\xff\xff\xff\xff"
   "\xff\xff\xff\xff\xff\xff\xff\xff\xff\xff"
   "\xff\xff\xff\xff\xff\xff\xff\xff\xff\xff"
   "\xff\xff\xff\xff\xff\xff\xff\xff\xff\xff"
   "\xff\xff\xff\xff\xff\xff\x0b\x5b\x00\x10"
   "\x00\x28\x86\x91\xa7\xb9\x25\xb9\x85\xc9"
   "\xc6\xd1\xe7\xd1\x07\xda\xe7\xd9\x24\xc1"
   "\x45\xb9\x08\xd2\x8a\xd2\x45\x89\xc1\x30"
   "\xfc\xf7\xdc\xff\xdc\xff\xdc\xff\xdc\xff"
   "\xfc\xf7\xfc\xff\xfc\xff\xdc\xff\xfc\xff"
   "\xdc\xff\xdc\xff\xdc\xff\xdc\xff\xdc\xff"
   "\xdc\xff\xdc\xff\xdc\xff\xdc\xff\xfc\xff"
   "\xfc\xff\xfc\xff\xfc\xff\xfc\xff\xfc\xff"
   "\xfc\xff\xfc\xff\xdc\xff\xfc\xff\xfc\xff"
   "\xfc\xff\xfc\xff\xdc\xff\xdc\xff\xdb\xff"
   "\xdb\xff\xdb\xff\xda\xff\xda\xff\xda\xff"
   "\xda\xff\xda\xff\xda\xff\xda\xff\xda\xff"
   "\xda\xff\xda\xff\xd9\xff\xd9\xff\xda\xff"
   "\xda\xff\xda\xff\xda\xff\xda\xff\xda\xff"
   "\xda\xff\xda\xff\xba\xff\xda\xff\xda\xff"
   "\xdb\xff\xdb\xff\xdb\xff\xdb\xff\xdb\xff"
   "\xdb\xff\xdb\xff\xdb\xff\xdb\xff\xdb\xff"
   "\xdb\xff\xdb\xff\xdb\xff\xdb\xff\xbb\xf7"
   "\xdb\xf7\xdb\xf7\xfc\xff\x36\xe6\x00\x40"
   "\x07\xaa\x45\xa9\x86\xc9\x65\xd1\x44\xc9"
   "\xe6\xd9\x44\xc1\x44\xc1\x24\xc1\xa6\xc9"
   "\x45\xb9\x87\xb9\xc4\x80\x00\x18\x20\x00"
   "\xeb\x5a\xff\xff\xff\xff\xff\xff\xff\xff"
   "\xff\xff\xff\xff\xff\xff\xff\xff\xff\xff"
   "\xff\xff\xff\xff\xff\xff\xff\xff\xff\xff"
   "\xff\xff\xff\xff\xff\xff\xff\xff\xff\xff"
   "\xff\xff\xff\xff\xff\xff\xff\xff\xff\xff"
   "\xff\xff\xff\xff\xff\xff\xff\xff\xff\xff"
   "\xff\xff\xff\xff\xff\xff\xff\xff\xff\xff"
   "\xff\xff\xff\xff\xff\xff\xff\xff\xff\xff"
   "\xff\xff\xff\xff\xff\xff\xff\xff\xff\xff"
   "\xff\xff\xff\xff\xff\xff\xec\x62\x00\x10"
   "\x00\x20\x29\x92\xe8\xc1\xc3\xb0\x24\xb9"
   "\xc6\xd1\xe8\xd9\x25\xc9\x66\xd9\xa6\xd9"
   "\x08\xca\x89\xd2\xcb\xca\x85\x79\x01\x31"
   "\xfc\xff\xdc\xff\xdc\xff\xdc\xf7\xfc\xf7"
   "\xfb\xf7\xfb\xf7\xbb\xff\xbb\xff\xdb\xff"
   "\xdc\xff\xfc\xff\xfc\xff\xfc\xff\xfc\xff"
   "\xdc\xff\xdc\xff\xdc\xff\xdc\xff\xdc\xff"
   "\xdc\xff\xdc\xff\xdc\xff\xdc\xff\xdc\xff"
   "\xfc\xff\xfc\xff\xfc\xff\xdc\xff\xdc\xff"
   "\xdc\xff\xdc\xff\xfc\xff\xdb\xff\xdb\xff"
   "\xdb\xff\xdb\xff\xda\xff\xda\xff\xda\xff"
   "\xda\xff\xba\xff\xba\xff\xba\xff\xda\xff"
   "\xba\xff\xda\xff\xb9\xff\xd9\xff\xb9\xff"
   "\xb9\xff\xb9\xff\xb9\xff\xb9\xff\xb9\xff"
   "\xba\xff\xda\xff\xba\xff\xda\xff\xda\xff"
   "\xda\xff\xdb\xff\xdb\xff\xdb\xff\xdb\xff"
   "\xdb\xff\xdb\xff\xdb\xff\xdb\xff\xdb\xff"
   "\xdb\xff\xdb\xff\xdb\xff\xfc\xff\xdb\xf7"
   "\xfc\xff\x9b\xf7\xfc\xff\x19\xf7\xa0\x40"
   "\xe6\x89\xa6\xb9\x24\xc1\x65\xd1\x44\xd1"
   "\x85\xd1\xe7\xd9\x44\xc1\x82\xa8\x65\xc1"
   "\x65\xc1\x66\xc1\x25\x91\x00\x18\x00\x00"
   "\x49\x4a\xff\xff\xff\xff\xff\xff\xff\xff"
   "\xff\xff\xff\xff\xff\xff\xff\xff\xff\xff"
   "\xff\xff\xff\xff\xff\xff\xff\xff\xff\xff"
   "\xff\xff\xff\xff\xff\xff\xff\xff\xff\xff"
   "\xff\xff\xff\xff\xff\xff\xff\xff\xff\xff"
   "\xff\xff\xff\xff\xff\xff\xff\xff\xff\xff"
   "\xff\xff\xff\xff\xff\xff\xff\xff\xff\xff"
   "\xff\xff\xff\xff\xff\xff\xff\xff\xff\xff"
   "\xff\xff\xff\xff\xff\xff\xff\xff\xff\xff"
   "\xff\xff\xff\xff\xff\xff\xcc\x62\x00\x10"
   "\x00\x20\x08\x8a\x29\xca\xc7\xd1\x27\xda"
   "\xe6\xc9\x86\xc9\x25\xc9\xe8\xe1\x08\xda"
   "\x08\xca\x89\xca\x2c\xd3\xe6\x81\xe1\x30"
   "\xdb\xf7\xdc\xff\xdc\xff\xdc\xf7\xfc\xf7"
   "\xfb\xef\xfb\xf7\xbb\xff\xbb\xff\xdb\xff"
   "\xdc\xff\xfc\xff\xfc\xff\xfc\xff\xfc\xff"
   "\xdc\xff\xdc\xff\xdc\xff\xdc\xff\xdc\xff"
   "\xdc\xff\xdc\xff\xdc\xff\xdc\xff\xdc\xff"
   "\xdc\xff\xdc\xff\xdc\xff\xdc\xff\xdb\xff"
   "\xdb\xff\xdb\xff\xfb\xff\xdb\xff\xdb\xff"
   "\xdb\xff\xda\xff\xda\xff\xda\xff\xda\xff"
   "\xda\xff\xda\xff\xba\xff\xba\xff\xba\xff"
   "\xba\xff\xba\xff\xb9\xff\xb9\xff\xb9\xff"
   "\xb9\xff\xb9\xff\xb9\xff\xb9\xff\xb9\xff"
   "\xb9\xff\xda\xff\xda\xff\xda\xff\xda\xff"
   "\xda\xff\xdb\xff\xdb\xff\xdb\xff\xdb\xff"
   "\xdb\xff\xdb\xff\xdb\xff\xdb\xff\xdc\xff"
   "\xdc\xff\xdc\xff\xdc\xff\xfc\xff\xdc\xff"
   "\xfc\xff\xbb\xff\xdc\xff\x39\xff\xe1\x40"
   "\xe5\x81\xc6\xb9\x65\xd1\xc6\xd9\x85\xd1"
   "\x45\xc9\x85\xd1\x45\xc1\x04\xb9\x85\xc9"
   "\x65\xc1\x87\xc1\x45\x91\x00\x20\x20\x00"
   "\x49\x4a\xff\xff\xff\xff\xff\xff\xff\xff"
   "\xff\xff\xff\xff\xff\xff\xff\xff\xff\xff"
   "\xff\xff\xff\xff\xff\xff\xff\xff\xff\xff"
   "\xff\xff\xff\xff\xff\xff\xff\xff\xff\xff"
   "\xff\xff\xff\xff\xff\xff\xff\xff\xff\xff"
   "\xff\xff\xff\xff\xff\xff\xff\xff\xff\xff"
   "\xff\xff\xff\xff\xff\xff\xff\xff\xff\xff"
   "\xff\xff\xff\xff\xff\xff\xff\xff\xff\xff"
   "\xff\xff\xff\xff\xff\xff\xff\xff\xff\xff"
   "\xff\xff\xff\xff\xff\xff\xcc\x62\x00\x10"
   "\x00\x18\x66\x71\xc8\xb9\x08\xda\x89\xe2"
   "\x27\xd2\xa7\xd1\x66\xc9\x08\xe2\x49\xda"
   "\xe7\xc1\x49\xc2\x4d\xdb\x28\x9a\xa0\x30"
   "\x9b\xf7\xbc\xff\xbc\xff\xdc\xff\xfc\xf7"
   "\xfb\xf7\xfb\xf7\xbb\xff\xbb\xff\xdb\xff"
   "\xdc\xff\xdc\xff\xfc\xff\xfc\xff\xdc\xff"
   "\xdc\xff\xdb\xff\xdc\xff\xdc\xff\xdc\xff"
   "\xdc\xff\xdc\xff\xdc\xff\xdc\xff\xdc\xff"
   "\xdc\xff\xfc\xff\xfc\xff\xdc\xff\xdb\xff"
   "\xdb\xff\xdb\xff\xfb\xff\xdb\xff\xdb\xff"
   "\xdb\xff\xda\xff\xda\xff\xda\xff\xda\xff"
   "\xda\xff\xda\xff\xb9\xff\xb9\xff\xb9\xff"
   "\xb9\xff\xb9\xff\xba\xff\xba\xff\xba\xff"
   "\xba\xff\xba\xff\xba\xff\xba\xff\xb9\xff"
   "\xba\xff\xda\xff\xda\xff\xda\xff\xda\xff"
   "\xda\xff\xdb\xff\xdb\xff\xdb\xff\xdb\xff"
   "\xdb\xff\xdb\xff\xdc\xff\xdb\xff\xdb\xff"
   "\xdc\xff\xdc\xff\xdc\xff\xdc\xff\xdc\xff"
   "\xdc\xff\xbc\xff\x9c\xff\x5b\xff\x43\x51"
   "\xa5\x79\x28\xca\xa6\xd1\xe7\xd9\xa6\xd1"
   "\x44\xc9\x65\xc9\x45\xc1\x65\xc9\x65\xc9"
   "\x44\xc1\x66\xc1\x45\x91\x00\x20\x00\x00"
   "\x28\x42\xff\xff\xff\xff\xff\xff\xff\xff"
   "\xff\xff\xff\xff\xff\xff\xff\xff\xff\xff"
   "\xff\xff\xff\xff\xff\xff\xff\xff\xff\xff"
   "\xff\xff\xff\xff\xff\xff\xff\xff\xff\xff"
   "\xff\xff\xff\xff\xff\xff\xff\xff\xff\xff"
   "\xff\xff\xff\xff\xff\xff\xff\xff\xff\xff"
   "\xff\xff\xff\xff\xff\xff\xff\xff\xff\xff"
   "\xff\xff\xff\xff\xff\xff\xff\xff\xff\xff"
   "\xff\xff\xff\xff\xff\xff\xff\xff\xff\xff"
   "\xff\xff\xff\xff\xff\xff\xec\x62\x00\x10"
   "\x00\x18\xc7\x79\x49\xc2\xc7\xd1\x27\xd2"
   "\x47\xd2\xa7\xc9\x25\xb9\xe8\xd1\x49\xd2"
   "\xc7\xc1\x08\xc2\x0d\xdb\x28\xa2\x60\x30"
   "\x7b\xf7\xbc\xff\xbc\xff\xbc\xff\xdc\xff"
   "\xfb\xf7\xfb\xf7\xdb\xff\xbb\xff\xdb\xff"
   "\xdc\xff\xdc\xff\xdc\xff\xdc\xff\xdc\xff"
   "\xdc\xff\xdb\xff\xdc\xff\xdc\xff\xdc\xff"
   "\xdc\xff\xdc\xff\xdc\xff\xdc\xff\xdc\xff"
   "\xdc\xff\xdb\xff\xdb\xff\xdb\xff\xdb\xff"
   "\xdb\xff\xdb\xff\xfb\xff\xdb\xff\xdb\xff"
   "\xdb\xff\xda\xff\xda\xff\xda\xff\xda\xff"
   "\xda\xff\xd9\xff\xb9\xff\xb9\xff\xb9\xff"
   "\xb9\xff\xb9\xff\xba\xff\xba\xff\xba\xff"
   "\xba\xff\xba\xff\xba\xff\xba\xff\xba\xff"
   "\xba\xff\xba\xff\xda\xff\xdb\xff\xda\xff"
   "\xda\xff\xdb\xff\xdb\xff\xdb\xff\xdb\xff"
   "\xdb\xff\xdb\xff\xdb\xff\xdb\xff\xdb\xff"
   "\xdb\xff\xdc\xff\xdc\xff\xdb\xf7\xdb\xff"
   "\xbb\xff\xbc\xff\x7b\xff\x9c\xff\xc5\x61"
   "\x64\x71\x69\xca\x86\xc9\xa6\xc9\x85\xc9"
   "\x65\xc9\x65\xc9\x65\xc9\x85\xc9\x44\xc9"
   "\x44\xc1\x66\xc1\x46\x99\x00\x20\x00\x00"
   "\x08\x42\xff\xff\xff\xff\xff\xff\xff\xff"
   "\xff\xff\xff\xff\xff\xff\xff\xff\xff\xff"
   "\xff\xff\xff\xff\xff\xff\xff\xff\xff\xff"
   "\xff\xff\xff\xff\xff\xff\xff\xff\xff\xff"
   "\xff\xff\xff\xff\xff\xff\xff\xff\xff\xff"
   "\xff\xff\xff\xff\xff\xff\xff\xff\xff\xff"
   "\xff\xff\xff\xff\xff\xff\xff\xff\xff\xff"
   "\xff\xff\xff\xff\xff\xff\xff\xff\xff\xff"
   "\xff\xff\xff\xff\xff\xff\xff\xff\xff\xff"
   "\xff\xff\xff\xff\xff\xff\xec\x62\x00\x10"
   "\x00\x18\xc7\x79\x8a\xca\xe7\xd1\x27\xca"
   "\x89\xda\x28\xda\x87\xc9\xe7\xc1\x69\xd2"
   "\x08\xca\x29\xca\xab\xda\xe8\xa1\x00\x28"
   "\x5b\xf7\xbc\xff\xbc\xff\xbc\xff\xbc\xff"
   "\xdb\xff\xfb\xf7\xdb\xff\xdb\xff\xdb\xff"
   "\xdb\xff\xdb\xff\xdb\xff\xdb\xff\xdb\xff"
   "\xdb\xff\xdc\xff\xdb\xff\xdb\xff\xdb\xff"
   "\xdb\xff\xdb\xff\xdb\xff\xdb\xff\xdb\xff"
   "\xdb\xff\xdb\xff\xdb\xff\xdb\xff\xdb\xff"
   "\xdb\xff\xdb\xff\xdb\xff\xdb\xff\xda\xff"
   "\xda\xff\xda\xff\xda\xff\xda\xff\xda\xff"
   "\xda\xff\xd9\xff\xd9\xff\xd9\xff\xd9\xff"
   "\xb9\xff\xb9\xff\xba\xff\xba\xff\xba\xff"
   "\xba\xff\xba\xff\xba\xff\xba\xff\xba\xff"
   "\xba\xff\xda\xff\xdb\xff\xdb\xff\xda\xff"
   "\xda\xff\xdb\xff\xdb\xff\xdb\xff\xdb\xff"
   "\xdb\xff\xdb\xff\xdb\xff\xdb\xff\xdb\xff"
   "\xdb\xff\xdb\xff\xdb\xff\xdb\xff\xdb\xff"
   "\xbb\xff\xbc\xff\x5b\xff\x9d\xff\x68\x72"
   "\xe3\x60\x29\xba\x46\xb9\x86\xc1\x85\xc1"
   "\x65\xc1\x65\xc9\x65\xc9\xa6\xd1\x85\xd1"
   "\x45\xc1\x87\xc9\x87\xa1\x00\x28\x00\x08"
   "\x08\x42\xff\xff\xff\xff\xff\xff\xff\xff"
   "\xff\xff\xff\xff\xff\xff\xff\xff\xff\xff"
   "\xff\xff\xff\xff\xff\xff\xff\xff\xff\xff"
   "\xff\xff\xff\xff\xff\xff\xff\xff\xff\xff"
   "\xff\xff\xff\xff\xff\xff\xff\xff\xff\xff"
   "\xff\xff\xff\xff\xff\xff\xff\xff\xff\xff"
   "\xff\xff\xff\xff\xff\xff\xff\xff\xff\xff"
   "\xff\xff\xff\xff\xff\xff\xff\xff\xff\xff"
   "\xff\xff\xff\xff\xff\xff\xff\xff\xff\xff"
   "\xff\xff\xff\xff\xff\xff\xec\x62\x00\x08"
   "\x00\x18\x04\x61\x49\xc2\x48\xda\x68\xd2"
   "\x88\xda\x49\xda\x6a\xda\x48\xca\xaa\xda"
   "\x8a\xda\x6a\xd2\x6b\xd2\xc8\xa1\x00\x20"
   "\x3a\xef\xbc\xff\xbc\xff\xbc\xff\xbc\xff"
   "\xdb\xff\xfb\xf7\xfb\xff\xdb\xff\xdb\xff"
   "\xdb\xff\xdb\xff\xdb\xff\xdb\xff\xdb\xff"
   "\xdb\xff\xdc\xff\xdb\xff\xdb\xff\xdb\xff"
   "\xdb\xff\xdb\xff\xdb\xff\xdb\xff\xdb\xff"
   "\xdb\xff\xdb\xff\xdb\xff\xdb\xff\xbb\xff"
   "\xba\xff\xda\xff\xda\xff\xda\xff\xda\xff"
   "\xda\xff\xda\xff\xda\xff\xda\xff\xda\xff"
   "\xda\xff\xd9\xff\xd9\xff\xd9\xff\xd9\xff"
   "\xb9\xff\xb9\xff\xba\xff\xba\xff\xba\xff"
   "\xba\xff\xba\xff\xba\xff\xba\xff\xba\xff"
   "\xba\xff\xda\xff\xda\xff\xda\xff\xda\xff"
   "\xda\xff\xdb\xff\xdb\xff\xdb\xff\xdb\xff"
   "\xdb\xff\xdb\xff\xdb\xff\xdb\xff\xdb\xff"
   "\xdb\xff\xdb\xff\xdb\xff\xfb\xff\xfb\xff"
   "\xdc\xff\xbc\xff\x7b\xff\xbd\xff\xea\x82"
   "\x61\x48\xe8\xb1\x66\xb9\xc7\xc9\xa6\xc9"
   "\x44\xc1\x44\xc9\x65\xc9\xe7\xd9\x85\xd1"
   "\x44\xc1\x87\xc9\xa7\xa1\x20\x28\x00\x00"
   "\x08\x42\xff\xff\xff\xff\xff\xff\xff\xff"
   "\xff\xff\xff\xff\xff\xff\xff\xff\xff\xff"
   "\xff\xff\xff\xff\xff\xff\xff\xff\xff\xff"
   "\xff\xff\xff\xff\xff\xff\xff\xff\xff\xff"
   "\xff\xff\xff\xff\xff\xff\xff\xff\xff\xff"
   "\xff\xff\xff\xff\xff\xff\xff\xff\xff\xff"
   "\xff\xff\xff\xff\xff\xff\xff\xff\xff\xff"
   "\xff\xff\xff\xff\xff\xff\xff\xff\xff\xff"
   "\xff\xff\xff\xff\xff\xff\xff\xff\xff\xff"
   "\xff\xff\xff\xff\xff\xff\x0d\x63\x01\x08"
   "\x00\x18\x24\x61\x8a\xca\x89\xe2\x47\xd2"
   "\x27\xca\xc7\xc9\x49\xda\xaa\xda\xcb\xda"
   "\xab\xda\x8b\xda\x2a\xd2\xe8\xa1\x00\x18"
   "\xd8\xd6\xdc\xff\xdc\xff\xbc\xff\xbc\xff"
   "\xdb\xff\xfb\xff\xfb\xff\xfb\xff\xdb\xff"
   "\xdb\xff\xdb\xff\xdb\xff\xdb\xff\xdb\xff"
   "\xdb\xff\xdb\xff\xdb\xff\xdb\xff\xdb\xff"
   "\xdb\xff\xdb\xff\xdb\xff\xdb\xff\xdb\xff"
   "\xdb\xff\xdb\xff\xdb\xff\xda\xff\xba\xff"
   "\xda\xff\xda\xff\xda\xff\xda\xff\xda\xff"
   "\xda\xff\xda\xff\xda\xff\xda\xff\xda\xff"
   "\xd9\xff\xd9\xff\xd9\xff\xd9\xff\xd9\xff"
   "\xd9\xff\xd9\xff\xda\xff\xda\xff\xba\xff"
   "\xba\xff\xba\xff\xba\xff\xda\xff\xbb\xff"
   "\xbb\xff\xbb\xff\xba\xff\xda\xff\xda\xff"
   "\xda\xff\xda\xff\xdb\xff\xdb\xff\xdb\xff"
   "\xdb\xff\xdb\xff\xdb\xff\xdb\xff\xdb\xff"
   "\xdb\xff\xdb\xff\xdb\xff\xfb\xff\xdb\xff"
   "\xfc\xff\xbb\xff\xbc\xff\xdd\xff\xad\x8b"
   "\x40\x40\x29\xb2\xa8\xc9\x08\xd2\xa6\xd1"
   "\x44\xc1\x44\xc9\x85\xc9\xc6\xd1\x65\xc9"
   "\x24\xc1\x66\xc1\xa7\xa1\x20\x28\x00\x00"
   "\xe7\x41\xff\xff\xff\xff\xff\xff\xff\xff"
   "\xff\xff\xff\xff\xff\xff\xff\xff\xff\xff"
   "\xff\xff\xff\xff\xff\xff\xff\xff\xff\xff"
   "\xff\xff\xff\xff\xff\xff\xff\xff\xff\xff"
   "\xff\xff\xff\xff\xff\xff\xff\xff\xff\xff"
   "\xff\xff\xff\xff\xff\xff\xff\xff\xff\xff"
   "\xff\xff\xff\xff\xff\xff\xff\xff\xff\xff"
   "\xff\xff\xff\xff\xff\xff\xff\xff\xff\xff"
   "\xff\xff\xff\xff\xff\xff\xff\xff\xff\xff"
   "\xff\xff\xff\xff\xff\xff\x0d\x63\x01\x08"
   "\x00\x18\x45\x69\xeb\xd2\xca\xe2\x67\xd2"
   "\x88\xd2\x49\xda\xcb\xea\xcb\xda\xaa\xda"
   "\x6a\xda\x6b\xda\x0a\xd2\xe8\xa1\x00\x10"
   "\x96\xc6\xfc\xf7\xdc\xf7\xdc\xff\xdc\xff"
   "\xdb\xff\xdb\xff\xdb\xff\xfb\xff\xdb\xff"
   "\xdb\xff\xdb\xff\xdb\xff\xdb\xff\xdb\xff"
   "\xdb\xff\xdb\xff\xdb\xff\xdb\xff\xdb\xff"
   "\xdb\xff\xdb\xff\xdb\xff\xdb\xff\xdb\xff"
   "\xda\xff\xda\xff\xda\xff\xda\xff\xda\xff"
   "\xba\xff\xda\xff\xda\xff\xda\xff\xda\xff"
   "\xda\xff\xda\xff\xda\xff\xda\xff\xda\xff"
   "\xda\xff\xd9\xff\xd9\xff\xd9\xff\xd9\xff"
   "\xd9\xff\xd9\xff\xda\xff\xba\xff\xba\xff"
   "\xba\xff\xba\xff\xba\xff\xbb\xff\xbb\xff"
   "\xbb\xff\xdb\xff\xba\xff\xda\xff\xda\xff"
   "\xda\xff\xdb\xff\xdb\xff\xdb\xff\xdb\xff"
   "\xdb\xff\xdb\xff\xdb\xff\xdb\xff\xdb\xff"
   "\xdb\xff\xdc\xff\xdb\xff\xdb\xff\xba\xf7"
   "\xfc\xff\xbb\xef\xfd\xff\xfd\xff\x2f\x94"
   "\x60\x38\xab\xc2\xe9\xd1\xe8\xd9\x86\xd1"
   "\x65\xc9\xa6\xd1\x85\xc9\x64\xc9\x85\xd1"
   "\x24\xc1\x66\xc1\xa7\xa1\x20\x30\x00\x00"
   "\x08\x42\xff\xff\xff\xff\xff\xff\xff\xff"
   "\xff\xff\xff\xff\xff\xff\xff\xff\xff\xff"
   "\xff\xff\xff\xff\xff\xff\xff\xff\xff\xff"
   "\xff\xff\xff\xff\xff\xff\xff\xff\xff\xff"
   "\xff\xff\xff\xff\xff\xff\xff\xff\xff\xff"
   "\xff\xff\xff\xff\xff\xff\xff\xff\xff\xff"
   "\xff\xff\xff\xff\xff\xff\xff\xff\xff\xff"
   "\xff\xff\xff\xff\xff\xff\xff\xff\xff\xff"
   "\xff\xff\xff\xff\xff\xff\xff\xff\xff\xff"
   "\xff\xff\xff\xff\xff\xff\x4d\x6b\x00\x08"
   "\x00\x10\x65\x69\xcb\xca\x68\xda\x06\xc2"
   "\x47\xca\xc7\xc9\x6a\xda\xeb\xe2\x8a\xda"
   "\x0d\xf3\x6b\xe2\x6b\xda\x87\x99\x60\x20"
   "\xd3\xa5\xfc\xef\xfc\xf7\xdc\xf7\x9b\xf7"
   "\xdc\xff\xfb\xff\xbb\xff\xdb\xff\xdb\xff"
   "\xdb\xff\xdb\xff\xdb\xff\xdb\xff\xdb\xff"
   "\xdb\xff\xdb\xff\xdb\xff\xdb\xff\xdb\xff"
   "\xdb\xff\xdb\xff\xdb\xff\xdb\xff\xdb\xff"
   "\xda\xff\xda\xff\xda\xff\xda\xff\xda\xff"
   "\xba\xff\xba\xff\xba\xff\xda\xff\xda\xff"
   "\xda\xff\xda\xff\xda\xff\xda\xff\xda\xff"
   "\xda\xff\xd9\xff\xd9\xff\xd9\xff\xd9\xff"
   "\xda\xff\xda\xff\xba\xff\xba\xff\xda\xff"
   "\xda\xff\xbb\xff\xbb\xff\xbb\xff\xbb\xff"
   "\xbb\xff\xdb\xff\xba\xff\xda\xff\xba\xff"
   "\xba\xff\xba\xff\xba\xff\xdb\xff\xdb\xff"
   "\xdb\xff\xdb\xff\xdb\xff\xdb\xff\xdb\xff"
   "\xdb\xff\xdb\xff\xdb\xff\xba\xf7\xfc\xff"
   "\x7a\xe7\xbb\xe7\xfd\xf7\xdc\xef\x52\xad"
   "\x60\x38\x4a\xba\x67\xc9\x26\xc9\x25\xd1"
   "\x86\xd1\x85\xd1\x24\xb9\x85\xc1\xc6\xd1"
   "\x65\xc9\x87\xc1\xa7\xa1\x20\x30\x20\x08"
   "\xc7\x41\xff\xff\xff\xff\xff\xff\xff\xff"
   "\xff\xff\xff\xff\xff\xff\xff\xff\xff\xff"
   "\xff\xff\xff\xff\xff\xff\xff\xff\xff\xff"
   "\xff\xff\xff\xff\xff\xff\xff\xff\xff\xff"
   "\xff\xff\xff\xff\xff\xff\xff\xff\xff\xff"
   "\xff\xff\xff\xff\xff\xff\xff\xff\xff\xff"
   "\xff\xff\xff\xff\xff\xff\xff\xff\xff\xff"
   "\xff\xff\xff\xff\xff\xff\xff\xff\xff\xff"
   "\xff\xff\xff\xff\xff\xff\xff\xff\xff\xff"
   "\xff\xff\xff\xff\xff\xff\x8e\x73\x00\x08"
   "\x00\x10\x04\x59\x89\xc2\x27\xd2\xe6\xc1"
   "\x27\xca\xa6\xc1\x08\xd2\xcb\xea\x49\xda"
   "\x29\xda\xa8\xc9\xe9\xc9\xc7\x99\x00\x10"
   "\x51\x95\xfc\xef\x9b\xe7\xdc\xf7\xfc\xff"
   "\x9b\xf7\x9b\xf7\xdb\xff\xbb\xff\xbb\xff"
   "\xdb\xff\xdb\xff\xdb\xff\xdb\xff\xdb\xff"
   "\xdb\xff\xdb\xff\xdb\xff\xdb\xff\xdb\xff"
   "\xdb\xff\xdb\xff\xdb\xff\xdb\xff\xdb\xff"
   "\xda\xff\xda\xff\xda\xff\xda\xff\xda\xff"
   "\xda\xff\xba\xff\xba\xff\xda\xff\xda\xff"
   "\xda\xff\xda\xff\xda\xff\xda\xff\xda\xff"
   "\xda\xff\xda\xff\xd9\xff\xda\xff\xda\xff"
   "\xda\xff\xba\xff\xba\xff\xba\xff\xda\xff"
   "\xda\xff\xbb\xff\xbb\xff\xbb\xff\xbb\xff"
   "\xbb\xff\xdb\xff\xda\xff\xda\xff\xda\xff"
   "\xba\xff\xba\xff\xda\xff\xdb\xff\xdb\xff"
   "\xdb\xff\xdb\xff\xdb\xff\xdb\xff\xdb\xff"
   "\xdb\xff\xdb\xff\xdb\xff\xfb\xff\x9a\xef"
   "\xfc\xff\xfc\xef\xfc\xef\xfd\xff\xd4\xbd"
   "\x00\x20\xe8\xb1\x26\xc9\x66\xd1\x66\xd9"
   "\x66\xd9\x44\xc9\x24\xb9\xc6\xd1\x85\xc9"
   "\x44\xc1\x87\xc1\xc8\xa9\x81\x38\x40\x08"
   "\x08\x4a\xff\xff\xff\xff\xff\xff\xff\xff"
   "\xff\xff\xff\xff\xff\xff\xff\xff\xff\xff"
   "\xff\xff\xff\xff\xff\xff\xff\xff\xff\xff"
   "\xff\xff\xff\xff\xff\xff\xff\xff\xff\xff"
   "\xff\xff\xff\xff\xff\xff\xff\xff\xff\xff"
   "\xff\xff\xff\xff\xff\xff\xff\xff\xff\xff"
   "\xff\xff\xff\xff\xff\xff\xff\xff\xff\xff"
   "\xff\xff\xff\xff\xff\xff\xff\xff\xff\xff"
   "\xff\xff\xff\xff\xff\xff\xff\xff\xff\xff"
   "\xff\xff\xff\xff\xff\xff\xf0\x7b\x00\x08"
   "\x00\x10\x04\x59\x69\xc2\x28\xd2\x27\xca"
   "\x68\xd2\xe8\xd1\x08\xda\x8a\xe2\x28\xda"
   "\x87\xc9\x46\xc9\x67\xc1\x29\xb2\x00\x18"
   "\xcf\x94\xfd\xff\xfd\xff\xfc\xf7\xdb\xf7"
   "\xfc\xff\xfc\xff\xdc\xff\x7a\xff\xdb\xff"
   "\xdb\xff\xdb\xff\xdb\xff\xdb\xff\xdb\xff"
   "\xdb\xff\xdb\xff\xdb\xff\xdb\xff\xdb\xff"
   "\xdb\xff\xdb\xff\xdb\xff\xdb\xff\xdb\xff"
   "\xda\xff\xda\xff\xda\xff\xda\xff\xba\xff"
   "\xba\xff\xba\xff\xba\xff\xba\xff\xba\xff"
   "\xba\xff\xba\xff\xba\xff\xba\xff\xba\xff"
   "\xba\xff\xda\xff\xda\xff\xda\xff\xda\xff"
   "\xda\xff\xda\xff\xda\xff\xba\xff\xda\xff"
   "\xda\xff\xdb\xff\xdb\xff\xdb\xff\xdb\xff"
   "\xdb\xff\xdb\xff\xda\xff\xda\xff\xda\xff"
   "\xda\xff\xda\xff\xda\xff\xda\xff\xdb\xff"
   "\xdb\xff\xdb\xff\xdb\xff\xdb\xff\xdb\xff"
   "\xdb\xff\xdb\xff\xdb\xff\xfc\xff\xbb\xf7"
   "\xbb\xef\xfd\xff\xbb\xef\xfd\xff\xf4\xcd"
   "\xc1\x50\xc7\xb1\x67\xd1\xa7\xd9\x25\xd1"
   "\x04\xc9\x65\xc9\x65\xc1\xa6\xc9\x86\xc9"
   "\x44\xc1\x87\xc9\x08\xb2\xa2\x40\x20\x08"
   "\x69\x52\xff\xff\xff\xff\xff\xff\xff\xff"
   "\xff\xff\xff\xff\xff\xff\xff\xff\xff\xff"
   "\xff\xff\xff\xff\xff\xff\xff\xff\xff\xff"
   "\xff\xff\xff\xff\xff\xff\xff\xff\xff\xff"
   "\xff\xff\xff\xff\xff\xff\xff\xff\xff\xff"
   "\xff\xff\xff\xff\xff\xff\xff\xff\xff\xff"
   "\xff\xff\xff\xff\xff\xff\xff\xff\xff\xff"
   "\xff\xff\xff\xff\xff\xff\xff\xff\xff\xff"
   "\xff\xff\xff\xff\xff\xff\xff\xff\xff\xff"
   "\xff\xff\xff\xff\xff\xff\x72\x8c\x00\x08"
   "\x00\x10\x82\x48\x08\xba\xe7\xc9\x06\xca"
   "\x27\xd2\xc7\xd1\xc7\xd1\xe7\xd1\xe7\xd1"
   "\x66\xc9\x67\xc9\x06\xc1\xe8\xb1\x00\x28"
   "\x4a\x73\x7a\xf7\xbc\xff\x9b\xef\xbb\xef"
   "\xfc\xff\xbb\xff\x5a\xff\xdc\xff\xbb\xff"
   "\xdb\xff\xdb\xff\xdb\xff\xdb\xff\xdb\xff"
   "\xdb\xff\xdb\xff\xdb\xff\xdb\xff\xdb\xff"
   "\xdb\xff\xdb\xff\xdb\xff\xdb\xff\xdb\xff"
   "\xda\xff\xda\xff\xda\xff\xda\xff\xba\xff"
   "\xba\xff\xba\xff\xba\xff\xba\xff\xba\xff"
   "\xba\xff\xba\xff\xba\xff\xba\xff\xba\xff"
   "\xba\xff\xda\xff\xda\xff\xda\xff\xda\xff"
   "\xda\xff\xba\xff\xba\xff\xba\xff\xda\xff"
   "\xda\xff\xdb\xff\xdb\xff\xdb\xff\xdb\xff"
   "\xdb\xff\xdb\xff\xda\xff\xda\xff\xda\xff"
   "\xda\xff\xda\xff\xda\xff\xdb\xff\xdb\xff"
   "\xdb\xff\xdb\xff\xdb\xff\xdb\xff\xdb\xff"
   "\xdb\xff\xdb\xff\xdb\xff\xdb\xff\x9b\xf7"
   "\xdc\xff\xfc\xff\xf5\xcd\x6c\x8b\x01\x41"
   "\x00\x38\x8a\xd2\x87\xd1\x65\xd1\x24\xc9"
   "\x24\xc9\x65\xd1\x65\xc1\x86\xc9\xe7\xd9"
   "\x65\xc9\x87\xc9\xe8\xb1\x61\x38\x00\x00"
   "\xaa\x5a\xff\xff\xff\xff\xff\xff\xff\xff"
   "\xff\xff\xff\xff\xff\xff\xff\xff\xff\xff"
   "\xff\xff\xff\xff\xff\xff\xff\xff\xff\xff"
   "\xff\xff\xff\xff\xff\xff\xff\xff\xff\xff"
   "\xff\xff\xff\xff\xff\xff\xff\xff\xff\xff"
   "\xff\xff\xff\xff\xff\xff\xff\xff\xff\xff"
   "\xff\xff\xff\xff\xff\xff\xff\xff\xff\xff"
   "\xff\xff\xff\xff\xff\xff\xff\xff\xff\xff"
   "\xff\xff\xff\xff\xff\xff\xff\xff\xff\xff"
   "\xff\xff\xff\xff\xff\xff\xf4\x9c\x00\x08"
   "\x00\x10\x41\x40\x08\xba\xc6\xc9\xe6\xc9"
   "\xc6\xc9\xa7\xd1\xa7\xd1\x85\xc9\x85\xc9"
   "\x45\xc9\x66\xd1\xe5\xc0\x46\xb1\x40\x50"
   "\xe2\x40\x78\xf6\xbc\xff\xfd\xff\xbb\xf7"
   "\x9a\xef\xfc\xff\xdc\xff\x5a\xff\xbb\xff"
   "\xdb\xff\xdb\xff\xdb\xff\xdb\xff\xdb\xff"
   "\xdb\xff\xdb\xff\xdb\xff\xdb\xff\xdb\xff"
   "\xdb\xff\xdb\xff\xdb\xff\xdb\xff\xdb\xff"
   "\xda\xff\xda\xff\xda\xff\xda\xff\xba\xff"
   "\xba\xff\xba\xff\xba\xff\xda\xff\xda\xff"
   "\xda\xff\xda\xff\xda\xff\xda\xff\xda\xff"
   "\xda\xff\xda\xff\xda\xff\xda\xff\xda\xff"
   "\xda\xff\xdb\xff\xdb\xff\xdb\xff\xdb\xff"
   "\xdb\xff\xdb\xff\xdb\xff\xdb\xff\xdb\xff"
   "\xdb\xff\xda\xff\xda\xff\xda\xff\xda\xff"
   "\xda\xff\xda\xff\xda\xff\xdb\xff\xdb\xff"
   "\xdb\xff\xdb\xff\xdb\xff\xdb\xff\xdb\xff"
   "\xdb\xff\xdb\xff\xdb\xff\xdc\xff\xdc\xff"
   "\x9c\xff\xea\x82\x00\x28\x00\x28\x20\x40"
   "\x44\x81\xcb\xe2\x24\xc9\x24\xc1\xa6\xd1"
   "\x86\xc9\x45\xc1\x04\xc1\x86\xd1\xa6\xd1"
   "\x45\xc1\x46\xc1\xc8\xa9\x40\x30\x00\x08"
   "\x2c\x6b\xff\xff\xff\xff\xff\xff\xff\xff"
   "\xff\xff\xff\xff\xff\xff\xff\xff\xff\xff"
   "\xff\xff\xff\xff\xff\xff\xff\xff\xff\xff"
   "\xff\xff\xff\xff\xff\xff\xff\xff\xff\xff"
   "\xff\xff\xff\xff\xff\xff\xff\xff\xff\xff"
   "\xff\xff\xff\xff\xff\xff\xff\xff\xff\xff"
   "\xff\xff\xff\xff\xff\xff\xff\xff\xff\xff"
   "\xff\xff\xff\xff\xff\xff\xff\xff\xff\xff"
   "\xff\xff\xff\xff\xff\xff\xff\xff\xff\xff"
   "\xff\xff\xff\xff\xff\xff\x76\xad\x00\x08"
   "\x00\x10\x41\x40\x28\xba\xe7\xd1\xc6\xc9"
   "\x85\xc1\xa7\xd1\xa7\xd1\x65\xc9\x44\xc1"
   "\x03\xc1\x66\xd1\x26\xd1\x67\xc1\x45\x89"
   "\x00\x40\x00\x28\xa6\x61\xd5\xd5\xfc\xff"
   "\xfc\xf7\x9a\xef\xbb\xff\x7a\xff\xbb\xff"
   "\xdb\xff\xdb\xff\xdb\xff\xdb\xff\xdb\xff"
   "\xdb\xff\xdb\xff\xdb\xff\xdb\xff\xdb\xff"
   "\xdb\xff\xdb\xff\xdb\xff\xdb\xff\xdb\xff"
   "\xda\xff\xda\xff\xba\xff\xba\xff\xba\xff"
   "\xba\xff\xba\xff\xba\xff\xda\xff\xda\xff"
   "\xda\xff\xda\xff\xda\xff\xda\xff\xda\xff"
   "\xda\xff\xda\xff\xda\xff\xdb\xff\xdb\xff"
   "\xdb\xff\xdb\xff\xdb\xff\xdb\xff\xdb\xff"
   "\xdb\xff\xdb\xff\xdb\xff\xdb\xff\xdb\xff"
   "\xdb\xff\xda\xff\xda\xff\xda\xff\xda\xff"
   "\xda\xff\xda\xff\xda\xff\xda\xff\xdb\xff"
   "\xdb\xff\xdb\xff\xdb\xff\xdb\xff\xdb\xff"
   "\xdb\xff\xdb\xff\xdb\xff\x9b\xff\x7c\xff"
   "\xa5\x59\x00\x30\x04\x71\xaa\xb2\x07\x9a"
   "\x27\xb2\xe7\xc9\x44\xc9\xe6\xd1\xc5\xc9"
   "\x44\xb9\x65\xc9\x66\xc9\x46\xc9\x25\xc9"
   "\x24\xc1\x26\xb9\xc7\xa9\x40\x30\x00\x08"
   "\xcf\x83\xff\xff\xff\xff\xff\xff\xff\xff"
   "\xff\xff\xff\xff\xff\xff\xff\xff\xff\xff"
   "\xff\xff\xff\xff\xff\xff\xff\xff\xff\xff"
   "\xff\xff\xff\xff\xff\xff\xff\xff\xff\xff"
   "\xff\xff\xff\xff\xff\xff\xff\xff\xff\xff"
   "\xff\xff\xff\xff\xff\xff\xff\xff\xff\xff"
   "\xff\xff\xff\xff\xff\xff\xff\xff\xff\xff"
   "\xff\xff\xff\xff\xff\xff\xff\xff\xff\xff"
   "\xff\xff\xff\xff\xff\xff\xff\xff\xff\xff"
   "\xff\xff\xff\xff\xff\xff\x18\xbe\x01\x08"
   "\x00\x10\x00\x38\xc7\xb1\x85\xc1\x85\xc1"
   "\x44\xb9\x66\xc9\x66\xc9\x64\xc9\x23\xc1"
   "\x23\xc1\x45\xd1\x26\xd9\xa8\xd9\xe8\xb1"
   "\xe4\x78\xe4\x70\x00\x30\x60\x28\xaf\x9c"
   "\xdb\xef\xfb\xf7\x7a\xff\xdc\xff\xbb\xff"
   "\xdb\xff\xdb\xff\xdb\xff\xdb\xff\xdb\xff"
   "\xdb\xff\xdb\xff\xdb\xff\xdb\xff\xdb\xff"
   "\xdb\xff\xdb\xff\xdb\xff\xdb\xff\xdb\xff"
   "\xba\xff\xba\xff\xba\xff\xba\xff\xda\xff"
   "\xda\xff\xda\xff\xda\xff\xda\xff\xda\xff"
   "\xda\xff\xda\xff\xbb\xff\xbb\xff\xbb\xff"
   "\xbb\xff\xdb\xff\xdb\xff\xdb\xff\xdb\xff"
   "\xdb\xff\xdb\xff\xdb\xff\xdb\xff\xdb\xff"
   "\xdb\xff\xda\xff\xda\xff\xda\xff\xda\xff"
   "\xda\xff\xda\xff\xda\xff\xda\xff\xda\xff"
   "\xda\xff\xba\xff\xda\xff\xda\xff\xda\xff"
   "\xdb\xff\xdb\xff\xdb\xff\xdb\xff\xdb\xff"
   "\xdb\xff\xdb\xff\xdb\xff\xfd\xff\x2b\x83"
   "\x00\x30\xcc\xaa\xe9\xa9\xe8\xb1\xeb\xca"
   "\x27\xc2\x85\xc9\xa5\xc9\x67\xd2\xe5\xb9"
   "\x23\xb1\xa6\xc9\xa8\xd9\x46\xd1\x65\xd1"
   "\x65\xc9\x66\xc1\xa7\xa1\x20\x30\x00\x08"
   "\x71\x94\xff\xff\xff\xff\xff\xff\xff\xff"
   "\xff\xff\xff\xff\xff\xff\xff\xff\xff\xff"
   "\xff\xff\xff\xff\xff\xff\xff\xff\xff\xff"
   "\xff\xff\xff\xff\xff\xff\xff\xff\xff\xff"
   "\xff\xff\xff\xff\xff\xff\xff\xff\xff\xff"
   "\xff\xff\xff\xff\xff\xff\xff\xff\xff\xff"
   "\xff\xff\xff\xff\xff\xff\xff\xff\xff\xff"
   "\xff\xff\xff\xff\xff\xff\xff\xff\xff\xff"
   "\xff\xff\xff\xff\xff\xff\xff\xff\xff\xff"
   "\xff\xff\xff\xff\xff\xff\xff\xff\x21\x10"
   "\x00\x10\x00\x30\xc7\xa9\x86\xc1\xa6\xc9"
   "\x65\xc1\xc7\xd1\xa6\xd1\x44\xc1\x24\xc1"
   "\x24\xc9\x25\xd1\xe5\xd0\x87\xd9\xa7\xb9"
   "\xe8\xb1\x86\xa1\x89\xaa\x81\x48\x20\x28"
   "\xd0\xa4\xfc\xff\x9b\xff\x7a\xff\xbb\xff"
   "\xdb\xff\xdb\xff\xdb\xff\xdb\xff\xdb\xff"
   "\xdb\xff\xdb\xff\xdb\xff\xdb\xff\xdb\xff"
   "\xdb\xff\xdb\xff\xda\xff\xdb\xff\xda\xff"
   "\xba\xff\xda\xff\xba\xff\xba\xff\xda\xff"
   "\xda\xff\xda\xff\xda\xff\xda\xff\xda\xff"
   "\xda\xff\xda\xff\xdb\xff\xdb\xff\xdb\xff"
   "\xdb\xff\xdb\xff\xdb\xff\xdb\xff\xdb\xff"
   "\xbb\xff\xbb\xff\xbb\xff\xbb\xff\xbb\xff"
   "\xbb\xff\xbb\xff\xba\xff\xba\xff\xba\xff"
   "\xba\xff\xda\xff\xba\xff\xba\xff\xba\xff"
   "\xba\xff\xba\xff\xba\xff\xba\xff\xba\xff"
   "\xda\xff\xda\xff\xdb\xff\xdb\xff\xdb\xff"
   "\xdb\xff\xdb\xff\xdb\xff\x36\xd6\x60\x30"
   "\x29\x92\x87\xa1\x4b\xd2\x29\xd2\xaa\xd2"
   "\xca\xda\x89\xe2\x44\xc1\xe5\xc1\x47\xca"
   "\xa5\xb9\x45\xb9\x87\xd1\x09\xe2\xe8\xe1"
   "\xe7\xd1\xc7\xc1\xc7\x99\x00\x28\x00\x08"
   "\xd2\x9c\xff\xff\xff\xff\xff\xff\xff\xff"
   "\xff\xff\xff\xff\xff\xff\xff\xff\xff\xff"
   "\xff\xff\xff\xff\xff\xff\xff\xff\xff\xff"
   "\xff\xff\xff\xff\xff\xff\xff\xff\xff\xff"
   "\xff\xff\xff\xff\xff\xff\xff\xff\xff\xff"
   "\xff\xff\xff\xff\xff\xff\xff\xff\xff\xff"
   "\xff\xff\xff\xff\xff\xff\xff\xff\xff\xff"
   "\xff\xff\xff\xff\xff\xff\xff\xff\xff\xff"
   "\xff\xff\xff\xff\xff\xff\xff\xff\xff\xff"
   "\xff\xff\xff\xff\xff\xff\xff\xff\x81\x18"
   "\x00\x10\x00\x28\x25\x89\x87\xb9\x87\xc9"
   "\xe8\xd9\x65\xb9\x65\xb9\x45\xc1\x46\xc9"
   "\x25\xd1\x87\xd9\x45\xd9\x66\xd1\x65\xc1"
   "\xa5\xc1\x07\xc2\xc2\x90\xc7\xa9\x64\x81"
   "\x00\x28\xd5\xdd\xbc\xff\xbb\xf7\xfc\xff"
   "\xdb\xff\xfb\xff\xdb\xff\x9a\xf7\xdb\xff"
   "\xda\xff\xda\xf7\xda\xf7\xda\xf7\xda\xf7"
   "\xda\xf7\xda\xf7\xfa\xff\xfa\xff\xda\xff"
   "\xdb\xff\xdb\xff\xdb\xff\xdb\xff\xdb\xff"
   "\xdb\xff\xdb\xff\xdb\xff\xdb\xf7\xdb\xf7"
   "\xda\xf7\xda\xf7\xda\xf7\xda\xf7\xfa\xf7"
   "\xfb\xf7\xdb\xff\xdb\xff\xdb\xff\xdb\xff"
   "\xbb\xff\xbb\xff\xbb\xff\xbb\xff\xbb\xff"
   "\xbb\xff\xbb\xff\xbb\xff\xbb\xff\xbb\xff"
   "\xbb\xff\xbb\xff\xbb\xff\xbb\xff\xba\xff"
   "\xba\xff\x9a\xff\xba\xff\xba\xff\xba\xff"
   "\xda\xff\xda\xff\xba\xff\xda\xff\xfb\xff"
   "\xdb\xff\xdb\xf7\xfc\xff\x8a\x7b\x02\x49"
   "\x0c\xd3\x26\xb9\x47\xc9\x09\xe2\x04\xa9"
   "\xa9\xd2\x28\xd2\xa6\xc9\xc6\xc9\xeb\xea"
   "\xa9\xd2\xa6\xb1\x29\xda\x8b\xea\x8a\xea"
   "\x8a\xda\xaa\xca\x49\x9a\x00\x28\x00\x08"
   "\x74\xa5\xff\xff\xff\xff\xff\xff\xff\xff"
   "\xff\xff\xff\xff\xff\xff\xff\xff\xff\xff"
   "\xff\xff\xff\xff\xff\xff\xff\xff\xff\xff"
   "\xff\xff\xff\xff\xff\xff\xff\xff\xff\xff"
   "\xff\xff\xff\xff\xff\xff\xff\xff\xff\xff"
   "\xff\xff\xff\xff\xff\xff\xff\xff\xff\xff"
   "\xff\xff\xff\xff\xff\xff\xff\xff\xff\xff"
   "\xff\xff\xff\xff\xff\xff\xff\xff\xff\xff"
   "\xff\xff\xff\xff\xff\xff\xff\xff\xff\xff"
   "\xff\xff\xff\xff\xff\xff\xff\xff\x64\x31"
   "\x20\x10\x00\x20\xe4\x70\x88\xb1\x88\xd1"
   "\x87\xd1\x85\xb9\xc6\xc1\x66\xc9\x47\xd1"
   "\x05\xc9\x45\xd1\xe4\xc0\x24\xc1\x03\xb9"
   "\x64\xc1\x64\xc1\x85\xc1\xc3\xa8\x86\xa9"
   "\xe3\x70\x03\x59\x3a\xf7\xbc\xf7\xdb\xff"
   "\x79\xef\xba\xf7\xfb\xff\xdb\xff\xdb\xff"
   "\xdb\xff\xba\xff\xda\xff\xda\xff\xda\xff"
   "\xda\xff\xda\xff\xda\xff\xda\xff\xda\xff"
   "\xdb\xff\xdb\xff\xdb\xff\xdb\xff\xdb\xff"
   "\xdb\xff\xdb\xff\xdb\xff\xda\xff\xda\xff"
   "\xda\xf7\xda\xf7\xda\xf7\xda\xf7\xda\xf7"
   "\xdb\xff\xdb\xff\xdb\xff\xdb\xff\xdb\xff"
   "\xdb\xff\xdb\xff\xdb\xff\xbb\xff\xbb\xff"
   "\xdb\xff\xbb\xff\xbb\xff\xbb\xff\xbb\xff"
   "\xbb\xff\xbb\xff\xbb\xff\xbb\xff\xba\xff"
   "\xba\xff\xba\xff\xba\xff\xb9\xff\xb9\xff"
   "\xba\xff\xba\xff\xda\xff\xdb\xff\xdb\xff"
   "\xfb\xff\xfc\xf7\xbb\xf7\xa3\x41\xa4\x71"
   "\x09\xc2\xe5\xc8\x26\xd1\xc8\xd9\x69\xd2"
   "\x27\xc2\x28\xda\xc7\xd1\x66\xc9\xe7\xd1"
   "\x28\xca\x07\xc2\x69\xd2\x29\xda\x49\xe2"
   "\x69\xda\x0c\xcb\xe7\x89\x00\x20\x00\x08"
   "\x37\xbe\xff\xff\xff\xff\xff\xff\xff\xff"
   "\xff\xff\xff\xff\xff\xff\xff\xff\xff\xff"
   "\xff\xff\xff\xff\xff\xff\xff\xff\xff\xff"
   "\xff\xff\xff\xff\xff\xff\xff\xff\xff\xff"
   "\xff\xff\xff\xff\xff\xff\xff\xff\xff\xff"
   "\xff\xff\xff\xff\xff\xff\xff\xff\xff\xff"
   "\xff\xff\xff\xff\xff\xff\xff\xff\xff\xff"
   "\xff\xff\xff\xff\xff\xff\xff\xff\xff\xff"
   "\xff\xff\xff\xff\xff\xff\xff\xff\xff\xff"
   "\xff\xff\xff\xff\xff\xff\xff\xff\xa9\x52"
   "\x00\x08\x00\x18\xa3\x60\x09\xba\xc9\xd1"
   "\x46\xc9\x44\xb9\x65\xc1\x46\xc9\x46\xc9"
   "\x25\xc9\x66\xc9\x44\xc1\x64\xc1\x44\xb9"
   "\x85\xc9\x44\xc9\x45\xd1\xc4\xb8\x67\xb9"
   "\xe8\xa9\x00\x30\xcd\x8b\xfc\xff\x7a\xef"
   "\xfc\xff\xfc\xff\xba\xf7\xdb\xff\xbb\xff"
   "\x7a\xff\xbb\xff\xbb\xff\xba\xff\xbb\xff"
   "\xba\xff\xba\xff\xda\xff\xdb\xff\xda\xff"
   "\xdb\xff\xba\xff\xba\xff\xba\xff\xba\xff"
   "\xba\xff\xba\xff\xba\xff\xba\xff\xba\xff"
   "\xba\xff\xba\xff\xba\xff\xda\xff\xba\xff"
   "\xda\xff\xdb\xff\xfb\xf7\xfb\xf7\xfb\xf7"
   "\xdb\xf7\xfb\xf7\xfb\xf7\xdb\xff\xdb\xff"
   "\xdb\xff\xdb\xff\xdb\xff\xdb\xff\xda\xff"
   "\xdb\xff\xfb\xf7\xfa\xf7\xfa\xf7\xfa\xf7"
   "\xfa\xf7\xda\xf7\xd9\xff\xd9\xff\xd9\xff"
   "\xda\xff\xb9\xff\xda\xff\xfb\xff\xba\xf7"
   "\xfb\xff\xfc\xff\x5a\xef\x80\x30\x68\x9a"
   "\xa8\xc1\xe6\xc8\x26\xd1\xa7\xd1\x2c\xeb"
   "\x07\xc2\x45\xc1\x66\xd9\xe4\xd0\x05\xc9"
   "\x86\xc1\xc7\xc1\x49\xd2\x8a\xe2\x49\xe2"
   "\x8a\xe2\xec\xd2\x86\x81\x00\x20\x00\x08"
   "\xff\xff\xff\xff\xff\xff\xff\xff\xff\xff"
   "\xff\xff\xff\xff\xff\xff\xff\xff\xff\xff"
   "\xff\xff\xff\xff\xff\xff\xff\xff\xff\xff"
   "\xff\xff\xff\xff\xff\xff\xff\xff\xff\xff"
   "\xff\xff\xff\xff\xff\xff\xff\xff\xff\xff"
   "\xff\xff\xff\xff\xff\xff\xff\xff\xff\xff"
   "\xff\xff\xff\xff\xff\xff\xff\xff\xff\xff"
   "\xff\xff\xff\xff\xff\xff\xff\xff\xff\xff"
   "\xff\xff\xff\xff\xff\xff\xff\xff\xff\xff"
   "\xff\xff\xff\xff\xff\xff\xff\xff\x2f\x84"
   "\x00\x00\x00\x18\x41\x50\x29\xb2\x87\xc1"
   "\x45\xc9\x03\xb9\x24\xc1\x04\xc1\x25\xc1"
   "\x24\xc1\xa6\xc9\xa6\xc9\xe6\xc9\x65\xc1"
   "\x44\xc1\xe4\xc8\x83\xc0\xa4\xc8\x06\xc1"
   "\xa7\xa9\x45\x79\x00\x20\x76\xd6\xfc\xff"
   "\xfc\xff\xbb\xff\xdb\xff\xbb\xff\x9b\xff"
   "\xbb\xff\x9b\xff\xbb\xff\xbb\xff\xbb\xff"
   "\xbb\xff\xbb\xff\xbb\xff\xbb\xff\xbb\xff"
   "\xba\xff\xda\xff\xda\xff\xda\xff\xda\xff"
   "\xda\xff\xba\xff\xba\xff\xba\xff\xba\xff"
   "\xba\xff\xba\xff\xba\xff\xba\xff\xba\xff"
   "\xda\xff\xdb\xff\xfb\xf7\xfb\xf7\xfb\xf7"
   "\xfb\xf7\xfb\xf7\xfb\xf7\xfb\xf7\xfb\xf7"
   "\xfa\xf7\xfa\xff\xfa\xff\xfa\xff\xfa\xf7"
   "\xfa\xff\xfa\xf7\xfa\xf7\xfa\xf7\xfa\xf7"
   "\xfa\xf7\xda\xf7\xd9\xf7\xd9\xff\xd9\xff"
   "\xda\xff\x99\xf7\xfb\xff\xfb\xff\x9a\xf7"
   "\xfb\xff\xfc\xff\xd8\xee\x00\x30\xc6\x91"
   "\xa8\xc9\x47\xd1\x67\xd1\xc7\xd1\x68\xca"
   "\x07\xc2\x24\xc1\x05\xd1\xa4\xd0\xe4\xd0"
   "\x66\xc9\x86\xc1\xe7\xc9\xcb\xea\x6a\xea"
   "\x6a\xda\x4a\xba\x25\x79\x00\x20\x62\x20"
   "\xff\xff\xff\xff\xff\xff\xff\xff\xff\xff"
   "\xff\xff\xff\xff\xff\xff\xff\xff\xff\xff"
   "\xff\xff\xff\xff\xff\xff\xff\xff\xff\xff"
   "\xff\xff\xff\xff\xff\xff\xff\xff\xff\xff"
   "\xff\xff\xff\xff\xff\xff\xff\xff\xff\xff"
   "\xff\xff\xff\xff\xff\xff\xff\xff\xff\xff"
   "\xff\xff\xff\xff\xff\xff\xff\xff\xff\xff"
   "\xff\xff\xff\xff\xff\xff\xff\xff\xff\xff"
   "\xff\xff\xff\xff\xff\xff\xff\xff\xff\xff"
   "\xff\xff\xff\xff\xff\xff\xff\xff\xd6\xb5"
   "\x20\x08\x00\x10\x00\x30\xe8\x99\x45\xb1"
   "\x66\xd1\x03\xc9\x44\xd1\x45\xc1\x65\xc1"
   "\x24\xb9\xa6\xc9\x85\xc1\xc6\xc9\x03\xb1"
   "\xa2\xb0\x63\xb8\x84\xc8\x22\xb8\x06\xc9"
   "\x25\xa9\x28\xa2\x00\x30\x66\x6a\xdc\xff"
   "\x19\xef\x19\xef\xfc\xff\xdc\xff\x9b\xf7"
   "\xfc\xff\x9a\xf7\xdb\xf7\xdb\xff\xbb\xff"
   "\xbb\xff\xbb\xff\xbb\xff\xbb\xff\xbb\xff"
   "\xda\xff\xfa\xf7\xfa\xf7\xfa\xf7\xfa\xf7"
   "\xda\xf7\xda\xff\xda\xff\xda\xff\xba\xff"
   "\xba\xff\xba\xff\xba\xff\xba\xff\xba\xff"
   "\xba\xff\xbb\xff\xdb\xff\xdb\xff\xdb\xff"
   "\xdb\xff\xda\xff\xda\xff\xda\xff\xda\xff"
   "\xda\xff\xda\xff\xda\xff\xda\xff\xda\xff"
   "\xda\xff\xda\xff\xda\xff\xda\xff\xda\xff"
   "\xda\xff\xda\xff\xd9\xff\xd9\xff\xd9\xff"
   "\xda\xff\xb9\xff\xfb\xff\xfb\xff\x7a\xff"
   "\xbb\xff\xbb\xff\x98\xf6\x00\x30\x24\x89"
   "\x09\xd2\xea\xe1\xe9\xd9\x08\xd2\xe6\xb9"
   "\xe6\xc1\x65\xc9\x25\xd1\x05\xd9\x66\xe1"
   "\x48\xe2\x08\xda\x65\xc1\x65\xc1\x09\xda"
   "\xc8\xc1\xc8\xa9\x83\x60\x00\x20\xe4\x30"
   "\xff\xff\xff\xff\xff\xff\xff\xff\xff\xff"
   "\xff\xff\xff\xff\xff\xff\xff\xff\xff\xff"
   "\xff\xff\xff\xff\xff\xff\xff\xff\xff\xff"
   "\xff\xff\xff\xff\xff\xff\xff\xff\xff\xff"
   "\xff\xff\xff\xff\xff\xff\xff\xff\xff\xff"
   "\xff\xff\xff\xff\xff\xff\xff\xff\xff\xff"
   "\xff\xff\xff\xff\xff\xff\xff\xff\xff\xff"
   "\xff\xff\xff\xff\xff\xff\xff\xff\xff\xff"
   "\xff\xff\xff\xff\xff\xff\xff\xff\xff\xff"
   "\xff\xff\xff\xff\xff\xff\xff\xff\xff\xff"
   "\x03\x19\x00\x08\x00\x20\xa6\x89\xc7\xb9"
   "\xa7\xd1\xe3\xc8\x23\xd1\x85\xc9\x84\xc1"
   "\x03\xb1\x24\xb9\x24\xb9\x65\xc1\xe3\xb0"
   "\x82\xa8\x83\xb8\x63\xb8\xa4\xc8\x26\xd1"
   "\x04\xb1\x85\xa1\xc5\x89\x00\x28\x73\xc5"
   "\xfc\xff\xfc\xff\x9b\xf7\xfc\xff\xbb\xf7"
   "\xbb\xf7\xfb\xf7\xdb\xf7\xdb\xf7\xdb\xff"
   "\xbb\xff\xbb\xff\xbb\xff\xbb\xff\xbb\xff"
   "\xda\xff\xfa\xf7\xfa\xf7\xfa\xf7\xfa\xf7"
   "\xfa\xf7\xda\xf7\xda\xf7\xda\xf7\xda\xff"
   "\xda\xff\xba\xff\xba\xff\xda\xff\xda\xff"
   "\xda\xff\xbb\xff\xbb\xff\xbb\xff\xbb\xff"
   "\xbb\xff\xbb\xff\xbb\xff\xda\xff\xda\xff"
   "\xda\xff\xda\xff\xda\xff\xda\xff\xda\xff"
   "\xda\xff\xda\xff\xba\xff\x9a\xff\xba\xff"
   "\xba\xff\xba\xff\xda\xff\xda\xff\xda\xff"
   "\xfa\xff\xba\xf7\xdb\xff\xdb\xff\x9b\xff"
   "\xbb\xff\x9b\xff\xd9\xfe\x00\x38\x65\x89"
   "\xe9\xc1\xc9\xd1\xa7\xc9\x45\xb9\x07\xba"
   "\xc5\xb9\x69\xe2\xe7\xe1\x25\xd1\x82\xb8"
   "\xe3\xb8\xc6\xc9\xc6\xc9\xe7\xd1\xe8\xc9"
   "\x66\xa9\xc8\xa1\x00\x48\x00\x28\x66\x49"
   "\xff\xff\xff\xff\xff\xff\xff\xff\xff\xff"
   "\xff\xff\xff\xff\xff\xff\xff\xff\xff\xff"
   "\xff\xff\xff\xff\xff\xff\xff\xff\xff\xff"
   "\xff\xff\xff\xff\xff\xff\xff\xff\xff\xff"
   "\xff\xff\xff\xff\xff\xff\xff\xff\xff\xff"
   "\xff\xff\xff\xff\xff\xff\xff\xff\xff\xff"
   "\xff\xff\xff\xff\xff\xff\xff\xff\xff\xff"
   "\xff\xff\xff\xff\xff\xff\xff\xff\xff\xff"
   "\xff\xff\xff\xff\xff\xff\xff\xff\xff\xff"
   "\xff\xff\xff\xff\xff\xff\xff\xff\xff\xff"
   "\xeb\x52\x00\x00\x00\x18\x04\x69\x8a\xc2"
   "\xa6\xc9\xc3\xc8\xc2\xc8\x64\xc1\x64\xb9"
   "\xc2\xb0\xc3\xb8\xa3\xb8\x24\xc1\xe4\xb8"
   "\xc3\xb0\xc3\xb0\x63\xb0\x46\xc9\x46\xc9"
   "\x04\xb9\x65\xb1\x07\xb2\x00\x48\xa3\x41"
   "\xba\xe7\xfc\xf7\x39\xdf\xfc\xff\xdc\xff"
   "\x5a\xef\xfc\xff\xbb\xff\xbb\xff\xbb\xff"
   "\xbb\xff\xbb\xff\xdb\xff\xdb\xff\xdb\xff"
   "\xba\xff\xba\xff\xba\xff\xda\xff\xda\xff"
   "\xda\xff\xda\xff\xfa\xf7\xda\xf7\xfa\xf7"
   "\xfa\xf7\xfa\xf7\xfa\xf7\xfa\xf7\xfa\xf7"
   "\xfb\xf7\xdb\xff\xbb\xff\xbb\xff\xbb\xff"
   "\xbb\xff\xbb\xff\xbb\xff\xdb\xff\xdb\xff"
   "\xdb\xff\xdb\xff\xda\xff\xdb\xff\xda\xff"
   "\xda\xff\xbb\xff\x9a\xff\x7a\xff\x9a\xff"
   "\x9a\xff\xba\xff\xba\xff\xda\xf7\xda\xf7"
   "\xfa\xf7\xda\xf7\xdb\xf7\xdb\xff\xbc\xff"
   "\xbc\xff\x9c\xff\x5b\xff\x80\x40\x23\x71"
   "\xe8\xb1\x67\xc1\x26\xb9\xc3\xa8\xe6\xb9"
   "\x26\xba\xa5\xb9\x64\xb9\xc6\xd1\x85\xc9"
   "\x85\xc1\xe7\xd1\x86\xc9\x66\xc1\x29\xca"
   "\xc8\xa9\x46\x81\x00\x38\x00\x18\x0c\x73"
   "\xff\xff\xff\xff\xff\xff\xff\xff\xff\xff"
   "\xff\xff\xff\xff\xff\xff\xff\xff\xff\xff"
   "\xff\xff\xff\xff\xff\xff\xff\xff\xff\xff"
   "\xff\xff\xff\xff\xff\xff\xff\xff\xff\xff"
   "\xff\xff\xff\xff\xff\xff\xff\xff\xff\xff"
   "\xff\xff\xff\xff\xff\xff\xff\xff\xff\xff"
   "\xff\xff\xff\xff\xff\xff\xff\xff\xff\xff"
   "\xff\xff\xff\xff\xff\xff\xff\xff\xff\xff"
   "\xff\xff\xff\xff\xff\xff\xff\xff\xff\xff"
   "\xff\xff\xff\xff\xff\xff\xff\xff\xff\xff"
   "\x55\x9d\x20\x00\x00\x10\x41\x40\xca\xba"
   "\x24\xb1\xc3\xc0\xe3\xc8\x23\xb9\x44\xb9"
   "\xc2\xb8\xa3\xc0\x62\xb8\xc4\xc0\xa3\xb0"
   "\xa3\xa8\x82\xa0\x25\xb9\x62\xa8\x66\xc1"
   "\x25\xb9\xa6\xc1\x44\xb1\xa4\x91\x00\x18"
   "\x2d\x84\x76\xce\x9b\xf7\xfc\xff\xbb\xff"
   "\xfc\xff\x9b\xff\x9b\xff\xbb\xff\xbb\xff"
   "\xbb\xff\xdb\xff\xdb\xff\xdb\xf7\xdb\xff"
   "\xba\xff\x9a\xff\xba\xff\xba\xff\xba\xff"
   "\xba\xff\xda\xf7\xda\xf7\xda\xf7\xfa\xf7"
   "\xfb\xf7\xfb\xf7\xfb\xef\xfb\xf7\xfb\xf7"
   "\xfb\xf7\xdb\xff\xbb\xff\xbb\xff\xbb\xff"
   "\xbb\xff\xbb\xff\xbb\xff\xbb\xff\xdb\xff"
   "\xdb\xff\xdb\xff\xdb\xff\xdb\xff\xdb\xff"
   "\xdb\xff\xdb\xff\x9b\xff\x9b\xff\x9b\xff"
   "\xbb\xff\xbb\xff\xdb\xff\xdb\xf7\xdb\xf7"
   "\xda\xf7\xdb\xf7\xbb\xf7\xbb\xf7\xdc\xff"
   "\xdc\xff\xbc\xff\xdc\xff\x43\x51\xa1\x60"
   "\xab\xca\x6a\xda\x4a\xda\xc7\xc9\x48\xca"
   "\x2b\xe3\xc9\xda\x44\xb1\x24\xb1\x64\xb9"
   "\x85\xb9\x07\xd2\xc8\xd9\x29\xda\x8a\xc2"
   "\x6a\xa2\x62\x50\x00\x28\x00\x18\x14\xad"
   "\xff\xff\xff\xff\xff\xff\xff\xff\xff\xff"
   "\xff\xff\xff\xff\xff\xff\xff\xff\xff\xff"
   "\xff\xff\xff\xff\xff\xff\xff\xff\xff\xff"
   "\xff\xff\xff\xff\xff\xff\xff\xff\xff\xff"
   "\xff\xff\xff\xff\xff\xff\xff\xff\xff\xff"
   "\xff\xff\xff\xff\xff\xff\xff\xff\xff\xff"
   "\xff\xff\xff\xff\xff\xff\xff\xff\xff\xff"
   "\xff\xff\xff\xff\xff\xff\xff\xff\xff\xff"
   "\xff\xff\xff\xff\xff\xff\xff\xff\xff\xff"
   "\xff\xff\xff\xff\xff\xff\xff\xff\xff\xff"
   "\xff\xff\xa6\x29\x00\x08\x00\x20\x07\x92"
   "\x04\x99\x25\xc1\xe3\xc8\x44\xc1\xe3\xb8"
   "\x61\xb0\x82\xb8\x62\xb8\xc3\xb8\xe4\xb0"
   "\x00\x88\x00\x78\x61\x90\xc3\xa8\xe3\xb0"
   "\x24\xb9\x45\xc1\x65\xc9\xa6\xb9\xe3\x78"
   "\x00\x38\x00\x28\x60\x40\xa5\x61\x8c\x93"
   "\xb4\xcd\xf8\xee\xdb\xff\xdb\xff\xdb\xff"
   "\xdb\xf7\xdb\xf7\xdb\xf7\xbb\xf7\xba\xf7"
   "\xfb\xff\xdb\xff\x9a\xff\x9a\xff\xdb\xff"
   "\xfb\xff\xdb\xff\xbb\xf7\xdb\xf7\xdb\xff"
   "\xdb\xff\xdb\xff\xbb\xff\xbb\xff\xdc\xff"
   "\xdc\xff\x9b\xff\x9b\xff\x9b\xff\xbb\xff"
   "\xbb\xff\xbb\xff\xbb\xff\xbb\xff\x9b\xff"
   "\xbb\xff\xdb\xff\xdb\xff\xdb\xff\xbb\xff"
   "\xbb\xff\xdb\xf7\xdb\xef\xfb\xf7\xfb\xf7"
   "\xfb\xf7\xdb\xf7\xdb\xff\xdb\xf7\x9a\xf7"
   "\xbb\xf7\xfc\xff\xfc\xff\xfc\xff\xfd\xff"
   "\x9b\xef\x73\xad\x0a\x6b\x00\x28\x44\x79"
   "\x49\xba\xcb\xe2\xaa\xe2\x69\xda\xea\xe2"
   "\x89\xd2\x27\xca\xe6\xc9\x44\xb9\x85\xb9"
   "\x45\xb9\x66\xc1\x46\xc1\x29\xd2\x49\xa2"
   "\x65\x69\x00\x20\x00\x18\xa3\x20\xff\xff"
   "\xff\xff\xff\xff\xff\xff\xff\xff\xff\xff"
   "\xff\xff\xff\xff\xff\xff\xff\xff\xff\xff"
   "\xff\xff\xff\xff\xff\xff\xff\xff\xff\xff"
   "\xff\xff\xff\xff\xff\xff\xff\xff\xff\xff"
   "\xff\xff\xff\xff\xff\xff\xff\xff\xff\xff"
   "\xff\xff\xff\xff\xff\xff\xff\xff\xff\xff"
   "\xff\xff\xff\xff\xff\xff\xff\xff\xff\xff"
   "\xff\xff\xff\xff\xff\xff\xff\xff\xff\xff"
   "\xff\xff\xff\xff\xff\xff\xff\xff\xff\xff"
   "\xff\xff\xff\xff\xff\xff\xff\xff\xff\xff"
   "\xff\xff\x55\xa5\x00\x00\x00\x20\xa2\x50"
   "\x07\xa2\x86\xb9\x25\xc1\x24\xc1\xe3\xb8"
   "\xc3\xc0\xe4\xc8\xa3\xc0\x62\xa8\x24\xb1"
   "\x04\xa1\x40\x80\xe3\x98\x03\xa9\xe3\xb0"
   "\x24\xc1\x24\xc9\x03\xc1\xe3\xb0\x05\xa1"
   "\x86\xa1\xa7\x99\x04\x81\x00\x50\x00\x30"
   "\x00\x30\x60\x38\xe5\x59\xcc\x93\x35\xd6"
   "\xbb\xff\xfc\xff\xdb\xff\xdb\xf7\xfb\xff"
   "\x79\xef\xba\xf7\xfc\xff\xfc\xff\xdb\xff"
   "\xba\xf7\xdb\xf7\xfc\xff\xbb\xf7\xdb\xff"
   "\xdc\xff\xdc\xff\xdc\xff\xbb\xff\x9b\xff"
   "\x7b\xff\xdc\xff\xdc\xff\xdc\xff\xbc\xff"
   "\xbc\xff\xbc\xff\xbc\xff\xbc\xff\xdc\xff"
   "\xdb\xff\xbb\xff\x9b\xff\x9b\xff\xbb\xff"
   "\xdb\xff\xfc\xff\xdb\xef\xfc\xef\xfb\xef"
   "\x9a\xe7\x9a\xe7\xdb\xf7\xfc\xff\xfc\xff"
   "\xfc\xff\x9b\xff\x97\xe6\x8f\xa4\x26\x5a"
   "\x80\x20\x00\x18\x20\x28\xa1\x58\x85\x91"
   "\xe8\xb9\x69\xd2\x08\xd2\xc7\xc9\x89\xda"
   "\xca\xe2\xaa\xe2\xe7\xd1\xa7\xc9\x49\xda"
   "\xc7\xc9\x86\xc1\x87\xc1\x87\xa9\x08\x82"
   "\x00\x20\x00\x10\x21\x18\x96\xbd\xff\xff"
   "\xff\xff\xff\xff\xff\xff\xff\xff\xff\xff"
   "\xff\xff\xff\xff\xff\xff\xff\xff\xff\xff"
   "\xff\xff\xff\xff\xff\xff\xff\xff\xff\xff"
   "\xff\xff\xff\xff\xff\xff\xff\xff\xff\xff"
   "\xff\xff\xff\xff\xff\xff\xff\xff\xff\xff"
   "\xff\xff\xff\xff\xff\xff\xff\xff\xff\xff"
   "\xff\xff\xff\xff\xff\xff\xff\xff\xff\xff"
   "\xff\xff\xff\xff\xff\xff\xff\xff\xff\xff"
   "\xff\xff\xff\xff\xff\xff\xff\xff\xff\xff"
   "\xff\xff\xff\xff\xff\xff\xff\xff\xff\xff"
   "\xff\xff\xff\xff\x8d\x73\x00\x08\x00\x28"
   "\x44\x71\x49\xc2\x25\xb1\x25\xc1\x62\xb0"
   "\x62\xb0\xa3\xb8\x04\xb9\x62\xa0\x44\xa9"
   "\x65\xa9\x03\xa1\x24\xa9\xc3\xa8\x82\xb0"
   "\xc3\xc0\x04\xc9\x03\xc1\x24\xb9\x05\xb1"
   "\xe4\xa8\x25\xb1\xe9\xc1\x49\xca\x86\xa9"
   "\x04\x91\x85\x91\x40\x58\x00\x40\x00\x30"
   "\xa0\x40\xa7\x72\xf0\xac\xb6\xe6\xba\xff"
   "\xfb\xff\xdb\xf7\xba\xf7\xba\xf7\xdb\xf7"
   "\xdb\xf7\xdb\xf7\xdb\xf7\xdb\xf7\xdb\xf7"
   "\xbb\xf7\xbb\xff\xbc\xff\xdc\xff\xdd\xff"
   "\xfd\xff\xbb\xf7\xbb\xf7\xbb\xf7\xbb\xf7"
   "\xbb\xf7\xdc\xff\xfc\xff\xfc\xff\xfc\xff"
   "\xdb\xff\xbb\xf7\x9b\xf7\xbb\xff\xdb\xff"
   "\xbb\xff\xbb\xff\x9b\xff\xbb\xff\xfc\xff"
   "\xfc\xff\xfc\xff\xfb\xf7\x96\xce\x51\xad"
   "\x08\x6b\x83\x49\x00\x20\x00\x28\x00\x38"
   "\x81\x60\x45\x81\xc8\xa1\xe8\xb1\xe7\xb9"
   "\x86\xb9\xa6\xc1\xc7\xc9\xe7\xd1\x49\xda"
   "\x08\xda\xc7\xd9\xe8\xe1\x29\xe2\xab\xf2"
   "\x4a\xda\x26\xb1\x67\xb1\xa7\x91\x00\x28"
   "\x40\x18\x00\x08\x0b\x63\xff\xff\xff\xff"
   "\xff\xff\xff\xff\xff\xff\xff\xff\xff\xff"
   "\xff\xff\xff\xff\xff\xff\xff\xff\xff\xff"
   "\xff\xff\xff\xff\xff\xff\xff\xff\xff\xff"
   "\xff\xff\xff\xff\xff\xff\xff\xff\xff\xff"
   "\xff\xff\xff\xff\xff\xff\xff\xff\xff\xff"
   "\xff\xff\xff\xff\xff\xff\xff\xff\xff\xff"
   "\xff\xff\xff\xff\xff\xff\xff\xff\xff\xff"
   "\xff\xff\xff\xff\xff\xff\xff\xff\xff\xff"
   "\xff\xff\xff\xff\xff\xff\xff\xff\xff\xff"
   "\xff\xff\xff\xff\xff\xff\xff\xff\xff\xff"
   "\xff\xff\xff\xff\xff\xff\xc7\x39\x40\x18"
   "\x00\x30\xa7\x91\xe8\xb1\xa7\xc1\x25\xb9"
   "\x45\xc1\xe4\xb8\xc3\xb0\x00\x80\x81\x90"
   "\xc2\x98\x24\xa9\x03\xa9\x82\xa8\x62\xb0"
   "\xe3\xc0\x24\xc9\x65\xc1\x85\xc1\x45\xc1"
   "\xc4\xb0\xe4\xb0\x87\xc9\x87\xc1\x25\xb1"
   "\x25\xa9\x86\xb1\x24\x99\xa6\xa1\xc6\x99"
   "\x44\x79\x60\x58\x20\x40\x80\x48\x42\x51"
   "\x8b\x93\x11\xbd\xd7\xee\xdb\xff\xfc\xff"
   "\xdb\xff\xdb\xff\xfc\xff\xfc\xff\xfc\xff"
   "\xdb\xff\xbb\xf7\x9a\xf7\x9a\xf7\x9b\xf7"
   "\xbb\xff\xfc\xff\xfc\xf7\xfc\xf7\xdb\xf7"
   "\xdb\xf7\xbb\xf7\xbb\xf7\xbb\xf7\xdb\xf7"
   "\xbb\xf7\xbb\xf7\xdc\xff\xfc\xff\xfc\xff"
   "\xfc\xff\xbb\xff\xdc\xff\x19\xff\xf5\xdd"
   "\x6e\xac\xa8\x72\x42\x49\x60\x30\x00\x28"
   "\x40\x38\x02\x61\xe6\x89\x69\xa2\x48\xb2"
   "\x08\xb2\xc8\xb9\xa7\xc1\x09\xd2\x09\xda"
   "\x86\xc9\x45\xb9\xc6\xc9\x69\xe2\x69\xe2"
   "\x66\xc9\xc8\xd9\xcc\xfa\x4a\xea\xe9\xd1"
   "\xcc\xda\xe9\xb1\x25\x89\x00\x48\x20\x20"
   "\x00\x08\x08\x4a\xff\xff\xff\xff\xff\xff"
   "\xff\xff\xff\xff\xff\xff\xff\xff\xff\xff"
   "\xff\xff\xff\xff\xff\xff\xff\xff\xff\xff"
   "\xff\xff\xff\xff\xff\xff\xff\xff\xff\xff"
   "\xff\xff\xff\xff\xff\xff\xff\xff\xff\xff"
   "\xff\xff\xff\xff\xff\xff\xff\xff\xff\xff"
   "\xff\xff\xff\xff\xff\xff\xff\xff\xff\xff"
   "\xff\xff\xff\xff\xff\xff\xff\xff\xff\xff"
   "\xff\xff\xff\xff\xff\xff\xff\xff\xff\xff"
   "\xff\xff\xff\xff\xff\xff\xff\xff\xff\xff"
   "\xff\xff\xff\xff\xff\xff\xff\xff\xff\xff"
   "\xff\xff\xff\xff\xff\xff\x54\x9d\x00\x00"
   "\x00\x18\x00\x40\x6a\xaa\x65\x99\x24\xa1"
   "\x45\xb1\xe4\xa8\x86\xc1\xa3\xa0\x65\xb1"
   "\x24\xa9\xc2\xa0\xc3\xb0\xc3\xb8\x04\xc9"
   "\x65\xd1\x45\xc9\x24\xb9\x44\xb9\x24\xb9"
   "\x45\xb9\xa6\xc1\x65\xb9\x04\xa9\xc6\xc1"
   "\x08\xca\x04\xa9\x65\xb1\x85\xb1\xa6\xb9"
   "\xc7\xb9\xc7\xb9\x86\xb9\x24\xa9\x04\x99"
   "\x40\x68\x20\x58\x20\x50\xe2\x60\x67\x8a"
   "\x2e\xb4\xb4\xdd\x97\xee\x19\xf7\x7a\xff"
   "\xfb\xff\xfc\xff\xfc\xff\xfc\xff\xfc\xff"
   "\xfc\xf7\xfb\xf7\xfb\xf7\xfb\xf7\xfc\xff"
   "\xfc\xff\xfc\xff\xfb\xff\xfb\xff\xfb\xff"
   "\xdb\xff\x9a\xff\x39\xef\x76\xde\x51\xb5"
   "\x0c\x94\x29\x7b\x42\x49\x40\x38\x00\x28"
   "\x00\x38\x40\x58\xa2\x70\xe3\x88\x45\xa1"
   "\xa7\xb1\xc7\xb9\xe8\xc1\xe8\xc9\xe7\xc9"
   "\xa6\xc1\x65\xb9\x24\xb1\x25\xc9\xa7\xd9"
   "\xc7\xd9\x66\xc9\x65\xc1\x08\xd2\x08\xda"
   "\xc7\xd1\x8b\xea\x4a\xe2\x2a\xd2\xcc\xd2"
   "\x0d\xcb\x05\x79\x41\x48\x00\x20\x00\x10"
   "\x81\x10\xff\xff\xff\xff\xff\xff\xff\xff"
   "\xff\xff\xff\xff\xff\xff\xff\xff\xff\xff"
   "\xff\xff\xff\xff\xff\xff\xff\xff\xff\xff"
   "\xff\xff\xff\xff\xff\xff\xff\xff\xff\xff"
   "\xff\xff\xff\xff\xff\xff\xff\xff\xff\xff"
   "\xff\xff\xff\xff\xff\xff\xff\xff\xff\xff"
   "\xff\xff\xff\xff\xff\xff\xff\xff\xff\xff"
   "\xff\xff\xff\xff\xff\xff\xff\xff\xff\xff"
   "\xff\xff\xff\xff\xff\xff\xff\xff\xff\xff"
   "\xff\xff\xff\xff\xff\xff\xff\xff\xff\xff"
   "\xff\xff\xff\xff\xff\xff\xff\xff\xff\xff"
   "\xff\xff\xff\xff\xff\xff\xff\xff\x85\x21"
   "\x20\x08\x00\x20\x00\x40\x86\x81\xc6\x99"
   "\xa6\xa9\x04\xa9\x86\xc1\xe4\xb0\x04\xb9"
   "\xa2\xa8\xe3\xb0\x03\xb9\x04\xc1\x45\xc9"
   "\x65\xd1\x24\xc1\xe3\xb0\x04\xb9\x65\xc1"
   "\x24\xb9\x44\xb9\x44\xb9\xa6\xc1\x89\xe2"
   "\x49\xda\xc3\xa8\x45\xb9\x65\xc1\x66\xc9"
   "\x45\xc1\x25\xc1\x25\xc9\x66\xd1\xc8\xd9"
   "\x66\xb9\xc7\xb1\xc7\xa9\x65\x99\xa2\x78"
   "\x20\x58\x00\x48\x20\x40\xe1\x50\x63\x59"
   "\x26\x6a\xc8\x7a\x6a\x8b\xec\x93\x4e\xa4"
   "\x8f\xa4\xf0\xb4\xd0\xac\xaf\xac\x6e\xa4"
   "\x0d\x9c\xac\x93\x6a\x8b\x2a\x8b\x26\x6a"
   "\xa4\x61\xe1\x48\x60\x38\x20\x38\x20\x38"
   "\x40\x40\x40\x48\x23\x69\x64\x79\x07\x9a"
   "\x89\xba\x28\xba\x86\xb1\x66\xc1\xc8\xd1"
   "\x46\xd1\x46\xd1\x66\xd1\xc7\xd9\xa6\xd1"
   "\x24\xc1\x44\xc1\xe7\xd1\x86\xd9\x25\xd1"
   "\x66\xd1\x86\xc9\x65\xc9\x65\xc9\x45\xc1"
   "\xc7\xd1\xcc\xea\x4a\xca\x0d\xd3\xec\xba"
   "\x04\x69\x00\x28\x00\x18\x00\x10\x61\x18"
   "\x38\xc6\xff\xff\xff\xff\xff\xff\xff\xff"
   "\xff\xff\xff\xff\xff\xff\xff\xff\xff\xff"
   "\xff\xff\xff\xff\xff\xff\xff\xff\xff\xff"
   "\xff\xff\xff\xff\xff\xff\xff\xff\xff\xff"
   "\xff\xff\xff\xff\xff\xff\xff\xff\xff\xff"
   "\xff\xff\xff\xff\xff\xff\xff\xff\xff\xff"
   "\xff\xff\xff\xff\xff\xff\xff\xff\xff\xff"
   "\xff\xff\xff\xff\xff\xff\xff\xff\xff\xff"
   "\xff\xff\xff\xff\xff\xff\xff\xff\xff\xff"
   "\xff\xff\xff\xff\xff\xff\xff\xff\xff\xff"
   "\xff\xff\xff\xff\xff\xff\xff\xff\xff\xff"
   "\xff\xff\xff\xff\xff\xff\xff\xff\xff\xff"
   "\xeb\x52\x00\x10\x00\x20\x00\x20\x02\x61"
   "\x44\x89\xe4\xa0\xa4\xb0\x22\xb0\xc4\xc0"
   "\x65\xd1\x04\xb9\x03\xb9\xe3\xb8\x24\xc1"
   "\x45\xc9\x04\xc1\xe4\xb8\x24\xc1\x04\xc1"
   "\x85\xc9\x65\xc9\x24\xc1\x65\xc9\x45\xc9"
   "\x24\xc1\x65\xc9\xa2\xb0\x04\xb9\x45\xc9"
   "\x45\xc1\x04\xb9\xe3\xb8\xe4\xb8\x25\xc1"
   "\x66\xc1\x45\xb9\x25\xb1\x45\xb1\xa6\xb9"
   "\xe7\xb9\x07\xb2\x07\xaa\x24\x91\x03\x81"
   "\xc2\x78\x61\x70\x20\x68\x00\x60\x00\x58"
   "\x00\x50\x00\x48\x00\x48\x00\x50\x00\x58"
   "\x20\x58\x20\x60\x20\x60\x20\x68\x61\x78"
   "\xa2\x80\x04\x91\x86\xa1\xc7\xb1\xe8\xb1"
   "\x08\xba\x08\xba\xc7\xb9\x86\xb1\x65\xb1"
   "\x65\xb9\x66\xc1\x66\xc1\x45\xc9\x45\xc9"
   "\x45\xc9\x24\xc9\x45\xd1\x85\xd9\x85\xd1"
   "\x44\xc9\x23\xc9\x64\xc9\x08\xe2\x24\xc1"
   "\x24\xc1\x45\xc1\x65\xc9\x66\xc9\x25\xc1"
   "\xa7\xc9\xeb\xda\x0c\xc3\x89\x9a\x61\x40"
   "\x00\x18\x40\x18\x40\x08\x61\x08\x96\xb5"
   "\xff\xff\xff\xff\xff\xff\xff\xff\xff\xff"
   "\xff\xff\xff\xff\xff\xff\xff\xff\xff\xff"
   "\xff\xff\xff\xff\xff\xff\xff\xff\xff\xff"
   "\xff\xff\xff\xff\xff\xff\xff\xff\xff\xff"
   "\xff\xff\xff\xff\xff\xff\xff\xff\xff\xff"
   "\xff\xff\xff\xff\xff\xff\xff\xff\xff\xff"
   "\xff\xff\xff\xff\xff\xff\xff\xff\xff\xff"
   "\xff\xff\xff\xff\xff\xff\xff\xff\xff\xff"
   "\xff\xff\xff\xff\xff\xff\xff\xff\xff\xff"
   "\xff\xff\xff\xff\xff\xff\xff\xff\xff\xff"
   "\xff\xff\xff\xff\xff\xff\xff\xff\xff\xff"
   "\xff\xff\xff\xff\xff\xff\xff\xff\xff\xff"
   "\xff\xff\xf8\xcd\xe4\x30\x00\x10\x20\x28"
   "\x00\x38\x41\x68\x05\xa1\x05\xb1\xc4\xb0"
   "\x83\xa8\xa3\xa8\xa2\xa8\xc3\xb0\x24\xc1"
   "\x86\xd1\x45\xc9\xe4\xb8\x24\xc1\xa2\xb0"
   "\x69\xea\xe7\xd9\xe3\xb8\x45\xc9\x24\xc1"
   "\xa2\xb0\x65\xd1\x24\xc9\x45\xc9\x65\xc9"
   "\x65\xc9\x24\xc1\x04\xb9\x24\xb9\x24\xb9"
   "\xc2\xb0\xe3\xb8\x24\xb9\x44\xb9\x44\xb9"
   "\x44\xb1\x65\xb1\x86\xb9\xe7\xc1\xa6\xb9"
   "\xa6\xb9\xc7\xb9\x08\xc2\x08\xca\xc7\xc1"
   "\x86\xb9\xe7\xb9\x07\xba\xe7\xb9\xe7\xb9"
   "\xe7\xb9\xc7\xc1\xc7\xc1\xc7\xc1\xa7\xc1"
   "\x86\xc1\x86\xc1\x66\xc1\x45\xc1\x25\xc1"
   "\x25\xc1\x25\xc1\x46\xc9\x87\xd1\x86\xd1"
   "\x25\xc1\x04\xc1\x45\xc9\x65\xc9\x45\xc1"
   "\x65\xc9\xa6\xd1\x85\xd1\x44\xc9\x23\xc9"
   "\x64\xd1\x84\xd1\x43\xc9\x85\xd1\x24\xc1"
   "\x65\xc9\x45\xc1\x65\xc1\xe7\xc9\xe8\xc1"
   "\x8a\xca\x89\xaa\x44\x69\x00\x20\x00\x10"
   "\x60\x18\x00\x00\x40\x00\xd6\xb5\xff\xff"
   "\xff\xff\xff\xff\xff\xff\xff\xff\xff\xff"
   "\xff\xff\xff\xff\xff\xff\xff\xff\xff\xff"
   "\xff\xff\xff\xff\xff\xff\xff\xff\xff\xff"
   "\xff\xff\xff\xff\xff\xff\xff\xff\xff\xff"
   "\xff\xff\xff\xff\xff\xff\xff\xff\xff\xff"
   "\xff\xff\xff\xff\xff\xff\xff\xff\xff\xff"
   "\xff\xff\xff\xff\xff\xff\xff\xff\xff\xff"
   "\xff\xff\xff\xff\xff\xff\xff\xff\xff\xff"
   "\xff\xff\xff\xff\xff\xff\xff\xff\xff\xff"
   "\xff\xff\xff\xff\xff\xff\xff\xff\xff\xff"
   "\xff\xff\xff\xff\xff\xff\xff\xff\xff\xff"
   "\xff\xff\xff\xff\xff\xff\xff\xff\xff\xff"
   "\xff\xff\xff\xff\xff\xff\xce\x73\xe2\x18"
   "\x00\x10\x00\x28\x01\x40\x01\x58\xc4\x88"
   "\xc8\xb1\x46\xb1\x05\xb1\x63\xa8\xc4\xb8"
   "\xe4\xc0\xc4\xb8\x45\xc9\x04\xc1\x03\xb1"
   "\x85\xb9\x85\xc1\x24\xb1\xe3\xb0\x28\xda"
   "\x85\xc9\x44\xc1\x24\xc1\xe3\xb8\x03\xb9"
   "\x24\xc1\x24\xc1\xe3\xb8\xe3\xb8\x44\xc1"
   "\x43\xb9\xc5\xc9\xc5\xc9\x63\xb9\x63\xb9"
   "\x84\xb9\x64\xb9\x23\xb1\x23\xb1\x44\xb1"
   "\xa5\xc1\x03\xa9\xe3\xa8\xa5\xc1\x85\xc1"
   "\xa6\xc1\x65\xb9\x44\xb9\x24\xb9\x44\xb9"
   "\x44\xc1\x44\xc1\x44\xc1\x65\xc1\x65\xc9"
   "\x64\xc1\x44\xc1\x44\xc1\x64\xc9\x84\xc9"
   "\x64\xc1\x44\xc9\x45\xd1\x46\xd1\x05\xc9"
   "\x66\xd1\x25\xc1\xc7\xd1\xa6\xc9\xc6\xc9"
   "\x48\xda\xa5\xc9\x44\xc1\x64\xc1\x64\xc9"
   "\x44\xc1\x84\xc9\xc6\xd9\x86\xd9\xa6\xd9"
   "\x86\xc9\x86\xc1\xe7\xb9\x08\xb2\xa7\x91"
   "\x04\x69\x00\x30\x00\x18\x00\x18\x20\x10"
   "\x00\x00\x07\x42\x37\xc6\xff\xff\xff\xff"
   "\xff\xff\xff\xff\xff\xff\xff\xff\xff\xff"
   "\xff\xff\xff\xff\xff\xff\xff\xff\xff\xff"
   "\xff\xff\xff\xff\xff\xff\xff\xff\xff\xff"
   "\xff\xff\xff\xff\xff\xff\xff\xff\xff\xff"
   "\xff\xff\xff\xff\xff\xff\xff\xff\xff\xff"
   "\xff\xff\xff\xff\xff\xff\xff\xff\xff\xff"
   "\xff\xff\xff\xff\xff\xff\xff\xff\xff\xff"
   "\xff\xff\xff\xff\xff\xff\xff\xff\xff\xff"
   "\xff\xff\xff\xff\xff\xff\xff\xff\xff\xff"
   "\xff\xff\xff\xff\xff\xff\xff\xff\xff\xff"
   "\xff\xff\xff\xff\xff\xff\xff\xff\xff\xff"
   "\xff\xff\xff\xff\xff\xff\xff\xff\xff\xff"
   "\xff\xff\xff\xff\xff\xff\xff\xff\xff\xff"
   "\x0c\x63\x00\x08\x00\x10\x00\x28\x00\x38"
   "\xa3\x60\x66\x81\x29\xb2\x66\xa9\xc4\xa0"
   "\x86\xc1\x66\xc9\xe4\xc0\xe4\xb8\x45\xb9"
   "\x65\xb9\x65\xc1\xa6\xc9\x65\xc1\xa6\xc9"
   "\xc3\xb0\x82\xb0\x65\xc9\xa2\xb8\x82\xb0"
   "\xe3\xb8\xe3\xb8\x81\xa8\xe3\xb8\xa6\xd1"
   "\x23\xb9\x84\xc1\x64\xc1\x43\xb9\x64\xc1"
   "\x84\xc1\x64\xc1\x44\xb9\x84\xc1\x64\xc1"
   "\x24\xb9\x23\xb9\x24\xb9\x24\xb9\x65\xc1"
   "\x45\xc1\x65\xc1\x44\xc1\x44\xc1\x65\xc9"
   "\x65\xc9\x45\xc9\x24\xc1\x24\xc1\x65\xc9"
   "\x44\xc9\x44\xc9\x44\xc9\x64\xc9\x84\xc9"
   "\x64\xc9\x44\xc9\x66\xd1\x66\xc9\x25\xc9"
   "\x66\xc9\x86\xd1\xc7\xd9\xe7\xd1\x07\xda"
   "\x85\xc9\x65\xc1\x85\xc9\xe6\xd1\xe6\xd1"
   "\xa5\xc9\x85\xc9\xa6\xc9\x85\xc1\x86\xc1"
   "\xc7\xb9\x28\xb2\xc7\x99\xc3\x60\x00\x30"
   "\x00\x18\x00\x10\x20\x10\x00\x00\x82\x18"
   "\x50\x8c\xff\xff\xff\xff\xff\xff\xff\xff"
   "\xff\xff\xff\xff\xff\xff\xff\xff\xff\xff"
   "\xff\xff\xff\xff\xff\xff\xff\xff\xff\xff"
   "\xff\xff\xff\xff\xff\xff\xff\xff\xff\xff"
   "\xff\xff\xff\xff\xff\xff\xff\xff\xff\xff"
   "\xff\xff\xff\xff\xff\xff\xff\xff\xff\xff"
   "\xff\xff\xff\xff\xff\xff\xff\xff\xff\xff"
   "\xff\xff\xff\xff\xff\xff\xff\xff\xff\xff"
   "\xff\xff\xff\xff\xff\xff\xff\xff\xff\xff"
   "\xff\xff\xff\xff\xff\xff\xff\xff\xff\xff"
   "\xff\xff\xff\xff\xff\xff\xff\xff\xff\xff"
   "\xff\xff\xff\xff\xff\xff\xff\xff\xff\xff"
   "\xff\xff\xff\xff\xff\xff\xff\xff\xff\xff"
   "\xff\xff\xff\xff\xff\xff\xff\xff\xff\xff"
   "\xff\xff\xff\xff\x89\x4a\x00\x00\x20\x00"
   "\x00\x08\x00\x10\x60\x38\xe3\x58\x65\x81"
   "\x09\xb2\x87\xb9\xa4\xa8\x46\xc9\xa7\xd9"
   "\x25\xc1\x42\xb0\xc3\xb8\xa3\xb8\xc3\xb8"
   "\x04\xc9\x66\xd1\xc3\xc0\xa2\xb8\xc3\xc0"
   "\x45\xc9\x45\xc9\xe3\xb8\xc2\xb8\x04\xc1"
   "\x04\xc1\x24\xc9\x04\xc9\x24\xc9\x65\xd1"
   "\x45\xc9\x24\xc1\x25\xc9\x25\xc1\x66\xc9"
   "\x46\xc9\x09\xe2\xe8\xd9\x05\xc1\x46\xc9"
   "\x25\xc1\x66\xc9\x66\xc1\x45\xc1\x66\xc9"
   "\x66\xc9\x46\xc9\x25\xc9\x25\xc9\x46\xd1"
   "\x45\xc9\x25\xc9\x45\xc9\x45\xc9\x65\xc9"
   "\x45\xc9\x45\xc1\x85\xc1\x64\xb9\x85\xc1"
   "\xa5\xc9\xc6\xd1\x65\xc9\x24\xc9\x04\xc1"
   "\x65\xc9\x65\xc9\x86\xc9\x86\xc9\x66\xc9"
   "\x45\xc1\x25\xc1\x65\xb9\xe6\xa9\x07\x9a"
   "\x64\x81\x20\x48\x00\x28\x00\x20\x00\x18"
   "\x00\x10\x41\x10\x61\x10\xcf\x7b\xff\xff"
   "\xff\xff\xff\xff\xff\xff\xff\xff\xff\xff"
   "\xff\xff\xff\xff\xff\xff\xff\xff\xff\xff"
   "\xff\xff\xff\xff\xff\xff\xff\xff\xff\xff"
   "\xff\xff\xff\xff\xff\xff\xff\xff\xff\xff"
   "\xff\xff\xff\xff\xff\xff\xff\xff\xff\xff"
   "\xff\xff\xff\xff\xff\xff\xff\xff\xff\xff"
   "\xff\xff\xff\xff\xff\xff\xff\xff\xff\xff"
   "\xff\xff\xff\xff\xff\xff\xff\xff\xff\xff"
   "\xff\xff\xff\xff\xff\xff\xff\xff\xff\xff"
   "\xff\xff\xff\xff\xff\xff\xff\xff\xff\xff"
   "\xff\xff\xff\xff\xff\xff\xff\xff\xff\xff"
   "\xff\xff\xff\xff\xff\xff\xff\xff\xff\xff"
   "\xff\xff\xff\xff\xff\xff\xff\xff\xff\xff"
   "\xff\xff\xff\xff\xff\xff\xff\xff\xff\xff"
   "\xff\xff\xff\xff\xff\xff\x58\xbe\xa9\x42"
   "\x80\x00\x40\x00\x00\x08\x00\x20\x00\x30"
   "\x20\x50\xa7\x99\xe8\xb1\x67\xb1\x46\xc1"
   "\x46\xc9\xe5\xc0\x66\xd1\x26\xc9\xc4\xb8"
   "\x25\xc9\x25\xc9\xa3\xb8\x04\xc1\x24\xc9"
   "\xe3\xc0\x03\xc1\x44\xc9\x64\xc9\x24\xc1"
   "\x05\xc9\x05\xc9\xe5\xc8\x05\xc9\x46\xd1"
   "\x25\xc9\x25\xc9\x87\xd1\x25\xc9\xa7\xd9"
   "\xe9\xe1\x8b\xf2\x2a\xe2\x46\xc1\x46\xc1"
   "\x46\xc1\xa7\xc9\x66\xc1\x45\xc1\x45\xc1"
   "\x45\xc1\x25\xc9\x46\xc9\x66\xd1\x46\xc9"
   "\x26\xc9\x25\xc9\x25\xc9\x46\xc9\x46\xc9"
   "\x45\xc9\x45\xc1\xa5\xc1\x63\xb9\x84\xc1"
   "\x64\xc1\xa5\xd1\x24\xc9\x86\xd1\x86\xd9"
   "\x45\xc9\x45\xc1\x66\xc1\x87\xc1\xc8\xc1"
   "\xe8\xc1\xc8\xc1\xe8\xa9\x03\x69\x20\x30"
   "\x00\x20\x00\x18\x00\x10\x00\x08\x81\x18"
   "\xa6\x31\x71\x8c\xff\xff\xff\xff\xff\xff"
   "\xff\xff\xff\xff\xff\xff\xff\xff\xff\xff"
   "\xff\xff\xff\xff\xff\xff\xff\xff\xff\xff"
   "\xff\xff\xff\xff\xff\xff\xff\xff\xff\xff"
   "\xff\xff\xff\xff\xff\xff\xff\xff\xff\xff"
   "\xff\xff\xff\xff\xff\xff\xff\xff\xff\xff"
   "\xff\xff\xff\xff\xff\xff\xff\xff\xff\xff"
   "\xff\xff\xff\xff\xff\xff\xff\xff\xff\xff"
   "\xff\xff\xff\xff\xff\xff\xff\xff\xff\xff"
   "\xff\xff\xff\xff\xff\xff\xff\xff\xff\xff"
   "\xff\xff\xff\xff\xff\xff\xff\xff\xff\xff"
   "\xff\xff\xff\xff\xff\xff\xff\xff\xff\xff"
   "\xff\xff\xff\xff\xff\xff\xff\xff\xff\xff"
   "\xff\xff\xff\xff\xff\xff\xff\xff\xff\xff"
   "\xff\xff\xff\xff\xff\xff\xff\xff\xff\xff"
   "\xff\xff\xff\xff\xff\xff\xff\xff\xff\xff"
   "\x58\xc6\x4c\x6b\x81\x18\x00\x10\x00\x18"
   "\x00\x20\x00\x28\x00\x30\x21\x50\x25\x99"
   "\xc8\xc1\xa7\xc1\x87\xb9\x25\xb1\xe4\xb0"
   "\x66\xc1\x25\xb9\xa3\xb0\x04\xc1\x04\xc1"
   "\xc3\xb8\xe3\xb8\x65\xc9\x85\xd1\x45\xc9"
   "\x05\xc9\x26\xc9\x05\xc9\x25\xc9\x46\xc9"
   "\x26\xc9\x67\xd1\x29\xe2\x49\xe2\x29\xe2"
   "\x8a\xea\x49\xe2\x08\xd2\xc7\xc9\x66\xc1"
   "\x86\xc1\xa6\xc1\x66\xb9\x65\xb9\x45\xb9"
   "\x45\xc1\x45\xc1\x66\xc1\x86\xc9\x46\xc9"
   "\x45\xc1\x46\xc1\x46\xc1\x46\xc1\x46\xc1"
   "\x45\xc1\x45\xc1\x44\xc9\x23\xc9\x85\xd1"
   "\x84\xd1\xa6\xd1\x24\xc1\x65\xc9\x66\xc9"
   "\xe8\xd9\x67\xc1\x05\xb1\x67\xb1\x09\xb2"
   "\xe7\x99\xc3\x68\x00\x30\x00\x18\x20\x10"
   "\x20\x08\x20\x08\x65\x29\xef\x7b\xff\xff"
   "\xff\xff\xff\xff\xff\xff\xff\xff\xff\xff"
   "\xff\xff\xff\xff\xff\xff\xff\xff\xff\xff"
   "\xff\xff\xff\xff\xff\xff\xff\xff\xff\xff"
   "\xff\xff\xff\xff\xff\xff\xff\xff\xff\xff"
   "\xff\xff\xff\xff\xff\xff\xff\xff\xff\xff"
   "\xff\xff\xff\xff\xff\xff\xff\xff\xff\xff"
   "\xff\xff\xff\xff\xff\xff\xff\xff\xff\xff"
   "\xff\xff\xff\xff\xff\xff\xff\xff\xff\xff"
   "\xff\xff\xff\xff\xff\xff\xff\xff\xff\xff"
   "\xff\xff\xff\xff\xff\xff\xff\xff\xff\xff"
   "\xff\xff\xff\xff\xff\xff\xff\xff\xff\xff"
   "\xff\xff\xff\xff\xff\xff\xff\xff\xff\xff"
   "\xff\xff\xff\xff\xff\xff\xff\xff\xff\xff"
   "\xff\xff\xff\xff\xff\xff\xff\xff\xff\xff"
   "\xff\xff\xff\xff\xff\xff\xff\xff\xff\xff"
   "\xff\xff\xff\xff\xff\xff\xff\xff\xff\xff"
   "\xff\xff\xff\xff\xff\xff\x30\x94\x65\x39"
   "\x00\x08\x00\x08\x00\x08\x61\x28\x00\x30"
   "\x00\x58\xe4\x78\x24\x89\x86\x99\x65\x99"
   "\xa7\xa9\x24\xa1\x25\xa9\x24\xb1\x24\xb9"
   "\x45\xc1\x45\xc9\x04\xc9\x04\xc9\x24\xc9"
   "\x66\xc9\x86\xc9\x66\xc9\x45\xc1\x25\xc1"
   "\x25\xb9\xa7\xc9\x69\xe2\xcb\xea\x69\xda"
   "\xaa\xe2\x28\xda\x69\xda\xaa\xe2\xe7\xc9"
   "\xa6\xc1\x64\xb9\x64\xb9\x65\xc1\x85\xc1"
   "\x85\xc1\x65\xc1\x65\xc1\x65\xc9\x65\xc9"
   "\x65\xc9\x65\xc1\x65\xc1\x65\xc1\x65\xc1"
   "\x65\xc1\x45\xc1\x04\xc9\x24\xc9\x65\xd1"
   "\x64\xd1\x65\xc9\x24\xc1\x45\xc1\x46\xb9"
   "\x66\xb1\xe8\xb9\x29\xb2\xc8\x91\xa3\x58"
   "\x00\x28\x00\x18\x20\x18\x00\x00\xa1\x10"
   "\xaa\x52\xb6\xad\xff\xff\xff\xff\xff\xff"
   "\xff\xff\xff\xff\xff\xff\xff\xff\xff\xff"
   "\xff\xff\xff\xff\xff\xff\xff\xff\xff\xff"
   "\xff\xff\xff\xff\xff\xff\xff\xff\xff\xff"
   "\xff\xff\xff\xff\xff\xff\xff\xff\xff\xff"
   "\xff\xff\xff\xff\xff\xff\xff\xff\xff\xff"
   "\xff\xff\xff\xff\xff\xff\xff\xff\xff\xff"
   "\xff\xff\xff\xff\xff\xff\xff\xff\xff\xff"
   "\xff\xff\xff\xff\xff\xff\xff\xff\xff\xff"
   "\xff\xff\xff\xff\xff\xff\xff\xff\xff\xff"
   "\xff\xff\xff\xff\xff\xff\xff\xff\xff\xff"
   "\xff\xff\xff\xff\xff\xff\xff\xff\xff\xff"
   "\xff\xff\xff\xff\xff\xff\xff\xff\xff\xff"
   "\xff\xff\xff\xff\xff\xff\xff\xff\xff\xff"
   "\xff\xff\xff\xff\xff\xff\xff\xff\xff\xff"
   "\xff\xff\xff\xff\xff\xff\xff\xff\xff\xff"
   "\xff\xff\xff\xff\xff\xff\xff\xff\xff\xff"
   "\xff\xff\xff\xff\xff\xff\xff\xff\xff\xff"
   "\xf7\xbd\x2c\x63\xe3\x18\x00\x00\x60\x10"
   "\x00\x08\x00\x10\x00\x18\x60\x38\xc2\x50"
   "\x64\x71\xc6\x89\xa6\x99\x45\xa1\x24\xa9"
   "\x05\xb1\x05\xb9\xe4\xc0\x05\xc9\x66\xd1"
   "\x66\xc1\xa6\xc9\x86\xc1\x65\xb9\x45\xb9"
   "\x65\xb9\xe6\xc9\x69\xda\xa9\xe2\x89\xda"
   "\x89\xda\x88\xda\xa9\xe2\xa9\xe2\x06\xca"
   "\x84\xc1\x64\xc1\x63\xc1\x64\xc9\x84\xc9"
   "\x84\xc9\x64\xc9\x44\xc9\x64\xc9\x64\xc9"
   "\x65\xc9\x65\xc9\x65\xc1\x65\xc1\x64\xc1"
   "\x65\xc1\x65\xc1\x86\xc9\x86\xd1\x24\xc1"
   "\xe4\xc0\xe4\xc0\x87\xc9\xe9\xc9\x29\xc2"
   "\x29\xaa\x66\x79\x62\x48\x00\x20\x00\x10"
   "\x00\x08\x40\x10\xe3\x20\x91\x94\xff\xff"
   "\xff\xff\xff\xff\xff\xff\xff\xff\xff\xff"
   "\xff\xff\xff\xff\xff\xff\xff\xff\xff\xff"
   "\xff\xff\xff\xff\xff\xff\xff\xff\xff\xff"
   "\xff\xff\xff\xff\xff\xff\xff\xff\xff\xff"
   "\xff\xff\xff\xff\xff\xff\xff\xff\xff\xff"
   "\xff\xff\xff\xff\xff\xff\xff\xff\xff\xff"
   "\xff\xff\xff\xff\xff\xff\xff\xff\xff\xff"
   "\xff\xff\xff\xff\xff\xff\xff\xff\xff\xff"
   "\xbe\xf7\xff\xff\xff\xff\xff\xff\xff\xff"
   "\xff\xff\xff\xff\xff\xff\xff\xff\xff\xff"
   "\xff\xff\xff\xff\xff\xff\xff\xff\xff\xff"
   "\xff\xff\xff\xff\xff\xff\xff\xff\xff\xff"
   "\xff\xff\xff\xff\xff\xff\xff\xff\xff\xff"
   "\xff\xff\xff\xff\xff\xff\xff\xff\xff\xff"
   "\xff\xff\xff\xff\xff\xff\xff\xff\xff\xff"
   "\xff\xff\xff\xff\xff\xff\xff\xff\xff\xff"
   "\xff\xff\xff\xff\xff\xff\xff\xff\xff\xff"
   "\xff\xff\xff\xff\xff\xff\xff\xff\xff\xff"
   "\xff\xff\xff\xff\xff\xff\x54\x9d\x0a\x53"
   "\x02\x11\x80\x00\x00\x00\x20\x10\x00\x10"
   "\x00\x18\x20\x38\x81\x58\xe3\x70\x65\x91"
   "\x86\xa1\xa7\xb1\xc7\xb9\x87\xb9\x25\xb1"
   "\x24\xb1\x85\xb9\x65\xb1\x44\xb1\x85\xb9"
   "\xe6\xc1\x48\xd2\xca\xe2\xca\xe2\xea\xea"
   "\x68\xda\x68\xda\x27\xd2\x84\xc1\xa5\xc9"
   "\x43\xc1\x64\xd1\x64\xd1\x64\xd1\x44\xd1"
   "\x44\xc9\x24\xc9\x44\xc9\x65\xd1\x44\xc9"
   "\x44\xc9\x64\xc1\x65\xc1\x64\xc1\x44\xb9"
   "\x64\xb9\x65\xb9\xa6\xb9\x08\xc2\xc8\xc1"
   "\xe8\xc1\x87\xb1\xc8\xb1\xe5\x88\x62\x60"
   "\x00\x40\x00\x28\x00\x18\x00\x08\x81\x10"
   "\x68\x4a\x54\xa5\xff\xff\xff\xff\xff\xff"
   "\xff\xff\xff\xff\xff\xff\xff\xff\xff\xff"
   "\xff\xff\xff\xff\xff\xff\xff\xff\xff\xff"
   "\xff\xff\xff\xff\xff\xff\xff\xff\xff\xff"
   "\xff\xff\xff\xff\xff\xff\xff\xff\xff\xff"
   "\xff\xff\xff\xff\xff\xff\xff\xff\xff\xff"
   "\xff\xff\xff\xff\xff\xff\xff\xff\xff\xff"
   "\xff\xff\xff\xff\xff\xff\xff\xff\xff\xff"
   "\xff\xff\xff\xff\xff\xff\xff\xff\xbe\xf7"
   "\x5d\xef\xff\xff\xff\xff\xff\xff\xff\xff"
   "\xff\xff\xff\xff\xff\xff\xff\xff\xff\xff"
   "\xff\xff\xff\xff\xff\xff\xff\xff\xff\xff"
   "\xff\xff\xff\xff\xff\xff\xff\xff\xff\xff"
   "\xff\xff\xff\xff\xff\xff\xff\xff\xff\xff"
   "\xff\xff\xff\xff\xff\xff\xff\xff\xff\xff"
   "\xff\xff\xff\xff\xff\xff\xff\xff\xff\xff"
   "\xff\xff\xff\xff\xff\xff\xff\xff\xff\xff"
   "\xff\xff\xff\xff\xff\xff\xff\xff\xff\xff"
   "\xff\xff\xff\xff\xff\xff\xff\xff\xff\xff"
   "\xff\xff\xff\xff\xff\xff\xff\xff\xff\xff"
   "\xff\xff\xd6\xbd\x4d\x6b\x24\x31\x20\x10"
   "\x00\x10\x00\x18\x00\x18\x00\x20\x00\x28"
   "\x40\x40\xa2\x50\xe3\x60\x44\x69\x85\x89"
   "\xa6\xa9\x86\xb1\xa7\xb9\xc7\xc1\x86\xb9"
   "\x65\xb9\xa7\xc1\x49\xda\xaa\xea\x08\xda"
   "\xc7\xd1\xe7\xd9\xc7\xd1\x44\xc9\xe3\xc0"
   "\x04\xc9\x24\xd1\x24\xd9\x44\xd9\x24\xd9"
   "\x04\xd1\x04\xd1\x04\xc9\x24\xc9\x24\xc9"
   "\x25\xc1\x45\xc1\x66\xc1\x86\xc1\xa6\xc1"
   "\x86\xc1\xa6\xb1\x46\x91\x05\x81\xc4\x68"
   "\xa3\x60\x41\x48\x00\x30\x00\x20\x00\x20"
   "\x00\x20\x00\x18\x04\x41\xef\x93\xff\xff"
   "\xff\xff\xff\xff\xff\xff\xff\xff\xff\xff"
   "\xff\xff\xff\xff\xff\xff\xff\xff\xff\xff"
   "\xff\xff\xff\xff\xff\xff\xff\xff\xff\xff"
   "\xff\xff\xff\xff\xff\xff\xff\xff\xff\xff"
   "\xff\xff\xff\xff\xff\xff\xff\xff\xff\xff"
   "\xff\xff\xff\xff\xff\xff\xff\xff\xff\xff"
   "\xff\xff\xff\xff\xff\xff\xff\xff\xff\xff"
   "\xff\xff\xff\xff\xff\xff\xff\xff\xff\xff"
   "\xff\xff\xff\xff\xff\xff\xff\xff\x5d\xef"
   "\xba\xd6\xff\xff\xff\xff\xff\xff\xff\xff"
   "\xff\xff\xff\xff\xff\xff\xff\xff\xff\xff"
   "\xff\xff\xff\xff\xff\xff\xff\xff\xff\xff"
   "\xff\xff\xff\xff\xff\xff\xff\xff\xff\xff"
   "\xff\xff\xff\xff\xff\xff\xff\xff\xff\xff"
   "\xff\xff\xff\xff\xff\xff\xff\xff\xff\xff"
   "\xff\xff\xff\xff\xff\xff\xff\xff\xff\xff"
   "\xff\xff\xff\xff\xff\xff\xff\xff\xff\xff"
   "\xff\xff\xff\xff\xff\xff\xff\xff\xff\xff"
   "\xff\xff\xff\xff\xff\xff\xff\xff\xff\xff"
   "\xff\xff\xff\xff\xff\xff\xff\xff\xff\xff"
   "\xff\xff\xff\xff\xff\xff\xff\xff\xff\xff"
   "\x50\x94\x28\x52\x61\x18\x00\x10\x00\x10"
   "\x00\x10\x00\x10\x00\x18\x00\x18\x00\x30"
   "\x41\x58\x21\x68\xa3\x78\x66\x91\xc7\xa1"
   "\xe7\xa9\x08\xb2\x69\xc2\x2d\xdb\xcb\xd2"
   "\x8a\xca\x49\xca\x08\xc2\x86\xb9\x04\xa9"
   "\xe3\xa8\x66\xc1\x86\xc1\x86\xc9\xa7\xc9"
   "\xa7\xc9\xa7\xc1\x86\xb9\x86\xb1\xa7\xb9"
   "\xa6\xb1\x66\xa1\x25\x99\xe3\x88\x82\x78"
   "\x00\x68\x00\x50\x00\x40\x00\x30\x00\x20"
   "\x00\x18\x00\x10\x00\x08\x41\x10\xe3\x20"
   "\x2c\x73\xb6\xbd\xff\xff\xff\xff\xff\xff"
   "\xff\xff\xff\xff\xff\xff\xff\xff\xff\xff"
   "\xff\xff\xff\xff\xff\xff\xff\xff\xff\xff"
   "\xff\xff\xff\xff\xff\xff\xff\xff\xff\xff"
   "\xff\xff\xff\xff\xff\xff\xff\xff\xff\xff"
   "\xff\xff\xff\xff\xff\xff\xff\xff\xff\xff"
   "\xff\xff\xff\xff\xff\xff\xff\xff\xff\xff"
   "\xff\xff\xff\xff\xff\xff\xff\xff\xff\xff"
   "\xff\xff\xff\xff\xff\xff\xff\xff\xff\xff"
   "\xff\xff\xff\xff\xff\xff\xff\xff\xba\xd6"
   "\xd6\xb5\xff\xff\xff\xff\xff\xff\xff\xff"
   "\xff\xff\xff\xff\xff\xff\xff\xff\xff\xff"
   "\xff\xff\xff\xff\xff\xff\xff\xff\xff\xff"
   "\xff\xff\xff\xff\xff\xff\xff\xff\xff\xff"
   "\xff\xff\xff\xff\xff\xff\xff\xff\xff\xff"
   "\xff\xff\xff\xff\xff\xff\xff\xff\xff\xff"
   "\xff\xff\xff\xff\xff\xff\xff\xff\xff\xff"
   "\xff\xff\xff\xff\xff\xff\xff\xff\xff\xff"
   "\xff\xff\xff\xff\xff\xff\xff\xff\xff\xff"
   "\xff\xff\xff\xff\xff\xff\xff\xff\xff\xff"
   "\xff\xff\xff\xff\xff\xff\xff\xff\xff\xff"
   "\xff\xff\xff\xff\xff\xff\xff\xff\xff\xff"
   "\xff\xff\xff\xff\xff\xff\x38\xce\xef\x8b"
   "\x28\x52\xe3\x28\x00\x10\x00\x10\x00\x10"
   "\x00\x18\x00\x18\x00\x18\x00\x20\x20\x30"
   "\x61\x38\x62\x40\x82\x48\x65\x69\x65\x69"
   "\x66\x71\x66\x71\x86\x79\x86\x79\x45\x71"
   "\x04\x69\x85\x79\x65\x79\x65\x79\x65\x79"
   "\x65\x71\x44\x69\x04\x61\xc3\x58\x81\x48"
   "\x61\x38\x20\x30\x00\x28\x00\x20\x00\x18"
   "\x00\x10\x00\x10\x00\x08\x00\x00\x00\x00"
   "\x41\x10\x86\x31\x8e\x6b\x17\xb6\xff\xff"
   "\xff\xff\xff\xff\xff\xff\xff\xff\xff\xff"
   "\xff\xff\xff\xff\xff\xff\xff\xff\xff\xff"
   "\xff\xff\xff\xff\xff\xff\xff\xff\xff\xff"
   "\xff\xff\xff\xff\xff\xff\xff\xff\xff\xff"
   "\xff\xff\xff\xff\xff\xff\xff\xff\xff\xff"
   "\xff\xff\xff\xff\xff\xff\xff\xff\xff\xff"
   "\xff\xff\xff\xff\xff\xff\xff\xff\xff\xff"
   "\xff\xff\xff\xff\xff\xff\xff\xff\xff\xff"
   "\xff\xff\xff\xff\xff\xff\xff\xff\xff\xff"
   "\xff\xff\xff\xff\xff\xff\xff\xff\xd6\xb5"
   "\x51\x8c\xff\xff\xff\xff\xff\xff\xff\xff"
   "\xff\xff\xff\xff\xff\xff\xff\xff\xff\xff"
   "\xff\xff\xff\xff\xff\xff\xff\xff\xff\xff"
   "\xff\xff\xff\xff\xff\xff\xff\xff\xff\xff"
   "\xff\xff\xff\xff\xff\xff\xff\xff\xff\xff"
   "\xff\xff\xff\xff\xff\xff\xff\xff\xff\xff"
   "\xff\xff\xff\xff\xff\xff\xff\xff\xff\xff"
   "\xff\xff\xff\xff\xff\xff\xff\xff\xff\xff"
   "\xff\xff\xff\xff\xff\xff\xff\xff\xff\xff"
   "\xff\xff\xff\xff\xff\xff\xff\xff\xff\xff"
   "\xff\xff\xff\xff\xff\xff\xff\xff\xff\xff"
   "\xff\xff\xff\xff\xff\xff\xff\xff\xff\xff"
   "\xff\xff\xff\xff\xff\xff\xff\xff\xff\xff"
   "\xff\xff\xff\xff\x18\xce\x92\x9c\x8e\x7b"
   "\xc7\x39\x04\x21\x61\x10\x00\x08\x00\x08"
   "\x00\x08\x00\x08\x00\x10\x00\x10\x00\x10"
   "\x00\x18\x00\x20\x00\x20\x00\x20\x00\x20"
   "\x00\x18\x00\x20\x00\x20\x00\x18\x00\x18"
   "\x00\x18\x00\x18\x00\x10\x00\x10\x00\x08"
   "\x00\x08\x00\x00\x00\x00\x20\x00\x20\x00"
   "\x60\x00\xa1\x00\xc7\x29\x0c\x5b\x35\x9d"
   "\xff\xff\xff\xff\xff\xff\xff\xff\xff\xff"
   "\xff\xff\xff\xff\xff\xff\xff\xff\xff\xff"
   "\xff\xff\xff\xff\xff\xff\xff\xff\xff\xff"
   "\xff\xff\xff\xff\xff\xff\xff\xff\xff\xff"
   "\xff\xff\xff\xff\xff\xff\xff\xff\xff\xff"
   "\xff\xff\xff\xff\xff\xff\xff\xff\xff\xff"
   "\xff\xff\xff\xff\xff\xff\xff\xff\xff\xff"
   "\xff\xff\xff\xff\xff\xff\xff\xff\xff\xff"
   "\xff\xff\xff\xff\xff\xff\xff\xff\xff\xff"
   "\xff\xff\xff\xff\xff\xff\xff\xff\xff\xff"
   "\xff\xff\xff\xff\xff\xff\xff\xff\x51\x8c"
   "\x00\x00\x7d\xef\xff\xff\xff\xff\xff\xff"
   "\xff\xff\xff\xff\xff\xff\xff\xff\xff\xff"
   "\xff\xff\xff\xff\xff\xff\xff\xff\xff\xff"
   "\xff\xff\xff\xff\xff\xff\xff\xff\xff\xff"
   "\xff\xff\xff\xff\xff\xff\xff\xff\xff\xff"
   "\xff\xff\xff\xff\xff\xff\xff\xff\xff\xff"
   "\xff\xff\xff\xff\xff\xff\xff\xff\xff\xff"
   "\xff\xff\xff\xff\xff\xff\xff\xff\xff\xff"
   "\xff\xff\xff\xff\xff\xff\xff\xff\xff\xff"
   "\xff\xff\xff\xff\xff\xff\xff\xff\xff\xff"
   "\xff\xff\xff\xff\xff\xff\xff\xff\xff\xff"
   "\xff\xff\xff\xff\xff\xff\xff\xff\xff\xff"
   "\xff\xff\xff\xff\xff\xff\xff\xff\xff\xff"
   "\xff\xff\xff\xff\xff\xff\xff\xff\xff\xff"
   "\xff\xff\xff\xff\x39\xc6\x15\xa5\xf0\x83"
   "\xcc\x62\xc8\x41\x25\x31\x21\x10\x00\x08"
   "\x00\x10\x00\x10\x00\x10\x00\x10\x00\x10"
   "\x00\x18\x00\x10\x00\x10\x00\x08\x00\x08"
   "\x00\x08\x00\x08\x00\x08\x21\x08\x00\x00"
   "\x41\x08\xc3\x10\x66\x29\x8a\x4a\x10\x74"
   "\xb6\xa5\xff\xff\xff\xff\xff\xff\xff\xff"
   "\xff\xff\xff\xff\xff\xff\xff\xff\xff\xff"
   "\xff\xff\xff\xff\xff\xff\xff\xff\xff\xff"
   "\xff\xff\xff\xff\xff\xff\xff\xff\xff\xff"
   "\xff\xff\xff\xff\xff\xff\xff\xff\xff\xff"
   "\xff\xff\xff\xff\xff\xff\xff\xff\xff\xff"
   "\xff\xff\xff\xff\xff\xff\xff\xff\xff\xff"
   "\xff\xff\xff\xff\xff\xff\xff\xff\xff\xff"
   "\xff\xff\xff\xff\xff\xff\xff\xff\xff\xff"
   "\xff\xff\xff\xff\xff\xff\xff\xff\xff\xff"
   "\xff\xff\xff\xff\xff\xff\xff\xff\xff\xff"
   "\xff\xff\xff\xff\xff\xff\x7d\xef\x00\x00"
   "\x00\x00\x17\xbe\xff\xff\xff\xff\xff\xff"
   "\xff\xff\xff\xff\xff\xff\xff\xff\xff\xff"
   "\xff\xff\xff\xff\xff\xff\xff\xff\xff\xff"
   "\xff\xff\xff\xff\xff\xff\xff\xff\xff\xff"
   "\xff\xff\xff\xff\xff\xff\xff\xff\xff\xff"
   "\xff\xff\xff\xff\xff\xff\xff\xff\xff\xff"
   "\xff\xff\xff\xff\xff\xff\xff\xff\xff\xff"
   "\xff\xff\xff\xff\xff\xff\xff\xff\xff\xff"
   "\xff\xff\xff\xff\xff\xff\xff\xff\xff\xff"
   "\xff\xff\xff\xff\xff\xff\xff\xff\xff\xff"
   "\xff\xff\xff\xff\xff\xff\xff\xff\xff\xff"
   "\xff\xff\xff\xff\xff\xff\xff\xff\xff\xff"
   "\xff\xff\xff\xff\xff\xff\xff\xff\xff\xff"
   "\xff\xff\xff\xff\xff\xff\xff\xff\xff\xff"
   "\xff\xff\xff\xff\xff\xff\xff\xff\xff\xff"
   "\xff\xff\xff\xff\xff\xff\xff\xff\xff\xff"
   "\x96\xbd\xf4\xac\x31\x8c\x2d\x73\xab\x62"
   "\xab\x62\x29\x4a\x69\x52\x8a\x5a\xcb\x62"
   "\x2d\x6b\xaf\x7b\x51\x8c\xb3\x9c\xf8\xbd"
   "\xff\xff\xff\xff\xff\xff\xff\xff\xff\xff"
   "\xff\xff\xff\xff\xff\xff\xff\xff\xff\xff"
   "\xff\xff\xff\xff\xff\xff\xff\xff\xff\xff"
   "\xff\xff\xff\xff\xff\xff\xff\xff\xff\xff"
   "\xff\xff\xff\xff\xff\xff\xff\xff\xff\xff"
   "\xff\xff\xff\xff\xff\xff\xff\xff\xff\xff"
   "\xff\xff\xff\xff\xff\xff\xff\xff\xff\xff"
   "\xff\xff\xff\xff\xff\xff\xff\xff\xff\xff"
   "\xff\xff\xff\xff\xff\xff\xff\xff\xff\xff"
   "\xff\xff\xff\xff\xff\xff\xff\xff\xff\xff"
   "\xff\xff\xff\xff\xff\xff\xff\xff\xff\xff"
   "\xff\xff\xff\xff\xff\xff\xff\xff\xff\xff"
   "\xff\xff\xff\xff\xff\xff\x17\xbe\x00\x00"
   "\x00\x00\x8e\x73\xff\xff\xff\xff\xff\xff"
   "\xff\xff\xff\xff\xff\xff\xff\xff\xff\xff"
   "\xff\xff\xff\xff\xff\xff\xff\xff\xff\xff"
   "\xff\xff\xff\xff\xff\xff\xff\xff\xff\xff"
   "\xff\xff\xff\xff\xff\xff\xff\xff\xff\xff"
   "\xff\xff\xff\xff\xff\xff\xff\xff\xff\xff"
   "\xff\xff\xff\xff\xff\xff\xff\xff\xff\xff"
   "\xff\xff\xff\xff\xff\xff\xff\xff\xff\xff"
   "\xff\xff\xff\xff\xff\xff\xff\xff\xff\xff"
   "\xff\xff\xff\xff\xff\xff\xff\xff\xff\xff"
   "\xff\xff\xff\xff\xff\xff\xff\xff\xff\xff"
   "\xff\xff\xff\xff\xff\xff\xff\xff\xff\xff"
   "\xff\xff\xff\xff\xff\xff\xff\xff\xff\xff"
   "\xff\xff\xff\xff\xff\xff\xff\xff\xff\xff"
   "\xff\xff\xff\xff\xff\xff\xff\xff\xff\xff"
   "\xff\xff\xff\xff\xff\xff\xff\xff\xff\xff"
   "\xff\xff\xff\xff\xff\xff\xff\xff\xff\xff"
   "\xff\xff\xff\xff\xff\xff\xff\xff\xff\xff"
   "\xff\xff\xff\xff\xff\xff\xff\xff\xff\xff"
   "\xff\xff\xff\xff\xff\xff\xff\xff\xff\xff"
   "\xff\xff\xff\xff\xff\xff\xff\xff\xff\xff"
   "\xff\xff\xff\xff\xff\xff\xff\xff\xff\xff"
   "\xff\xff\xff\xff\xff\xff\xff\xff\xff\xff"
   "\xff\xff\xff\xff\xff\xff\xff\xff\xff\xff"
   "\xff\xff\xff\xff\xff\xff\xff\xff\xff\xff"
   "\xff\xff\xff\xff\xff\xff\xff\xff\xff\xff"
   "\xff\xff\xff\xff\xff\xff\xff\xff\xff\xff"
   "\xff\xff\xff\xff\xff\xff\xff\xff\xff\xff"
   "\xff\xff\xff\xff\xff\xff\xff\xff\xff\xff"
   "\xff\xff\xff\xff\xff\xff\xff\xff\xff\xff"
   "\xff\xff\xff\xff\xff\xff\xff\xff\xff\xff"
   "\xff\xff\xff\xff\xff\xff\x8e\x73\x00\x00"
   "\x00\x00\x00\x00\x38\xc6\xff\xff\xff\xff"
   "\xff\xff\xff\xff\xff\xff\xff\xff\xff\xff"
   "\xff\xff\xff\xff\xff\xff\xff\xff\xff\xff"
   "\xff\xff\xff\xff\xff\xff\xff\xff\xff\xff"
   "\xff\xff\xff\xff\xff\xff\xff\xff\xff\xff"
   "\xff\xff\xff\xff\xff\xff\xff\xff\xff\xff"
   "\xff\xff\xff\xff\xff\xff\xff\xff\xff\xff"
   "\xff\xff\xff\xff\xff\xff\xff\xff\xff\xff"
   "\xff\xff\xff\xff\xff\xff\xff\xff\xff\xff"
   "\xff\xff\xff\xff\xff\xff\xff\xff\xff\xff"
   "\xff\xff\xff\xff\xff\xff\xff\xff\xff\xff"
   "\xff\xff\xff\xff\xff\xff\xff\xff\xff\xff"
   "\xff\xff\xff\xff\xff\xff\xff\xff\xff\xff"
   "\xff\xff\xff\xff\xff\xff\xff\xff\xff\xff"
   "\xff\xff\xff\xff\xff\xff\xff\xff\xff\xff"
   "\xff\xff\xff\xff\xff\xff\xff\xff\xff\xff"
   "\xff\xff\xff\xff\xff\xff\xff\xff\xff\xff"
   "\xff\xff\xff\xff\xff\xff\xff\xff\xff\xff"
   "\xff\xff\xff\xff\xff\xff\xff\xff\xff\xff"
   "\xff\xff\xff\xff\xff\xff\xff\xff\xff\xff"
   "\xff\xff\xff\xff\xff\xff\xff\xff\xff\xff"
   "\xff\xff\xff\xff\xff\xff\xff\xff\xff\xff"
   "\xff\xff\xff\xff\xff\xff\xff\xff\xff\xff"
   "\xff\xff\xff\xff\xff\xff\xff\xff\xff\xff"
   "\xff\xff\xff\xff\xff\xff\xff\xff\xff\xff"
   "\xff\xff\xff\xff\xff\xff\xff\xff\xff\xff"
   "\xff\xff\xff\xff\xff\xff\xff\xff\xff\xff"
   "\xff\xff\xff\xff\xff\xff\xff\xff\xff\xff"
   "\xff\xff\xff\xff\xff\xff\xff\xff\xff\xff"
   "\xff\xff\xff\xff\xff\xff\xff\xff\xff\xff"
   "\xff\xff\xff\xff\xff\xff\xff\xff\xff\xff"
   "\xff\xff\xff\xff\x38\xc6\x00\x00\x00\x00"
   "\x00\x00\x00\x00\x6d\x6b\x7d\xef\xff\xff"
   "\xff\xff\xff\xff\xff\xff\xff\xff\xff\xff"
   "\xff\xff\xff\xff\xff\xff\xff\xff\xff\xff"
   "\xff\xff\xff\xff\xff\xff\xff\xff\xff\xff"
   "\xff\xff\xff\xff\xff\xff\xff\xff\xff\xff"
   "\xff\xff\xff\xff\xff\xff\xff\xff\xff\xff"
   "\xff\xff\xff\xff\xff\xff\xff\xff\xff\xff"
   "\xff\xff\xff\xff\xff\xff\xff\xff\xff\xff"
   "\xff\xff\xff\xff\xff\xff\xff\xff\xff\xff"
   "\xff\xff\xff\xff\xff\xff\xff\xff\xff\xff"
   "\xff\xff\xff\xff\xff\xff\xff\xff\xff\xff"
   "\xff\xff\xff\xff\xff\xff\xff\xff\xff\xff"
   "\xff\xff\xff\xff\xff\xff\xff\xff\xff\xff"
   "\xff\xff\xff\xff\xff\xff\xff\xff\xff\xff"
   "\xff\xff\xff\xff\xff\xff\xff\xff\xff\xff"
   "\xff\xff\xff\xff\xff\xff\xff\xff\xff\xff"
   "\xff\xff\xff\xff\xff\xff\xff\xff\xff\xff"
   "\xff\xff\xff\xff\xff\xff\xff\xff\xff\xff"
   "\xff\xff\xff\xff\xff\xff\xff\xff\xff\xff"
   "\xff\xff\xff\xff\xff\xff\xff\xff\xff\xff"
   "\xff\xff\xff\xff\xff\xff\xff\xff\xff\xff"
   "\xff\xff\xff\xff\xff\xff\xff\xff\xff\xff"
   "\xff\xff\xff\xff\xff\xff\xff\xff\xff\xff"
   "\xff\xff\xff\xff\xff\xff\xff\xff\xff\xff"
   "\xff\xff\xff\xff\xff\xff\xff\xff\xff\xff"
   "\xff\xff\xff\xff\xff\xff\xff\xff\xff\xff"
   "\xff\xff\xff\xff\xff\xff\xff\xff\xff\xff"
   "\xff\xff\xff\xff\xff\xff\xff\xff\xff\xff"
   "\xff\xff\xff\xff\xff\xff\xff\xff\xff\xff"
   "\xff\xff\xff\xff\xff\xff\xff\xff\xff\xff"
   "\xff\xff\xff\xff\xff\xff\xff\xff\xff\xff"
   "\xff\xff\x7d\xef\x6d\x6b\x00\x00\x00\x00"
   "\x00\x00\x00\x00\x00\x00\x55\xad\xff\xff"
   "\xff\xff\xff\xff\xff\xff\xff\xff\xff\xff"
   "\xff\xff\xff\xff\xff\xff\xff\xff\xff\xff"
   "\xff\xff\xff\xff\xff\xff\xff\xff\xff\xff"
   "\xff\xff\xff\xff\xff\xff\xff\xff\xff\xff"
   "\xff\xff\xff\xff\xff\xff\xff\xff\xff\xff"
   "\xff\xff\xff\xff\xff\xff\xff\xff\xff\xff"
   "\xff\xff\xff\xff\xff\xff\xff\xff\xff\xff"
   "\xff\xff\xff\xff\xff\xff\xff\xff\xff\xff"
   "\xff\xff\xff\xff\xff\xff\xff\xff\xff\xff"
   "\xff\xff\xff\xff\xff\xff\xff\xff\xff\xff"
   "\xff\xff\xff\xff\xff\xff\xff\xff\xff\xff"
   "\xff\xff\xff\xff\xff\xff\xff\xff\xff\xff"
   "\xff\xff\xff\xff\xff\xff\xff\xff\xff\xff"
   "\xff\xff\xff\xff\xff\xff\xff\xff\xff\xff"
   "\xff\xff\xff\xff\xff\xff\xff\xff\xff\xff"
   "\xff\xff\xff\xff\xff\xff\xff\xff\xff\xff"
   "\xff\xff\xff\xff\xff\xff\xff\xff\xff\xff"
   "\xff\xff\xff\xff\xff\xff\xff\xff\xff\xff"
   "\xff\xff\xff\xff\xff\xff\xff\xff\xff\xff"
   "\xff\xff\xff\xff\xff\xff\xff\xff\xff\xff"
   "\xff\xff\xff\xff\xff\xff\xff\xff\xff\xff"
   "\xff\xff\xff\xff\xff\xff\xff\xff\xff\xff"
   "\xff\xff\xff\xff\xff\xff\xff\xff\xff\xff"
   "\xff\xff\xff\xff\xff\xff\xff\xff\xff\xff"
   "\xff\xff\xff\xff\xff\xff\xff\xff\xff\xff"
   "\xff\xff\xff\xff\xff\xff\xff\xff\xff\xff"
   "\xff\xff\xff\xff\xff\xff\xff\xff\xff\xff"
   "\xff\xff\xff\xff\xff\xff\xff\xff\xff\xff"
   "\xff\xff\xff\xff\xff\xff\xff\xff\xff\xff"
   "\xff\xff\xff\xff\xff\xff\xff\xff\xff\xff"
   "\xff\xff\x55\xad\x00\x00\x00\x00\x00\x00"
   "\x00\x00\x00\x00\x00\x00\x00\x00\x38\xc6"
   "\xff\xff\xff\xff\xff\xff\xff\xff\xff\xff"
   "\xff\xff\xff\xff\xff\xff\xff\xff\xff\xff"
   "\xff\xff\xff\xff\xff\xff\xff\xff\xff\xff"
   "\xff\xff\xff\xff\xff\xff\xff\xff\xff\xff"
   "\xff\xff\xff\xff\xff\xff\xff\xff\xff\xff"
   "\xff\xff\xff\xff\xff\xff\xff\xff\xff\xff"
   "\xff\xff\xff\xff\xff\xff\xff\xff\xff\xff"
   "\xff\xff\xff\xff\xff\xff\xff\xff\xff\xff"
   "\xff\xff\xff\xff\xff\xff\xff\xff\xff\xff"
   "\xff\xff\xff\xff\xff\xff\xff\xff\xff\xff"
   "\xff\xff\xff\xff\xff\xff\xff\xff\xff\xff"
   "\xff\xff\xff\xff\xff\xff\xff\xff\xff\xff"
   "\xff\xff\xff\xff\xff\xff\xff\xff\xff\xff"
   "\xff\xff\xff\xff\xff\xff\xff\xff\xff\xff"
   "\xff\xff\xff\xff\xff\xff\xff\xff\xff\xff"
   "\xff\xff\xff\xff\xff\xff\xff\xff\xff\xff"
   "\xff\xff\xff\xff\xff\xff\xff\xff\xff\xff"
   "\xff\xff\xff\xff\xff\xff\xff\xff\xff\xff"
   "\xff\xff\xff\xff\xff\xff\xff\xff\xff\xff"
   "\xff\xff\xff\xff\xff\xff\xff\xff\xff\xff"
   "\xff\xff\xff\xff\xff\xff\xff\xff\xff\xff"
   "\xff\xff\xff\xff\xff\xff\xff\xff\xff\xff"
   "\xff\xff\xff\xff\xff\xff\xff\xff\xff\xff"
   "\xff\xff\xff\xff\xff\xff\xff\xff\xff\xff"
   "\xff\xff\xff\xff\xff\xff\xff\xff\xff\xff"
   "\xff\xff\xff\xff\xff\xff\xff\xff\xff\xff"
   "\xff\xff\xff\xff\xff\xff\xff\xff\xff\xff"
   "\xff\xff\xff\xff\xff\xff\xff\xff\xff\xff"
   "\xff\xff\xff\xff\xff\xff\xff\xff\xff\xff"
   "\xff\xff\xff\xff\xff\xff\xff\xff\xff\xff"
   "\x38\xc6\x00\x00\x00\x00\x00\x00\x00\x00"
   "\x00\x00\x00\x00\x00\x00\x00\x00\x8a\x52"
   "\x99\xce\xff\xff\xff\xff\xff\xff\xff\xff"
   "\xff\xff\xff\xff\xff\xff\xff\xff\xff\xff"
   "\xff\xff\xff\xff\xff\xff\xff\xff\xff\xff"
   "\xff\xff\xff\xff\xff\xff\xff\xff\xff\xff"
   "\xff\xff\xff\xff\xff\xff\xff\xff\xff\xff"
   "\xff\xff\xff\xff\xff\xff\xff\xff\xff\xff"
   "\xff\xff\xff\xff\xff\xff\xff\xff\xff\xff"
   "\xff\xff\xff\xff\xff\xff\xff\xff\xff\xff"
   "\xff\xff\xff\xff\xff\xff\xff\xff\xff\xff"
   "\xff\xff\xff\xff\xff\xff\xff\xff\xff\xff"
   "\xff\xff\xff\xff\xff\xff\xff\xff\xff\xff"
   "\xff\xff\xff\xff\xff\xff\xff\xff\xff\xff"
   "\xff\xff\xff\xff\xff\xff\xff\xff\xff\xff"
   "\xff\xff\xff\xff\xff\xff\xff\xff\xff\xff"
   "\xff\xff\xff\xff\xff\xff\xff\xff\xff\xff"
   "\xff\xff\xff\xff\xff\xff\xff\xff\xff\xff"
   "\xff\xff\xff\xff\xff\xff\xff\xff\xff\xff"
   "\xff\xff\xff\xff\xff\xff\xff\xff\xff\xff"
   "\xff\xff\xff\xff\xff\xff\xff\xff\xff\xff"
   "\xff\xff\xff\xff\xff\xff\xff\xff\xff\xff"
   "\xff\xff\xff\xff\xff\xff\xff\xff\xff\xff"
   "\xff\xff\xff\xff\xff\xff\xff\xff\xff\xff"
   "\xff\xff\xff\xff\xff\xff\xff\xff\xff\xff"
   "\xff\xff\xff\xff\xff\xff\xff\xff\xff\xff"
   "\xff\xff\xff\xff\xff\xff\xff\xff\xff\xff"
   "\xff\xff\xff\xff\xff\xff\xff\xff\xff\xff"
   "\xff\xff\xff\xff\xff\xff\xff\xff\xff\xff"
   "\xff\xff\xff\xff\xff\xff\xff\xff\xff\xff"
   "\xff\xff\xff\xff\xff\xff\xff\xff\xff\xff"
   "\xff\xff\xff\xff\xff\xff\xff\xff\x99\xce"
   "\x8a\x52\x00\x00\x00\x00\x00\x00\x00\x00"
   "\x00\x00\x00\x00\x00\x00\x00\x00\x00\x00"
   "\x4d\x6b\x99\xce\xff\xff\xff\xff\xff\xff"
   "\xff\xff\xff\xff\xff\xff\xff\xff\xff\xff"
   "\xff\xff\xff\xff\xff\xff\xff\xff\xff\xff"
   "\xff\xff\xff\xff\xff\xff\xff\xff\xff\xff"
   "\xff\xff\xff\xff\xff\xff\xff\xff\xff\xff"
   "\xff\xff\xff\xff\xff\xff\xff\xff\xff\xff"
   "\xff\xff\xff\xff\xff\xff\xff\xff\xff\xff"
   "\xff\xff\xff\xff\xff\xff\xff\xff\xff\xff"
   "\xff\xff\xff\xff\xff\xff\xff\xff\xff\xff"
   "\xff\xff\xff\xff\xff\xff\xff\xff\xff\xff"
   "\xff\xff\xff\xff\xff\xff\xff\xff\xff\xff"
   "\xff\xff\xff\xff\xff\xff\xff\xff\xff\xff"
   "\xff\xff\xff\xff\xff\xff\xff\xff\xff\xff"
   "\xff\xff\xff\xff\xff\xff\xff\xff\xff\xff"
   "\xff\xff\xff\xff\xff\xff\xff\xff\xff\xff"
   "\xff\xff\xff\xff\xff\xff\xff\xff\xff\xff"
   "\xff\xff\xff\xff\xff\xff\xff\xff\xff\xff"
   "\xff\xff\xff\xff\xff\xff\xff\xff\xff\xff"
   "\xff\xff\xff\xff\xff\xff\xff\xff\xff\xff"
   "\xff\xff\xff\xff\xff\xff\xff\xff\xff\xff"
   "\xff\xff\xff\xff\xff\xff\xff\xff\xff\xff"
   "\xff\xff\xff\xff\xff\xff\xff\xff\xff\xff"
   "\xff\xff\xff\xff\xff\xff\xff\xff\xff\xff"
   "\xff\xff\xff\xff\xff\xff\xff\xff\xff\xff"
   "\xff\xff\xff\xff\xff\xff\xff\xff\xff\xff"
   "\xff\xff\xff\xff\xff\xff\xff\xff\xff\xff"
   "\xff\xff\xff\xff\xff\xff\xff\xff\xff\xff"
   "\xff\xff\xff\xff\xff\xff\xff\xff\xff\xff"
   "\xff\xff\xff\xff\xff\xff\xff\xff\xff\xff"
   "\xff\xff\xff\xff\xff\xff\x99\xce\x4d\x6b"
   "\x00\x00\x00\x00\x00\x00\x00\x00\x00\x00"
   "\x00\x00\x00\x00\x00\x00\x00\x00\x00\x00"
   "\x00\x00\x8a\x52\x38\xc6\xff\xff\xff\xff"
   "\xff\xff\xff\xff\xff\xff\xff\xff\xff\xff"
   "\xff\xff\xff\xff\xff\xff\xff\xff\xff\xff"
   "\xff\xff\xff\xff\xff\xff\xff\xff\xff\xff"
   "\xff\xff\xff\xff\xff\xff\xff\xff\xff\xff"
   "\xff\xff\xff\xff\xff\xff\xff\xff\xff\xff"
   "\xff\xff\xff\xff\xff\xff\xff\xff\xff\xff"
   "\xff\xff\xff\xff\xff\xff\xff\xff\xff\xff"
   "\xff\xff\xff\xff\xff\xff\xff\xff\xff\xff"
   "\xff\xff\xff\xff\xff\xff\xff\xff\xff\xff"
   "\xff\xff\xff\xff\xff\xff\xff\xff\xff\xff"
   "\xff\xff\xff\xff\xff\xff\xff\xff\xff\xff"
   "\xff\xff\xff\xff\xff\xff\xff\xff\xff\xff"
   "\xff\xff\xff\xff\xff\xff\xff\xff\xff\xff"
   "\xff\xff\xff\xff\xff\xff\xff\xff\xff\xff"
   "\xff\xff\xff\xff\xff\xff\xff\xff\xff\xff"
   "\xff\xff\xff\xff\xff\xff\xff\xff\xff\xff"
   "\xff\xff\xff\xff\xff\xff\xff\xff\xff\xff"
   "\xff\xff\xff\xff\xff\xff\xff\xff\xff\xff"
   "\xff\xff\xff\xff\xff\xff\xff\xff\xff\xff"
   "\xff\xff\xff\xff\xff\xff\xff\xff\xff\xff"
   "\xff\xff\xff\xff\xff\xff\xff\xff\xff\xff"
   "\xff\xff\xff\xff\xff\xff\xff\xff\xff\xff"
   "\xff\xff\xff\xff\xff\xff\xff\xff\xff\xff"
   "\xff\xff\xff\xff\xff\xff\xff\xff\xff\xff"
   "\xff\xff\xff\xff\xff\xff\xff\xff\xff\xff"
   "\xff\xff\xff\xff\xff\xff\xff\xff\xff\xff"
   "\xff\xff\xff\xff\xff\xff\xff\xff\xff\xff"
   "\xff\xff\xff\xff\xff\xff\xff\xff\xff\xff"
   "\xff\xff\xff\xff\x38\xc6\x8a\x52\x00\x00"
   "\x00\x00\x00\x00\x00\x00\x00\x00\x00\x00"
   "\x00\x00\x00\x00\x00\x00\x00\x00\x00\x00"
   "\x00\x00\x00\x00\x00\x00\x55\xad\x7d\xef"
   "\xff\xff\xff\xff\xff\xff\xff\xff\xff\xff"
   "\xff\xff\xff\xff\xff\xff\xff\xff\xff\xff"
   "\xff\xff\xff\xff\xff\xff\xff\xff\xff\xff"
   "\xff\xff\xff\xff\xff\xff\xff\xff\xff\xff"
   "\xff\xff\xff\xff\xff\xff\xff\xff\xff\xff"
   "\xff\xff\xff\xff\xff\xff\xff\xff\xff\xff"
   "\xff\xff\xff\xff\xff\xff\xff\xff\xff\xff"
   "\xff\xff\xff\xff\xff\xff\xff\xff\xff\xff"
   "\xff\xff\xff\xff\xff\xff\xff\xff\xff\xff"
   "\xff\xff\xff\xff\xff\xff\xff\xff\xff\xff"
   "\xff\xff\xff\xff\xff\xff\xff\xff\xff\xff"
   "\xff\xff\xff\xff\xff\xff\xff\xff\xff\xff"
   "\xff\xff\xff\xff\xff\xff\xff\xff\xff\xff"
   "\xff\xff\xff\xff\xff\xff\xff\xff\xff\xff"
   "\xff\xff\xff\xff\xff\xff\xff\xff\xff\xff"
   "\xff\xff\xff\xff\xff\xff\xff\xff\xff\xff"
   "\xff\xff\xff\xff\xff\xff\xff\xff\xff\xff"
   "\xff\xff\xff\xff\xff\xff\xff\xff\xff\xff"
   "\xff\xff\xff\xff\xff\xff\xff\xff\xff\xff"
   "\xff\xff\xff\xff\xff\xff\xff\xff\xff\xff"
   "\xff\xff\xff\xff\xff\xff\xff\xff\xff\xff"
   "\xff\xff\xff\xff\xff\xff\xff\xff\xff\xff"
   "\xff\xff\xff\xff\xff\xff\xff\xff\xff\xff"
   "\xff\xff\xff\xff\xff\xff\xff\xff\xff\xff"
   "\xff\xff\xff\xff\xff\xff\xff\xff\xff\xff"
   "\xff\xff\xff\xff\xff\xff\xff\xff\xff\xff"
   "\xff\xff\xff\xff\xff\xff\xff\xff\xff\xff"
   "\xff\xff\xff\xff\xff\xff\xff\xff\xff\xff"
   "\x7d\xef\x55\xad\x00\x00\x00\x00\x00\x00"
   "\x00\x00\x00\x00\x00\x00\x00\x00\x00\x00"
   "\x00\x00\x00\x00\x00\x00\x00\x00\x00\x00"
   "\x00\x00\x00\x00\x00\x00\x00\x00\x6d\x6b"
   "\x38\xc6\xff\xff\xff\xff\xff\xff\xff\xff"
   "\xff\xff\xff\xff\xff\xff\xff\xff\xff\xff"
   "\xff\xff\xff\xff\xff\xff\xff\xff\xff\xff"
   "\xff\xff\xff\xff\xff\xff\xff\xff\xff\xff"
   "\xff\xff\xff\xff\xff\xff\xff\xff\xff\xff"
   "\xff\xff\xff\xff\xff\xff\xff\xff\xff\xff"
   "\xff\xff\xff\xff\xff\xff\xff\xff\xff\xff"
   "\xff\xff\xff\xff\xff\xff\xff\xff\xff\xff"
   "\xff\xff\xff\xff\xff\xff\xff\xff\xff\xff"
   "\xff\xff\xff\xff\xff\xff\xff\xff\xff\xff"
   "\xff\xff\xff\xff\xff\xff\xff\xff\xff\xff"
   "\xff\xff\xff\xff\xff\xff\xff\xff\xff\xff"
   "\xff\xff\xff\xff\xff\xff\xff\xff\xff\xff"
   "\xff\xff\xff\xff\xff\xff\xff\xff\xff\xff"
   "\xff\xff\xff\xff\xff\xff\xff\xff\xff\xff"
   "\xff\xff\xff\xff\xff\xff\xff\xff\xff\xff"
   "\xff\xff\xff\xff\xff\xff\xff\xff\xff\xff"
   "\xff\xff\xff\xff\xff\xff\xff\xff\xff\xff"
   "\xff\xff\xff\xff\xff\xff\xff\xff\xff\xff"
   "\xff\xff\xff\xff\xff\xff\xff\xff\xff\xff"
   "\xff\xff\xff\xff\xff\xff\xff\xff\xff\xff"
   "\xff\xff\xff\xff\xff\xff\xff\xff\xff\xff"
   "\xff\xff\xff\xff\xff\xff\xff\xff\xff\xff"
   "\xff\xff\xff\xff\xff\xff\xff\xff\xff\xff"
   "\xff\xff\xff\xff\xff\xff\xff\xff\xff\xff"
   "\xff\xff\xff\xff\xff\xff\xff\xff\xff\xff"
   "\xff\xff\xff\xff\xff\xff\xff\xff\xff\xff"
   "\xff\xff\xff\xff\xff\xff\xff\xff\x38\xc6"
   "\x6d\x6b\x00\x00\x00\x00\x00\x00\x00\x00"
   "\x00\x00\x00\x00\x00\x00\x00\x00\x00\x00"
   "\x00\x00\x00\x00\x00\x00\x00\x00\x00\x00"
   "\x00\x00\x00\x00\x00\x00\x00\x00\x00\x00"
   "\x00\x00\x8e\x73\x17\xbe\x7d\xef\xff\xff"
   "\xff\xff\xff\xff\xff\xff\xff\xff\xff\xff"
   "\xff\xff\xff\xff\xff\xff\xff\xff\xff\xff"
   "\xff\xff\xff\xff\xff\xff\xff\xff\xff\xff"
   "\xff\xff\xff\xff\xff\xff\xff\xff\xff\xff"
   "\xff\xff\xff\xff\xff\xff\xff\xff\xff\xff"
   "\xff\xff\xff\xff\xff\xff\xff\xff\xff\xff"
   "\xff\xff\xff\xff\xff\xff\xff\xff\xff\xff"
   "\xff\xff\xff\xff\xff\xff\xff\xff\xff\xff"
   "\xff\xff\xff\xff\xff\xff\xff\xff\xff\xff"
   "\xff\xff\xff\xff\xff\xff\xff\xff\xff\xff"
   "\xff\xff\xff\xff\xff\xff\xff\xff\xff\xff"
   "\xff\xff\xff\xff\xff\xff\xff\xff\xff\xff"
   "\xff\xff\xff\xff\xff\xff\xff\xff\xff\xff"
   "\xff\xff\xff\xff\xff\xff\xff\xff\xff\xff"
   "\xff\xff\xff\xff\xff\xff\xff\xff\xff\xff"
   "\xff\xff\xff\xff\xff\xff\xff\xff\xff\xff"
   "\xff\xff\xff\xff\xff\xff\xff\xff\xff\xff"
   "\xff\xff\xff\xff\xff\xff\xff\xff\xff\xff"
   "\xff\xff\xff\xff\xff\xff\xff\xff\xff\xff"
   "\xff\xff\xff\xff\xff\xff\xff\xff\xff\xff"
   "\xff\xff\xff\xff\xff\xff\xff\xff\xff\xff"
   "\xff\xff\xff\xff\xff\xff\xff\xff\xff\xff"
   "\xff\xff\xff\xff\xff\xff\xff\xff\xff\xff"
   "\xff\xff\xff\xff\xff\xff\xff\xff\xff\xff"
   "\xff\xff\xff\xff\xff\xff\xff\xff\xff\xff"
   "\xff\xff\xff\xff\xff\xff\xff\xff\xff\xff"
   "\xff\xff\x7d\xef\x17\xbe\x8e\x73\x00\x00"
   "\x00\x00\x00\x00\x00\x00\x00\x00\x00\x00"
   "\x00\x00\x00\x00\x00\x00\x00\x00\x00\x00"
   "\x00\x00\x00\x00\x00\x00\x00\x00\x00\x00"
   "\x00\x00\x00\x00\x00\x00\x00\x00\x00\x00"
   "\x00\x00\x00\x00\x00\x00\x00\x00\x51\x8c"
   "\xd6\xb5\xba\xd6\x5d\xef\xbe\xf7\xff\xff"
   "\xff\xff\xff\xff\xff\xff\xff\xff\xff\xff"
   "\xff\xff\xff\xff\xff\xff\xff\xff\xff\xff"
   "\xff\xff\xff\xff\xff\xff\xff\xff\xff\xff"
   "\xff\xff\xff\xff\xff\xff\xff\xff\xff\xff"
   "\xff\xff\xff\xff\xff\xff\xff\xff\xff\xff"
   "\xff\xff\xff\xff\xff\xff\xff\xff\xff\xff"
   "\xff\xff\xff\xff\xff\xff\xff\xff\xff\xff"
   "\xff\xff\xff\xff\xff\xff\xff\xff\xff\xff"
   "\xff\xff\xff\xff\xff\xff\xff\xff\xff\xff"
   "\xff\xff\xff\xff\xff\xff\xff\xff\xff\xff"
   "\xff\xff\xff\xff\xff\xff\xff\xff\xff\xff"
   "\xff\xff\xff\xff\xff\xff\xff\xff\xff\xff"
   "\xff\xff\xff\xff\xff\xff\xff\xff\xff\xff"
   "\xff\xff\xff\xff\xff\xff\xff\xff\xff\xff"
   "\xff\xff\xff\xff\xff\xff\xff\xff\xff\xff"
   "\xff\xff\xff\xff\xff\xff\xff\xff\xff\xff"
   "\xff\xff\xff\xff\xff\xff\xff\xff\xff\xff"
   "\xff\xff\xff\xff\xff\xff\xff\xff\xff\xff"
   "\xff\xff\xff\xff\xff\xff\xff\xff\xff\xff"
   "\xff\xff\xff\xff\xff\xff\xff\xff\xff\xff"
   "\xff\xff\xff\xff\xff\xff\xff\xff\xff\xff"
   "\xff\xff\xff\xff\xff\xff\xff\xff\xff\xff"
   "\xff\xff\xff\xff\xff\xff\xff\xff\xff\xff"
   "\xff\xff\xff\xff\xff\xff\xff\xff\xff\xff"
   "\xff\xff\xbe\xf7\x5d\xef\xba\xd6\xd6\xb5"
   "\x51\x8c\x00\x00\x00\x00\x00\x00\x00\x00"
   "\x00\x00\x00\x00\x00\x00\x00\x00\x00\x00"
   "\x00\x00\x00\x00\x00\x00\x00\x00\x00\x00"
;

extern const struct BmpImage icon_jam = {
  160, 160, 2,
  icon_jam_data
};

#endif // BMP_ICON_JAM_H_
