#ifndef BMP_ICON_CHOC_H_
#define BMP_ICON_CHOC_H_

#include "../BmpImage.h"

extern const char icon_choc_data[] PROGMEM =
   "\x00\x00\x00\x00\x00\x00\x00\x00\x00\x00"
   "\x00\x00\x00\x00\x00\x00\x00\x00\x00\x00"
   "\x00\x00\x00\x00\x00\x00\x00\x00\x51\x8c"
   "\xd6\xb5\xba\xd6\x5d\xef\xbe\xf7\xff\xff"
   "\xff\xff\xff\xff\xff\xff\xff\xff\xff\xff"
   "\xff\xff\xff\xff\xff\xff\xff\xff\xff\xff"
   "\xff\xff\xff\xff\xff\xff\xff\xff\xff\xff"
   "\xff\xff\xff\xff\xff\xff\xff\xff\xff\xff"
   "\xff\xff\xff\xff\xff\xff\xff\xff\xff\xff"
   "\xff\xff\xff\xff\xff\xff\xff\xff\xff\xff"
   "\xff\xff\xff\xff\xff\xff\xff\xff\xff\xff"
   "\xff\xff\xff\xff\xff\xff\xff\xff\xff\xff"
   "\xff\xff\xff\xff\xff\xff\xff\xff\xff\xff"
   "\xff\xff\xff\xff\xff\xff\xff\xff\xff\xff"
   "\xff\xff\xff\xff\xff\xff\xff\xff\xff\xff"
   "\xff\xff\xff\xff\xff\xff\xff\xff\xff\xff"
   "\xff\xff\xff\xff\xff\xff\xff\xff\xff\xff"
   "\xff\xff\xff\xff\xff\xff\xff\xff\xff\xff"
   "\xff\xff\xff\xff\xff\xff\xff\xff\xff\xff"
   "\xff\xff\xff\xff\xff\xff\xff\xff\xff\xff"
   "\xff\xff\xff\xff\xff\xff\xff\xff\xff\xff"
   "\xff\xff\xff\xff\xff\xff\xff\xff\xff\xff"
   "\xff\xff\xff\xff\xff\xff\xff\xff\xff\xff"
   "\xff\xff\xff\xff\xff\xff\xff\xff\xff\xff"
   "\xff\xff\xff\xff\xff\xff\xff\xff\xff\xff"
   "\xff\xff\xff\xff\xff\xff\xff\xff\xff\xff"
   "\xff\xff\xff\xff\xff\xff\xff\xff\xff\xff"
   "\xff\xff\xff\xff\xff\xff\xff\xff\xff\xff"
   "\xff\xff\xbe\xf7\x5d\xef\xba\xd6\xd6\xb5"
   "\x51\x8c\x00\x00\x00\x00\x00\x00\x00\x00"
   "\x00\x00\x00\x00\x00\x00\x00\x00\x00\x00"
   "\x00\x00\x00\x00\x00\x00\x00\x00\x00\x00"
   "\x00\x00\x00\x00\x00\x00\x00\x00\x00\x00"
   "\x00\x00\x00\x00\x00\x00\x00\x00\x00\x00"
   "\x00\x00\x8e\x73\x17\xbe\x7d\xef\xff\xff"
   "\xff\xff\xff\xff\xff\xff\xff\xff\xff\xff"
   "\xff\xff\xff\xff\xff\xff\xff\xff\xff\xff"
   "\xff\xff\xff\xff\xff\xff\xff\xff\xff\xff"
   "\xff\xff\xff\xff\xff\xff\xff\xff\xff\xff"
   "\xff\xff\xff\xff\xff\xff\xff\xff\xff\xff"
   "\xff\xff\xff\xff\xff\xff\xff\xff\xff\xff"
   "\xff\xff\xff\xff\xff\xff\xff\xff\xff\xff"
   "\xff\xff\xff\xff\xff\xff\xff\xff\xff\xff"
   "\xff\xff\xff\xff\xff\xff\xff\xff\xff\xff"
   "\xff\xff\xff\xff\xff\xff\xff\xff\xff\xff"
   "\xff\xff\xff\xff\xff\xff\xff\xff\xff\xff"
   "\xff\xff\xff\xff\xff\xff\xff\xff\xff\xff"
   "\xff\xff\xff\xff\xff\xff\xff\xff\xff\xff"
   "\xff\xff\xff\xff\xff\xff\xff\xff\xff\xff"
   "\xff\xff\xff\xff\xff\xff\xff\xff\xff\xff"
   "\xff\xff\xff\xff\xff\xff\xff\xff\xff\xff"
   "\xff\xff\xff\xff\xff\xff\xff\xff\xff\xff"
   "\xff\xff\xff\xff\xff\xff\xff\xff\xff\xff"
   "\xff\xff\xff\xff\xff\xff\xff\xff\xff\xff"
   "\xff\xff\xff\xff\xff\xff\xff\xff\xff\xff"
   "\xff\xff\xff\xff\xff\xff\xff\xff\xff\xff"
   "\xff\xff\xff\xff\xff\xff\xff\xff\xff\xff"
   "\xff\xff\xff\xff\xff\xff\xff\xff\xff\xff"
   "\xff\xff\xff\xff\xff\xff\xff\xff\xff\xff"
   "\xff\xff\xff\xff\xff\xff\xff\xff\xff\xff"
   "\xff\xff\xff\xff\xff\xff\xff\xff\xff\xff"
   "\xff\xff\x7d\xef\x17\xbe\x8e\x73\x00\x00"
   "\x00\x00\x00\x00\x00\x00\x00\x00\x00\x00"
   "\x00\x00\x00\x00\x00\x00\x00\x00\x00\x00"
   "\x00\x00\x00\x00\x00\x00\x00\x00\x00\x00"
   "\x00\x00\x00\x00\x00\x00\x00\x00\x6d\x6b"
   "\x38\xc6\xff\xff\xff\xff\xff\xff\xff\xff"
   "\xff\xff\xff\xff\xff\xff\xff\xff\xff\xff"
   "\xff\xff\xff\xff\xff\xff\xff\xff\xff\xff"
   "\xff\xff\xff\xff\xff\xff\xff\xff\xff\xff"
   "\xff\xff\xff\xff\xff\xff\xff\xff\xff\xff"
   "\xff\xff\xff\xff\xff\xff\xff\xff\xff\xff"
   "\xff\xff\xff\xff\xff\xff\xff\xff\xff\xff"
   "\xff\xff\xff\xff\xff\xff\xff\xff\xff\xff"
   "\xff\xff\xff\xff\xff\xff\xff\xff\xff\xff"
   "\xff\xff\xff\xff\xff\xff\xff\xff\xff\xff"
   "\xff\xff\xff\xff\xff\xff\xff\xff\xff\xff"
   "\xff\xff\xff\xff\xff\xff\xff\xff\xff\xff"
   "\xff\xff\xff\xff\xff\xff\xff\xff\xff\xff"
   "\xff\xff\xff\xff\xff\xff\xff\xff\xff\xff"
   "\xff\xff\xff\xff\xff\xff\xff\xff\xff\xff"
   "\xff\xff\xff\xff\xff\xff\xff\xff\xff\xff"
   "\xff\xff\xff\xff\xff\xff\xff\xff\xff\xff"
   "\xff\xff\xff\xff\xff\xff\xff\xff\xff\xff"
   "\xff\xff\xff\xff\xff\xff\xff\xff\xff\xff"
   "\xff\xff\xff\xff\xff\xff\xff\xff\xff\xff"
   "\xff\xff\xff\xff\xff\xff\xff\xff\xff\xff"
   "\xff\xff\xff\xff\xff\xff\xff\xff\xff\xff"
   "\xff\xff\xff\xff\xff\xff\xff\xff\xff\xff"
   "\xff\xff\xff\xff\xff\xff\xff\xff\xff\xff"
   "\xff\xff\xff\xff\xff\xff\xff\xff\xff\xff"
   "\xff\xff\xff\xff\xff\xff\xff\xff\xff\xff"
   "\xff\xff\xff\xff\xff\xff\xff\xff\xff\xff"
   "\xff\xff\xff\xff\xff\xff\xff\xff\x38\xc6"
   "\x6d\x6b\x00\x00\x00\x00\x00\x00\x00\x00"
   "\x00\x00\x00\x00\x00\x00\x00\x00\x00\x00"
   "\x00\x00\x00\x00\x00\x00\x00\x00\x00\x00"
   "\x00\x00\x00\x00\x00\x00\x55\xad\x7d\xef"
   "\xff\xff\xff\xff\xff\xff\xff\xff\xff\xff"
   "\xff\xff\xff\xff\xff\xff\xff\xff\xff\xff"
   "\xff\xff\xff\xff\xff\xff\xff\xff\xff\xff"
   "\xff\xff\xff\xff\xff\xff\xff\xff\xff\xff"
   "\xff\xff\xff\xff\xff\xff\xff\xff\xff\xff"
   "\xff\xff\xff\xff\xff\xff\xff\xff\xff\xff"
   "\xff\xff\xff\xff\xff\xff\xff\xff\xff\xff"
   "\xff\xff\xff\xff\xff\xff\xff\xff\xff\xff"
   "\xff\xff\xff\xff\xff\xff\xff\xff\xff\xff"
   "\xff\xff\xff\xff\xff\xff\xff\xff\xff\xff"
   "\xff\xff\xff\xff\xff\xff\xff\xff\xff\xff"
   "\xff\xff\xff\xff\xff\xff\xff\xff\xff\xff"
   "\xff\xff\xff\xff\xff\xff\xff\xff\xff\xff"
   "\xff\xff\xff\xff\xff\xff\xff\xff\xff\xff"
   "\xff\xff\xff\xff\xff\xff\xff\xff\xff\xff"
   "\xff\xff\xff\xff\xff\xff\xff\xff\xff\xff"
   "\xff\xff\xff\xff\xff\xff\xff\xff\xff\xff"
   "\xff\xff\xff\xff\xff\xff\xff\xff\xff\xff"
   "\xff\xff\xff\xff\xff\xff\xff\xff\xff\xff"
   "\xff\xff\xff\xff\xff\xff\xff\xff\xff\xff"
   "\xff\xff\xff\xff\xff\xff\xff\xff\xff\xff"
   "\xff\xff\xff\xff\xff\xff\xff\xff\xff\xff"
   "\xff\xff\xff\xff\xff\xff\xff\xff\xff\xff"
   "\xff\xff\xff\xff\xff\xff\xff\xff\xff\xff"
   "\xff\xff\xff\xff\xff\xff\xff\xff\xff\xff"
   "\xff\xff\xff\xff\xff\xff\xff\xff\xff\xff"
   "\xff\xff\xff\xff\xff\xff\xff\xff\xff\xff"
   "\xff\xff\xff\xff\xff\xff\xff\xff\xff\xff"
   "\x7d\xef\x55\xad\x00\x00\x00\x00\x00\x00"
   "\x00\x00\x00\x00\x00\x00\x00\x00\x00\x00"
   "\x00\x00\x00\x00\x00\x00\x00\x00\x00\x00"
   "\x00\x00\x8a\x52\x38\xc6\xff\xff\xff\xff"
   "\xff\xff\xff\xff\xff\xff\xff\xff\xff\xff"
   "\xff\xff\xff\xff\xff\xff\xff\xff\xff\xff"
   "\xff\xff\xff\xff\xff\xff\xff\xff\xff\xff"
   "\xff\xff\xff\xff\xff\xff\xff\xff\xff\xff"
   "\xff\xff\xff\xff\xff\xff\xff\xff\xff\xff"
   "\xff\xff\xff\xff\xff\xff\xff\xff\xff\xff"
   "\xff\xff\xff\xff\xff\xff\xff\xff\xff\xff"
   "\xff\xff\xff\xff\xff\xff\xff\xff\xff\xff"
   "\xff\xff\xff\xff\xff\xff\xff\xff\xff\xff"
   "\xff\xff\xff\xff\xff\xff\xff\xff\xff\xff"
   "\xff\xff\xff\xff\xff\xff\xff\xff\xff\xff"
   "\xff\xff\xff\xff\xff\xff\xff\xff\xff\xff"
   "\xff\xff\xff\xff\xff\xff\xff\xff\xff\xff"
   "\xff\xff\xff\xff\xff\xff\xff\xff\xff\xff"
   "\xff\xff\xff\xff\xff\xff\xff\xff\xff\xff"
   "\xff\xff\xff\xff\xff\xff\xff\xff\xff\xff"
   "\xff\xff\xff\xff\xff\xff\xff\xff\xff\xff"
   "\xff\xff\xff\xff\xff\xff\xff\xff\xff\xff"
   "\xff\xff\xff\xff\xff\xff\xff\xff\xff\xff"
   "\xff\xff\xff\xff\xff\xff\xff\xff\xff\xff"
   "\xff\xff\xff\xff\xff\xff\xff\xff\xff\xff"
   "\xff\xff\xff\xff\xff\xff\xff\xff\xff\xff"
   "\xff\xff\xff\xff\xff\xff\xff\xff\xff\xff"
   "\xff\xff\xff\xff\xff\xff\xff\xff\xff\xff"
   "\xff\xff\xff\xff\xff\xff\xff\xff\xff\xff"
   "\xff\xff\xff\xff\xff\xff\xff\xff\xff\xff"
   "\xff\xff\xff\xff\xff\xff\xff\xff\xff\xff"
   "\xff\xff\xff\xff\xff\xff\xff\xff\xff\xff"
   "\xff\xff\xff\xff\x38\xc6\x8a\x52\x00\x00"
   "\x00\x00\x00\x00\x00\x00\x00\x00\x00\x00"
   "\x00\x00\x00\x00\x00\x00\x00\x00\x00\x00"
   "\x4d\x6b\x99\xce\xff\xff\xff\xff\xff\xff"
   "\xff\xff\xff\xff\xff\xff\xff\xff\xff\xff"
   "\xff\xff\xff\xff\xff\xff\xff\xff\xff\xff"
   "\xff\xff\xff\xff\xff\xff\xff\xff\xff\xff"
   "\xff\xff\xff\xff\xff\xff\xff\xff\xff\xff"
   "\xff\xff\xff\xff\xff\xff\xff\xff\xff\xff"
   "\xff\xff\xff\xff\xff\xff\xff\xff\xff\xff"
   "\xff\xff\xff\xff\xff\xff\xff\xff\xff\xff"
   "\xff\xff\xff\xff\xff\xff\xff\xff\xff\xff"
   "\xff\xff\xff\xff\xff\xff\xff\xff\xff\xff"
   "\xff\xff\xff\xff\xff\xff\xff\xff\xff\xff"
   "\xff\xff\xff\xff\xff\xff\xff\xff\xff\xff"
   "\xff\xff\xff\xff\xff\xff\xff\xff\xff\xff"
   "\xff\xff\xff\xff\xff\xff\xff\xff\xff\xff"
   "\xff\xff\xff\xff\xff\xff\xff\xff\xff\xff"
   "\xff\xff\xff\xff\xff\xff\xff\xff\xff\xff"
   "\xff\xff\xff\xff\xff\xff\xff\xff\xff\xff"
   "\xff\xff\xff\xff\xff\xff\xff\xff\xff\xff"
   "\xff\xff\xff\xff\xff\xff\xff\xff\xff\xff"
   "\xff\xff\xff\xff\xff\xff\xff\xff\xff\xff"
   "\xff\xff\xff\xff\xff\xff\xff\xff\xff\xff"
   "\xff\xff\xff\xff\xff\xff\xff\xff\xff\xff"
   "\xff\xff\xff\xff\xff\xff\xff\xff\xff\xff"
   "\xff\xff\xff\xff\xff\xff\xff\xff\xff\xff"
   "\xff\xff\xff\xff\xff\xff\xff\xff\xff\xff"
   "\xff\xff\xff\xff\xff\xff\xff\xff\xff\xff"
   "\xff\xff\xff\xff\xff\xff\xff\xff\xff\xff"
   "\xff\xff\xff\xff\xff\xff\xff\xff\xff\xff"
   "\xff\xff\xff\xff\xff\xff\xff\xff\xff\xff"
   "\xff\xff\xff\xff\xff\xff\x99\xce\x4d\x6b"
   "\x00\x00\x00\x00\x00\x00\x00\x00\x00\x00"
   "\x00\x00\x00\x00\x00\x00\x00\x00\x8a\x52"
   "\x99\xce\xff\xff\xff\xff\xff\xff\xff\xff"
   "\xff\xff\xff\xff\xff\xff\xff\xff\xff\xff"
   "\xff\xff\xff\xff\xff\xff\xff\xff\xff\xff"
   "\xff\xff\xff\xff\xff\xff\xff\xff\xff\xff"
   "\xff\xff\xff\xff\xff\xff\xff\xff\xff\xff"
   "\xff\xff\xff\xff\xff\xff\xff\xff\xff\xff"
   "\xff\xff\xff\xff\xff\xff\xff\xff\xff\xff"
   "\xff\xff\xff\xff\xff\xff\xff\xff\xff\xff"
   "\xff\xff\xff\xff\xff\xff\xff\xff\xff\xff"
   "\xff\xff\xff\xff\xff\xff\xff\xff\xff\xff"
   "\xff\xff\xff\xff\xff\xff\xff\xff\xff\xff"
   "\xff\xff\xff\xff\xff\xff\xff\xff\xff\xff"
   "\xff\xff\xff\xff\xff\xff\xff\xff\xff\xff"
   "\xff\xff\xff\xff\xff\xff\xff\xff\xff\xff"
   "\xff\xff\x9e\xf7\x92\x9c\x00\x28\x34\xad"
   "\xdf\xff\xff\xff\xff\xff\xff\xff\xff\xff"
   "\xff\xff\xff\xff\xff\xff\xff\xff\xff\xff"
   "\xff\xff\xff\xff\xff\xff\xff\xff\xff\xff"
   "\xff\xff\xff\xff\xff\xff\xff\xff\xff\xff"
   "\xff\xff\xff\xff\xff\xff\xff\xff\xff\xff"
   "\xff\xff\xff\xff\xff\xff\xff\xff\xff\xff"
   "\xff\xff\xff\xff\xff\xff\xff\xff\xff\xff"
   "\xff\xff\xff\xff\xff\xff\xff\xff\xff\xff"
   "\xff\xff\xff\xff\xff\xff\xff\xff\xff\xff"
   "\xff\xff\xff\xff\xff\xff\xff\xff\xff\xff"
   "\xff\xff\xff\xff\xff\xff\xff\xff\xff\xff"
   "\xff\xff\xff\xff\xff\xff\xff\xff\xff\xff"
   "\xff\xff\xff\xff\xff\xff\xff\xff\xff\xff"
   "\xff\xff\xff\xff\xff\xff\xff\xff\xff\xff"
   "\xff\xff\xff\xff\xff\xff\xff\xff\x99\xce"
   "\x8a\x52\x00\x00\x00\x00\x00\x00\x00\x00"
   "\x00\x00\x00\x00\x00\x00\x00\x00\x38\xc6"
   "\xff\xff\xff\xff\xff\xff\xff\xff\xff\xff"
   "\xff\xff\xff\xff\xff\xff\xff\xff\xff\xff"
   "\xff\xff\xff\xff\xff\xff\xff\xff\xff\xff"
   "\xff\xff\xff\xff\xff\xff\xff\xff\xff\xff"
   "\xff\xff\xff\xff\xff\xff\xff\xff\xff\xff"
   "\xff\xff\xff\xff\xff\xff\xff\xff\xff\xff"
   "\xff\xff\xff\xff\xff\xff\xff\xff\xff\xff"
   "\xff\xff\xff\xff\xff\xff\xff\xff\xff\xff"
   "\xff\xff\xff\xff\xff\xff\xff\xff\xff\xff"
   "\xff\xff\xff\xff\xff\xff\xff\xff\xff\xff"
   "\xff\xff\xff\xff\xff\xff\xff\xff\xff\xff"
   "\xff\xff\xff\xff\xff\xff\xff\xff\xff\xff"
   "\xff\xff\xff\xff\xff\xff\xff\xff\xff\xff"
   "\xff\xff\xff\xff\xff\xff\xff\xff\x9e\xf7"
   "\x9a\xd6\x00\x20\x00\x08\x05\x30\x6a\x52"
   "\xba\xd6\xff\xff\xff\xff\xff\xff\xff\xff"
   "\xff\xff\xff\xff\xff\xff\xff\xff\xff\xff"
   "\xff\xff\xff\xff\xff\xff\xff\xff\xff\xff"
   "\xff\xff\xff\xff\xff\xff\xff\xff\xff\xff"
   "\xff\xff\xff\xff\xff\xff\xff\xff\xff\xff"
   "\xff\xff\xff\xff\xff\xff\xff\xff\xff\xff"
   "\xff\xff\xff\xff\xff\xff\xff\xff\xff\xff"
   "\xff\xff\xff\xff\xff\xff\xff\xff\xff\xff"
   "\xff\xff\xff\xff\xff\xff\xff\xff\xff\xff"
   "\xff\xff\xff\xff\xff\xff\xff\xff\xff\xff"
   "\xff\xff\xff\xff\xff\xff\xff\xff\xff\xff"
   "\xff\xff\xff\xff\xff\xff\xff\xff\xff\xff"
   "\xff\xff\xff\xff\xff\xff\xff\xff\xff\xff"
   "\xff\xff\xff\xff\xff\xff\xff\xff\xff\xff"
   "\xff\xff\xff\xff\xff\xff\xff\xff\xff\xff"
   "\x38\xc6\x00\x00\x00\x00\x00\x00\x00\x00"
   "\x00\x00\x00\x00\x00\x00\x55\xad\xff\xff"
   "\xff\xff\xff\xff\xff\xff\xff\xff\xff\xff"
   "\xff\xff\xff\xff\xff\xff\xff\xff\xff\xff"
   "\xff\xff\xff\xff\xff\xff\xff\xff\xff\xff"
   "\xff\xff\xff\xff\xff\xff\xff\xff\xff\xff"
   "\xff\xff\xff\xff\xff\xff\xff\xff\xff\xff"
   "\xff\xff\xff\xff\xff\xff\xff\xff\xff\xff"
   "\xff\xff\xff\xff\xff\xff\xff\xff\xff\xff"
   "\xff\xff\xff\xff\xff\xff\xff\xff\xff\xff"
   "\xff\xff\xff\xff\xff\xff\xff\xff\xff\xff"
   "\xff\xff\xff\xff\xff\xff\xff\xff\xff\xff"
   "\xff\xff\xff\xff\xff\xff\xff\xff\xff\xff"
   "\xff\xff\xff\xff\xff\xff\xff\xff\xff\xff"
   "\xff\xff\xff\xff\xff\xff\xff\xff\xff\xff"
   "\xff\xff\xff\xff\xff\xff\x5d\xef\xf0\x8b"
   "\x00\x00\x05\x38\xa7\x48\x66\x38\x01\x20"
   "\xed\x72\x9e\xf7\xff\xff\xff\xff\xff\xff"
   "\xff\xff\xff\xff\xff\xff\xff\xff\xff\xff"
   "\xff\xff\xff\xff\xff\xff\xff\xff\xff\xff"
   "\xff\xff\xff\xff\xff\xff\xff\xff\xff\xff"
   "\xff\xff\xff\xff\xff\xff\xff\xff\xff\xff"
   "\xff\xff\xff\xff\xff\xff\xff\xff\xff\xff"
   "\xff\xff\xff\xff\xff\xff\xff\xff\xff\xff"
   "\xff\xff\xff\xff\xff\xff\xff\xff\xff\xff"
   "\xff\xff\xff\xff\xff\xff\xff\xff\xff\xff"
   "\xff\xff\xff\xff\xff\xff\xff\xff\xff\xff"
   "\xff\xff\xff\xff\xff\xff\xff\xff\xff\xff"
   "\xff\xff\xff\xff\xff\xff\xff\xff\xff\xff"
   "\xff\xff\xff\xff\xff\xff\xff\xff\xff\xff"
   "\xff\xff\xff\xff\xff\xff\xff\xff\xff\xff"
   "\xff\xff\xff\xff\xff\xff\xff\xff\xff\xff"
   "\xff\xff\x55\xad\x00\x00\x00\x00\x00\x00"
   "\x00\x00\x00\x00\x6d\x6b\x7d\xef\xff\xff"
   "\xff\xff\xff\xff\xff\xff\xff\xff\xff\xff"
   "\xff\xff\xff\xff\xff\xff\xff\xff\xff\xff"
   "\xff\xff\xff\xff\xff\xff\xff\xff\xff\xff"
   "\xff\xff\xff\xff\xff\xff\xff\xff\xff\xff"
   "\xff\xff\xff\xff\xff\xff\xff\xff\xff\xff"
   "\xff\xff\xff\xff\xff\xff\xff\xff\xff\xff"
   "\xff\xff\xff\xff\xff\xff\xff\xff\xff\xff"
   "\xff\xff\xff\xff\xff\xff\xff\xff\xff\xff"
   "\xff\xff\xff\xff\xff\xff\xff\xff\xff\xff"
   "\xff\xff\xff\xff\xff\xff\xff\xff\xff\xff"
   "\xff\xff\xff\xff\xff\xff\xff\xff\xff\xff"
   "\xff\xff\xff\xff\xff\xff\xff\xff\xff\xff"
   "\xff\xff\xff\xff\xff\xff\xff\xff\xff\xff"
   "\xff\xff\xbe\xf7\x55\xb5\x8e\x73\x00\x08"
   "\x66\x40\x86\x40\x04\x20\x05\x28\x86\x40"
   "\x00\x00\x55\xad\xff\xff\xff\xff\xff\xff"
   "\xff\xff\xff\xff\xff\xff\xff\xff\xff\xff"
   "\xff\xff\xff\xff\xff\xff\xff\xff\xff\xff"
   "\xff\xff\xff\xff\xff\xff\xff\xff\xff\xff"
   "\xff\xff\xff\xff\xff\xff\xff\xff\xff\xff"
   "\xff\xff\xff\xff\xff\xff\xff\xff\xff\xff"
   "\xff\xff\xff\xff\xff\xff\xff\xff\xff\xff"
   "\xff\xff\xff\xff\xff\xff\xff\xff\xff\xff"
   "\xff\xff\xff\xff\xff\xff\xff\xff\xff\xff"
   "\xff\xff\xff\xff\xff\xff\xff\xff\xff\xff"
   "\xff\xff\xff\xff\xff\xff\xff\xff\xff\xff"
   "\xff\xff\xff\xff\xff\xff\xff\xff\xff\xff"
   "\xff\xff\xff\xff\xff\xff\xff\xff\xff\xff"
   "\xff\xff\xff\xff\xff\xff\xff\xff\xff\xff"
   "\xff\xff\xff\xff\xff\xff\xff\xff\xff\xff"
   "\xff\xff\x7d\xef\x6d\x6b\x00\x00\x00\x00"
   "\x00\x00\x00\x00\x38\xc6\xff\xff\xff\xff"
   "\xff\xff\xff\xff\xff\xff\xff\xff\xff\xff"
   "\xff\xff\xff\xff\xff\xff\xff\xff\xff\xff"
   "\xff\xff\xff\xff\xff\xff\xff\xff\xff\xff"
   "\xff\xff\xff\xff\xff\xff\xff\xff\xff\xff"
   "\xff\xff\xff\xff\xff\xff\xff\xff\xff\xff"
   "\xff\xff\xff\xff\xff\xff\xff\xff\xff\xff"
   "\xff\xff\xff\xff\xff\xff\xff\xff\xff\xff"
   "\xff\xff\xff\xff\xff\xff\xff\xff\xff\xff"
   "\xff\xff\xff\xff\xff\xff\xff\xff\xff\xff"
   "\xff\xff\xff\xff\xff\xff\xff\xff\xff\xff"
   "\xff\xff\xff\xff\xff\xff\xff\xff\xff\xff"
   "\xff\xff\xff\xff\xff\xff\xff\xff\xff\xff"
   "\xff\xff\xff\xff\xff\xff\xff\xff\xff\xff"
   "\x7a\xd6\x2c\x63\x04\x30\x04\x30\xa7\x40"
   "\x25\x28\x04\x00\x2d\xa3\x66\x48\x46\x38"
   "\x26\x40\x00\x00\xff\xff\xff\xff\xff\xff"
   "\xff\xff\xff\xff\xff\xff\xff\xff\xff\xff"
   "\xff\xff\xff\xff\xff\xff\xff\xff\xff\xff"
   "\xff\xff\xff\xff\xff\xff\xff\xff\xff\xff"
   "\xff\xff\xff\xff\xff\xff\xff\xff\xff\xff"
   "\xff\xff\xff\xff\xff\xff\xff\xff\xff\xff"
   "\xff\xff\xff\xff\xff\xff\xff\xff\xff\xff"
   "\xff\xff\xff\xff\xff\xff\xff\xff\xff\xff"
   "\xff\xff\xff\xff\xff\xff\xff\xff\xff\xff"
   "\xff\xff\xff\xff\xff\xff\xff\xff\xff\xff"
   "\xff\xff\xff\xff\xff\xff\xff\xff\xff\xff"
   "\xff\xff\xff\xff\xff\xff\xff\xff\xff\xff"
   "\xff\xff\xff\xff\xff\xff\xff\xff\xff\xff"
   "\xff\xff\xff\xff\xff\xff\xff\xff\xff\xff"
   "\xff\xff\xff\xff\xff\xff\xff\xff\xff\xff"
   "\xff\xff\xff\xff\x38\xc6\x00\x00\x00\x00"
   "\x00\x00\x8e\x73\xff\xff\xff\xff\xff\xff"
   "\xff\xff\xff\xff\xff\xff\xff\xff\xff\xff"
   "\xff\xff\xff\xff\xff\xff\xff\xff\xff\xff"
   "\xff\xff\xff\xff\xff\xff\xff\xff\xff\xff"
   "\xff\xff\xff\xff\xff\xff\xff\xff\xff\xff"
   "\xff\xff\xff\xff\xff\xff\xff\xff\xff\xff"
   "\xff\xff\xff\xff\xff\xff\xff\xff\xff\xff"
   "\xff\xff\xff\xff\xff\xff\xff\xff\xff\xff"
   "\xff\xff\xff\xff\xff\xff\xff\xff\xff\xff"
   "\xff\xff\xff\xff\xff\xff\xff\xff\xff\xff"
   "\xff\xff\xff\xff\xff\xff\xff\xff\xff\xff"
   "\xff\xff\xff\xff\xff\xff\xff\xff\xff\xff"
   "\xff\xff\xff\xff\xff\xff\xff\xff\xff\xff"
   "\xff\xff\xff\xff\xff\xff\xbe\xf7\x31\x94"
   "\x26\x39\x26\x38\x86\x38\x67\x38\x05\x18"
   "\x68\x61\xce\xb3\x8d\xb3\xcf\xb3\x04\x10"
   "\x86\x40\x05\x38\xa2\x28\xff\xff\xff\xff"
   "\xff\xff\xff\xff\xff\xff\xff\xff\xff\xff"
   "\xff\xff\xff\xff\xff\xff\xff\xff\xff\xff"
   "\xff\xff\xff\xff\xff\xff\xff\xff\xff\xff"
   "\xff\xff\xff\xff\xff\xff\xff\xff\xff\xff"
   "\xff\xff\xff\xff\xff\xff\xff\xff\xff\xff"
   "\xff\xff\xff\xff\xff\xff\xff\xff\xff\xff"
   "\xff\xff\xff\xff\xff\xff\xff\xff\xff\xff"
   "\xff\xff\xff\xff\xff\xff\xff\xff\xff\xff"
   "\xff\xff\xff\xff\xff\xff\xff\xff\xff\xff"
   "\xff\xff\xff\xff\xff\xff\xff\xff\xff\xff"
   "\xff\xff\xff\xff\xff\xff\xff\xff\xff\xff"
   "\xff\xff\xff\xff\xff\xff\xff\xff\xff\xff"
   "\xff\xff\xff\xff\xff\xff\xff\xff\xff\xff"
   "\xff\xff\xff\xff\xff\xff\xff\xff\xff\xff"
   "\xff\xff\xff\xff\xff\xff\x8e\x73\x00\x00"
   "\x00\x00\x17\xbe\xff\xff\xff\xff\xff\xff"
   "\xff\xff\xff\xff\xff\xff\xff\xff\xff\xff"
   "\xff\xff\xff\xff\xff\xff\xff\xff\xff\xff"
   "\xff\xff\xff\xff\xff\xff\xff\xff\xff\xff"
   "\xff\xff\xff\xff\xff\xff\xff\xff\xff\xff"
   "\xff\xff\xff\xff\xff\xff\xff\xff\xff\xff"
   "\xff\xff\xff\xff\xff\xff\xff\xff\xff\xff"
   "\xff\xff\xff\xff\xff\xff\xff\xff\xff\xff"
   "\xff\xff\xff\xff\xff\xff\xff\xff\xff\xff"
   "\xff\xff\xff\xff\xff\xff\xff\xff\xff\xff"
   "\xff\xff\xff\xff\xff\xff\xff\xff\xff\xff"
   "\xff\xff\xff\xff\xff\xff\xff\xff\xff\xff"
   "\xff\xff\xff\xff\xff\xff\xff\xff\xff\xff"
   "\xff\xff\xdf\xff\xfb\xde\x8e\x73\x00\x18"
   "\x45\x38\x86\x40\x87\x38\xa6\x40\xab\x8a"
   "\x0f\xc4\x4e\xab\xae\xb3\x47\x82\xe6\x50"
   "\x46\x38\x87\x40\x00\x10\xfb\xde\xff\xff"
   "\xff\xff\xff\xff\xff\xff\xff\xff\xff\xff"
   "\xff\xff\xff\xff\xff\xff\xff\xff\xff\xff"
   "\xff\xff\xff\xff\xff\xff\xff\xff\xff\xff"
   "\xff\xff\xff\xff\xff\xff\xff\xff\xff\xff"
   "\xff\xff\xff\xff\xff\xff\xff\xff\xff\xff"
   "\xff\xff\xff\xff\xff\xff\xff\xff\xff\xff"
   "\xff\xff\xff\xff\xff\xff\xff\xff\xff\xff"
   "\xff\xff\xff\xff\xff\xff\xff\xff\xff\xff"
   "\xff\xff\xff\xff\xff\xff\xff\xff\xff\xff"
   "\xff\xff\xff\xff\xff\xff\xff\xff\xff\xff"
   "\xff\xff\xff\xff\xff\xff\xff\xff\xff\xff"
   "\xff\xff\xff\xff\xff\xff\xff\xff\xff\xff"
   "\xff\xff\xff\xff\xff\xff\xff\xff\xff\xff"
   "\xff\xff\xff\xff\xff\xff\xff\xff\xff\xff"
   "\xff\xff\xff\xff\xff\xff\x17\xbe\x00\x00"
   "\x00\x00\x7d\xef\xff\xff\xff\xff\xff\xff"
   "\xff\xff\xff\xff\xff\xff\xff\xff\xff\xff"
   "\xff\xff\xff\xff\xff\xff\xff\xff\xff\xff"
   "\xff\xff\xff\xff\xff\xff\xff\xff\xff\xff"
   "\xff\xff\xff\xff\xff\xff\xff\xff\xff\xff"
   "\xff\xff\xff\xff\xff\xff\xff\xff\xff\xff"
   "\xff\xff\xff\xff\xff\xff\xff\xff\xff\xff"
   "\xff\xff\xff\xff\xff\xff\xff\xff\xff\xff"
   "\xff\xff\xff\xff\xff\xff\xff\xff\xff\xff"
   "\xff\xff\xff\xff\xff\xff\xff\xff\xff\xff"
   "\xff\xff\xff\xff\xff\xff\xff\xff\xff\xff"
   "\xff\xff\xff\xff\xff\xff\xff\xff\xff\xff"
   "\xff\xff\xff\xff\xff\xff\xff\xff\xff\xff"
   "\x3c\xef\xd4\xac\x00\x00\x03\x28\xa6\x40"
   "\x07\x38\x46\x38\x09\x6a\x6d\xab\xce\xbb"
   "\x8e\xb3\xcb\x9a\x45\x69\xe7\x79\x07\x7a"
   "\xa6\x40\x46\x40\x86\x40\x00\x00\xfc\xe6"
   "\xff\xff\xff\xff\xff\xff\xff\xff\xff\xff"
   "\xff\xff\xff\xff\xff\xff\xff\xff\xff\xff"
   "\xff\xff\xff\xff\xff\xff\xff\xff\xff\xff"
   "\xff\xff\xff\xff\xff\xff\xff\xff\xff\xff"
   "\xff\xff\xff\xff\xff\xff\xff\xff\xff\xff"
   "\xff\xff\xff\xff\xff\xff\xff\xff\xff\xff"
   "\xff\xff\xff\xff\xff\xff\xff\xff\xff\xff"
   "\xff\xff\xff\xff\xff\xff\xff\xff\xff\xff"
   "\xff\xff\xff\xff\xff\xff\xff\xff\xff\xff"
   "\xff\xff\xff\xff\xff\xff\xff\xff\xff\xff"
   "\xff\xff\xff\xff\xff\xff\xff\xff\xff\xff"
   "\xff\xff\xff\xff\xff\xff\xff\xff\xff\xff"
   "\xff\xff\xff\xff\xff\xff\xff\xff\xff\xff"
   "\xff\xff\xff\xff\xff\xff\xff\xff\xff\xff"
   "\xff\xff\xff\xff\xff\xff\x7d\xef\x00\x00"
   "\x51\x8c\xff\xff\xff\xff\xff\xff\xff\xff"
   "\xff\xff\xff\xff\xff\xff\xff\xff\xff\xff"
   "\xff\xff\xff\xff\xff\xff\xff\xff\xff\xff"
   "\xff\xff\xff\xff\xff\xff\xff\xff\xff\xff"
   "\xff\xff\xff\xff\xff\xff\xff\xff\xff\xff"
   "\xff\xff\xff\xff\xff\xff\xff\xff\xff\xff"
   "\xff\xff\xff\xff\xff\xff\xff\xff\xff\xff"
   "\xff\xff\xff\xff\xff\xff\xff\xff\xff\xff"
   "\xff\xff\xff\xff\xff\xff\xff\xff\xff\xff"
   "\xff\xff\xff\xff\xff\xff\xff\xff\xff\xff"
   "\xff\xff\xff\xff\xff\xff\xff\xff\xff\xff"
   "\xff\xff\xff\xff\xff\xff\xff\xff\xff\xff"
   "\xff\xff\xff\xff\xff\xff\x9e\xf7\x79\xce"
   "\xc9\x59\x00\x00\xa7\x40\x66\x38\x04\x20"
   "\xa8\x61\xab\x92\xce\xbb\xae\xb3\x0c\xa3"
   "\x28\x82\xa7\x71\xe7\x81\xe7\x79\xe7\x81"
   "\x87\x69\x66\x38\x86\x38\x26\x40\xf0\x83"
   "\xdf\xff\xff\xff\xff\xff\xff\xff\xff\xff"
   "\xff\xff\xff\xff\xff\xff\xff\xff\xff\xff"
   "\xff\xff\xff\xff\xff\xff\xff\xff\xff\xff"
   "\xff\xff\xff\xff\xff\xff\xff\xff\xff\xff"
   "\xff\xff\xff\xff\xff\xff\xff\xff\xff\xff"
   "\xff\xff\xff\xff\xff\xff\xff\xff\xff\xff"
   "\xff\xff\xff\xff\xff\xff\xff\xff\xff\xff"
   "\xff\xff\xff\xff\xff\xff\xff\xff\xff\xff"
   "\xff\xff\xff\xff\xff\xff\xff\xff\xff\xff"
   "\xff\xff\xff\xff\xff\xff\xff\xff\xff\xff"
   "\xff\xff\xff\xff\xff\xff\xff\xff\xff\xff"
   "\xff\xff\xff\xff\xff\xff\xff\xff\xff\xff"
   "\xff\xff\xff\xff\xff\xff\xff\xff\xff\xff"
   "\xff\xff\xff\xff\xff\xff\xff\xff\xff\xff"
   "\xff\xff\xff\xff\xff\xff\xff\xff\x51\x8c"
   "\xd6\xb5\xff\xff\xff\xff\xff\xff\xff\xff"
   "\xff\xff\xff\xff\xff\xff\xff\xff\xff\xff"
   "\xff\xff\xff\xff\xff\xff\xff\xff\xff\xff"
   "\xff\xff\xff\xff\xff\xff\xff\xff\xff\xff"
   "\xff\xff\xff\xff\xff\xff\xff\xff\xff\xff"
   "\xff\xff\xff\xff\xff\xff\xff\xff\xff\xff"
   "\xff\xff\xff\xff\xff\xff\xff\xff\xff\xff"
   "\xff\xff\xff\xff\xff\xff\xff\xff\xff\xff"
   "\xff\xff\xff\xff\xff\xff\xff\xff\xff\xff"
   "\xff\xff\xff\xff\xff\xff\xff\xff\xff\xff"
   "\xff\xff\xff\xff\xff\xff\xff\xff\xff\xff"
   "\xff\xff\xff\xff\xff\xff\xff\xff\xff\xff"
   "\xff\xff\xff\xff\xbb\xde\x31\x8c\x00\x18"
   "\x04\x30\xa7\x48\x04\x30\x05\x30\xab\x82"
   "\x8d\xb3\xce\xbb\x6d\xab\x6a\x8a\xe7\x79"
   "\xc7\x79\xe7\x79\xc7\x79\xe7\x79\xe8\x81"
   "\x07\x82\xc6\x50\x66\x38\x46\x38\x06\x39"
   "\xf8\xc5\xff\xff\xff\xff\xff\xff\xff\xff"
   "\xff\xff\xff\xff\xff\xff\xff\xff\xff\xff"
   "\xff\xff\xff\xff\xff\xff\xff\xff\xff\xff"
   "\xff\xff\xff\xff\xff\xff\xff\xff\xff\xff"
   "\xff\xff\xff\xff\xff\xff\xff\xff\xff\xff"
   "\xff\xff\xff\xff\xff\xff\xff\xff\xff\xff"
   "\xff\xff\xff\xff\xff\xff\xff\xff\xff\xff"
   "\xff\xff\xff\xff\xff\xff\xff\xff\xff\xff"
   "\xff\xff\xff\xff\xff\xff\xff\xff\xff\xff"
   "\xff\xff\xff\xff\xff\xff\xff\xff\xff\xff"
   "\xff\xff\xff\xff\xff\xff\xff\xff\xff\xff"
   "\xff\xff\xff\xff\xff\xff\xff\xff\xff\xff"
   "\xff\xff\xff\xff\xff\xff\xff\xff\xff\xff"
   "\xff\xff\xff\xff\xff\xff\xff\xff\xff\xff"
   "\xff\xff\xff\xff\xff\xff\xff\xff\xd6\xb5"
   "\xba\xd6\xff\xff\xff\xff\xff\xff\xff\xff"
   "\xff\xff\xff\xff\xff\xff\xff\xff\xff\xff"
   "\xff\xff\xff\xff\xff\xff\xff\xff\xff\xff"
   "\xff\xff\xff\xff\xff\xff\xff\xff\xff\xff"
   "\xff\xff\xff\xff\xff\xff\xff\xff\xff\xff"
   "\xff\xff\xff\xff\xff\xff\xff\xff\xff\xff"
   "\xff\xff\xff\xff\xff\xff\xff\xff\xff\xff"
   "\xff\xff\xff\xff\xff\xff\xff\xff\xff\xff"
   "\xff\xff\xff\xff\xff\xff\xff\xff\xff\xff"
   "\xff\xff\xff\xff\xff\xff\xff\xff\xff\xff"
   "\xff\xff\xff\xff\xff\xff\xff\xff\xff\xff"
   "\xff\xff\xff\xff\xff\xff\xff\xff\xff\xff"
   "\xff\xff\x14\xad\xe9\x49\x04\x30\x66\x38"
   "\xa7\x40\x04\x20\xa8\x59\x6d\xab\x8e\xb3"
   "\xcf\xbb\xcb\x9a\xc7\x71\xc7\x79\xc7\x79"
   "\xe7\x81\xe7\x79\xe7\x79\xc7\x79\xe7\x79"
   "\x07\x82\xc7\x79\x46\x38\xa7\x48\x04\x30"
   "\x8b\x62\xfc\xe6\xff\xff\xff\xff\xff\xff"
   "\xff\xff\xff\xff\xff\xff\xff\xff\xff\xff"
   "\xff\xff\xff\xff\xff\xff\xff\xff\xff\xff"
   "\xff\xff\xff\xff\xff\xff\xff\xff\xff\xff"
   "\xff\xff\xff\xff\xff\xff\xff\xff\xff\xff"
   "\xff\xff\xff\xff\xff\xff\xff\xff\xff\xff"
   "\xff\xff\xff\xff\xff\xff\xff\xff\xff\xff"
   "\xff\xff\xff\xff\xff\xff\xff\xff\xff\xff"
   "\xff\xff\xff\xff\xff\xff\xff\xff\xff\xff"
   "\xff\xff\xff\xff\xff\xff\xff\xff\xff\xff"
   "\xff\xff\xff\xff\xff\xff\xff\xff\xff\xff"
   "\xff\xff\xff\xff\xff\xff\xff\xff\xff\xff"
   "\xff\xff\xff\xff\xff\xff\xff\xff\xff\xff"
   "\xff\xff\xff\xff\xff\xff\xff\xff\xff\xff"
   "\xff\xff\xff\xff\xff\xff\xff\xff\xba\xd6"
   "\x5d\xef\xff\xff\xff\xff\xff\xff\xff\xff"
   "\xff\xff\xff\xff\xff\xff\xff\xff\xff\xff"
   "\xff\xff\xff\xff\xff\xff\xff\xff\xff\xff"
   "\xff\xff\xff\xff\xff\xff\xff\xff\xff\xff"
   "\xff\xff\xff\xff\xff\xff\xff\xff\xff\xff"
   "\xff\xff\xff\xff\xff\xff\xff\xff\xff\xff"
   "\xff\xff\xff\xff\xff\xff\xff\xff\xff\xff"
   "\xff\xff\xff\xff\xff\xff\xff\xff\xff\xff"
   "\xff\xff\xff\xff\xff\xff\xff\xff\xff\xff"
   "\xff\xff\xff\xff\xff\xff\xff\xff\xff\xff"
   "\xff\xff\xff\xff\xff\xff\xff\xff\xff\xff"
   "\xff\xff\xff\xff\xff\xff\xff\xff\x3c\xef"
   "\x05\x30\x85\x38\x46\x38\x66\x40\x86\x40"
   "\x04\x20\x4a\x82\xce\xbb\x8e\xb3\x4d\xab"
   "\xc7\x79\xc7\x79\xc7\x79\xc7\x79\xe7\x79"
   "\xe7\x79\xe7\x79\xe7\x79\xe7\x79\xe7\x79"
   "\xe7\x79\xe7\x81\x07\x51\x46\x38\x86\x40"
   "\x00\x00\x99\xd6\xff\xff\xff\xff\xff\xff"
   "\xff\xff\xff\xff\xff\xff\xff\xff\xff\xff"
   "\xff\xff\xff\xff\xff\xff\xff\xff\xff\xff"
   "\xff\xff\xff\xff\xff\xff\xff\xff\xff\xff"
   "\xff\xff\xff\xff\xff\xff\xff\xff\xff\xff"
   "\xff\xff\xff\xff\xff\xff\xff\xff\xff\xff"
   "\xff\xff\xff\xff\xff\xff\xff\xff\xff\xff"
   "\xff\xff\xff\xff\xff\xff\xff\xff\xff\xff"
   "\xff\xff\xff\xff\xff\xff\xff\xff\xff\xff"
   "\xff\xff\xff\xff\xff\xff\xff\xff\xff\xff"
   "\xff\xff\xff\xff\xff\xff\xff\xff\xff\xff"
   "\xff\xff\xff\xff\xff\xff\xff\xff\xff\xff"
   "\xff\xff\xff\xff\xff\xff\xff\xff\xff\xff"
   "\xff\xff\xff\xff\xff\xff\xff\xff\xff\xff"
   "\xff\xff\xff\xff\xff\xff\xff\xff\x5d\xef"
   "\xbe\xf7\xff\xff\xff\xff\xff\xff\xff\xff"
   "\xff\xff\xff\xff\xff\xff\xff\xff\xff\xff"
   "\xff\xff\xff\xff\xff\xff\xff\xff\xff\xff"
   "\xff\xff\xff\xff\xff\xff\xff\xff\xff\xff"
   "\xff\xff\xff\xff\xff\xff\xff\xff\xff\xff"
   "\xff\xff\xff\xff\xff\xff\xff\xff\xff\xff"
   "\xff\xff\xff\xff\xff\xff\xff\xff\xff\xff"
   "\xff\xff\xff\xff\xff\xff\xff\xff\xff\xff"
   "\xff\xff\xff\xff\xff\xff\xff\xff\xff\xff"
   "\xff\xff\xff\xff\xff\xff\xff\xff\xff\xff"
   "\xff\xff\xff\xff\xff\xff\xff\xff\xff\xff"
   "\xff\xff\xff\xff\xff\xff\x93\x9c\x00\x00"
   "\xa6\x40\x86\x38\x66\x38\x65\x28\x07\x51"
   "\xce\xbb\xee\xbb\x6e\xb3\xcb\x9a\xa6\x71"
   "\xe7\x79\xe7\x79\xe7\x79\xe7\x79\xe7\x79"
   "\xe7\x79\xe7\x79\xe7\x79\xe7\x79\xe7\x79"
   "\xe7\x79\xe7\x81\x28\x8a\x66\x40\x66\x38"
   "\xa6\x40\x00\x00\xdb\xde\xff\xff\xff\xff"
   "\xff\xff\xff\xff\xff\xff\xff\xff\xff\xff"
   "\xff\xff\xff\xff\xff\xff\xff\xff\xff\xff"
   "\xff\xff\xff\xff\xff\xff\xff\xff\xff\xff"
   "\xff\xff\xff\xff\xff\xff\xff\xff\xff\xff"
   "\xff\xff\xff\xff\xff\xff\xff\xff\xff\xff"
   "\xff\xff\xff\xff\xff\xff\xff\xff\xff\xff"
   "\xff\xff\xff\xff\xff\xff\xff\xff\xff\xff"
   "\xff\xff\xff\xff\xff\xff\xff\xff\xff\xff"
   "\xff\xff\xff\xff\xff\xff\xff\xff\xff\xff"
   "\xff\xff\xff\xff\xff\xff\xff\xff\xff\xff"
   "\xff\xff\xff\xff\xff\xff\xff\xff\xff\xff"
   "\xff\xff\xff\xff\xff\xff\xff\xff\xff\xff"
   "\xff\xff\xff\xff\xff\xff\xff\xff\xff\xff"
   "\xff\xff\xff\xff\xff\xff\xff\xff\xbe\xf7"
   "\xff\xff\xff\xff\xff\xff\xff\xff\xff\xff"
   "\xff\xff\xff\xff\xff\xff\xff\xff\xff\xff"
   "\xff\xff\xff\xff\xff\xff\xff\xff\xff\xff"
   "\xff\xff\xff\xff\xff\xff\xff\xff\xff\xff"
   "\xff\xff\xff\xff\xff\xff\xff\xff\xff\xff"
   "\xff\xff\xff\xff\xff\xff\xff\xff\xff\xff"
   "\xff\xff\xff\xff\xff\xff\xff\xff\xff\xff"
   "\xff\xff\xff\xff\xff\xff\xff\xff\xff\xff"
   "\xff\xff\xff\xff\xff\xff\xff\xff\xff\xff"
   "\xff\xff\xff\xff\xff\xff\xff\xff\xff\xff"
   "\xff\xff\xff\xff\xff\xff\xff\xff\xff\xff"
   "\xdf\xff\x7a\xd6\x4b\x5a\x00\x18\x66\x40"
   "\x66\x40\x06\x30\x47\x49\xcc\x8a\xce\xc3"
   "\x6d\xab\x4c\xa3\x28\x82\x86\x71\xe7\x81"
   "\xe8\x81\xe7\x81\xe7\x79\xe7\x79\xe7\x79"
   "\xe7\x79\xe7\x79\xe7\x79\xe7\x79\xe7\x79"
   "\xe7\x79\xe7\x79\xe7\x81\xc7\x79\x06\x30"
   "\x67\x40\x02\x20\x8f\x83\xbe\xf7\xff\xff"
   "\xff\xff\xff\xff\xff\xff\xff\xff\xff\xff"
   "\xff\xff\xff\xff\xff\xff\xff\xff\xff\xff"
   "\xff\xff\xff\xff\xff\xff\xff\xff\xff\xff"
   "\xff\xff\xff\xff\xff\xff\xff\xff\xff\xff"
   "\xff\xff\xff\xff\xff\xff\xff\xff\xff\xff"
   "\xff\xff\xff\xff\xff\xff\xff\xff\xff\xff"
   "\xff\xff\xff\xff\xff\xff\xff\xff\xff\xff"
   "\xff\xff\xff\xff\xff\xff\xff\xff\xff\xff"
   "\xff\xff\xff\xff\xff\xff\xff\xff\xff\xff"
   "\xff\xff\xff\xff\xff\xff\xff\xff\xff\xff"
   "\xff\xff\xff\xff\xff\xff\xff\xff\xff\xff"
   "\xff\xff\xff\xff\xff\xff\xff\xff\xff\xff"
   "\xff\xff\xff\xff\xff\xff\xff\xff\xff\xff"
   "\xff\xff\xff\xff\xff\xff\xff\xff\xff\xff"
   "\xff\xff\xff\xff\xff\xff\xff\xff\xff\xff"
   "\xff\xff\xff\xff\xff\xff\xff\xff\xff\xff"
   "\xff\xff\xff\xff\xff\xff\xff\xff\xff\xff"
   "\xff\xff\xff\xff\xff\xff\xff\xff\xff\xff"
   "\xff\xff\xff\xff\xff\xff\xff\xff\xff\xff"
   "\xff\xff\xff\xff\xff\xff\xff\xff\xff\xff"
   "\xff\xff\xff\xff\xff\xff\xff\xff\xff\xff"
   "\xff\xff\xff\xff\xff\xff\xff\xff\xff\xff"
   "\xff\xff\xff\xff\xff\xff\xff\xff\xff\xff"
   "\xff\xff\xff\xff\xff\xff\xff\xff\xff\xff"
   "\xff\xff\xff\xff\xff\xff\xff\xff\x1c\xe7"
   "\x14\xa5\x02\x28\x04\x30\x86\x40\x66\x40"
   "\xc7\x48\x6a\x82\x6e\xab\xef\xbb\x4d\xab"
   "\xca\x92\xa6\x79\xa7\x79\xe7\x79\xe7\x79"
   "\xc7\x79\xe7\x79\xe7\x79\xe7\x79\xe7\x79"
   "\xe7\x79\xe7\x79\xe7\x79\xe7\x79\xe7\x79"
   "\xc7\x79\xe7\x79\xc7\x79\x07\x8a\x47\x61"
   "\x06\x30\xa7\x40\x00\x00\x55\xad\xff\xff"
   "\xff\xff\xff\xff\xff\xff\xff\xff\xff\xff"
   "\xff\xff\xff\xff\xff\xff\xff\xff\xff\xff"
   "\xff\xff\xff\xff\xff\xff\xff\xff\xff\xff"
   "\xff\xff\xff\xff\xff\xff\xff\xff\xff\xff"
   "\xff\xff\xff\xff\xff\xff\xff\xff\xff\xff"
   "\xff\xff\xff\xff\xff\xff\xff\xff\xff\xff"
   "\xff\xff\xff\xff\xff\xff\xff\xff\xff\xff"
   "\xff\xff\xff\xff\xff\xff\xff\xff\xff\xff"
   "\xff\xff\xff\xff\xff\xff\xff\xff\xff\xff"
   "\xff\xff\xff\xff\xff\xff\xff\xff\xff\xff"
   "\xff\xff\xff\xff\xff\xff\xff\xff\xff\xff"
   "\xff\xff\xff\xff\xff\xff\xff\xff\xff\xff"
   "\xff\xff\xff\xff\xff\xff\xff\xff\xff\xff"
   "\xff\xff\xff\xff\xff\xff\xff\xff\xff\xff"
   "\xff\xff\xff\xff\xff\xff\xff\xff\xff\xff"
   "\xff\xff\xff\xff\xff\xff\xff\xff\xff\xff"
   "\xff\xff\xff\xff\xff\xff\xff\xff\xff\xff"
   "\xff\xff\xff\xff\xff\xff\xff\xff\xff\xff"
   "\xff\xff\xff\xff\xff\xff\xff\xff\xff\xff"
   "\xff\xff\xff\xff\xff\xff\xff\xff\xff\xff"
   "\xff\xff\xff\xff\xff\xff\xff\xff\xff\xff"
   "\xff\xff\xff\xff\xff\xff\xff\xff\xff\xff"
   "\xff\xff\xff\xff\xff\xff\xff\xff\xff\xff"
   "\xff\xff\xff\xff\xff\xff\xff\xff\xff\xff"
   "\xff\xff\xff\xff\xff\xff\x55\xb5\xec\x6a"
   "\x00\x00\x26\x40\x86\x40\xa7\x40\x66\x40"
   "\x47\x51\x8e\xb3\xae\xb3\x0c\xa3\xe7\x79"
   "\x86\x71\xe8\x81\xe7\x79\xe7\x79\xe7\x79"
   "\xe7\x79\xe7\x79\xe7\x79\xe7\x79\xe7\x79"
   "\xe7\x79\xe7\x79\xe7\x79\xe7\x79\xe7\x79"
   "\xe7\x79\xe7\x79\xe7\x79\xe7\x79\xe7\x81"
   "\xc6\x48\x66\x38\xa6\x40\x00\x00\xdb\xde"
   "\xff\xff\xff\xff\xff\xff\xff\xff\xff\xff"
   "\xff\xff\xff\xff\xff\xff\xff\xff\xff\xff"
   "\xff\xff\xff\xff\xff\xff\xff\xff\xff\xff"
   "\xff\xff\xff\xff\xff\xff\xff\xff\xff\xff"
   "\xff\xff\xff\xff\xff\xff\xff\xff\xff\xff"
   "\xff\xff\xff\xff\xff\xff\xff\xff\xff\xff"
   "\xff\xff\xff\xff\xff\xff\xff\xff\xff\xff"
   "\xff\xff\xff\xff\xff\xff\xff\xff\xff\xff"
   "\xff\xff\xff\xff\xff\xff\xff\xff\xff\xff"
   "\xff\xff\xff\xff\xff\xff\xff\xff\xff\xff"
   "\xff\xff\xff\xff\xff\xff\xff\xff\xff\xff"
   "\xff\xff\xff\xff\xff\xff\xff\xff\xff\xff"
   "\xff\xff\xff\xff\xff\xff\xff\xff\xff\xff"
   "\xff\xff\xff\xff\xff\xff\xff\xff\xff\xff"
   "\xff\xff\xff\xff\xff\xff\xff\xff\xff\xff"
   "\xff\xff\xff\xff\xff\xff\xff\xff\xff\xff"
   "\xff\xff\xff\xff\xff\xff\xff\xff\xff\xff"
   "\xff\xff\xff\xff\xff\xff\xff\xff\xff\xff"
   "\xff\xff\xff\xff\xff\xff\xff\xff\xff\xff"
   "\xff\xff\xff\xff\xff\xff\xff\xff\xff\xff"
   "\xff\xff\xff\xff\xff\xff\xff\xff\xff\xff"
   "\xff\xff\xff\xff\xff\xff\xff\xff\xff\xff"
   "\xff\xff\xff\xff\xff\xff\xff\xff\xff\xff"
   "\xff\xff\xff\xff\xff\xff\xff\xff\xff\xff"
   "\xff\xff\x79\xd6\xef\x83\x04\x30\x05\x38"
   "\x86\x38\x25\x30\x04\x18\x87\x38\x65\x38"
   "\xa8\x48\xcb\x8a\xce\xb3\x6d\xb3\xa7\x79"
   "\xe8\x81\xc7\x79\xc7\x79\xe7\x79\xe7\x79"
   "\xe7\x79\xe7\x79\xe7\x79\xe7\x79\xe7\x79"
   "\xe7\x79\xe7\x79\xe7\x79\xe7\x79\xe7\x79"
   "\xe7\x79\xe7\x79\xe8\x79\xc7\x81\x07\x7a"
   "\xa7\x69\x47\x38\x65\x38\x45\x38\x2d\x6b"
   "\xff\xff\xff\xff\xff\xff\xff\xff\xff\xff"
   "\xff\xff\xff\xff\xff\xff\xff\xff\xff\xff"
   "\xff\xff\xff\xff\xff\xff\xff\xff\xff\xff"
   "\xff\xff\xff\xff\xff\xff\xff\xff\xff\xff"
   "\xff\xff\xff\xff\xff\xff\xff\xff\xff\xff"
   "\xff\xff\xff\xff\xff\xff\xff\xff\xff\xff"
   "\xff\xff\xff\xff\xff\xff\xff\xff\xff\xff"
   "\xff\xff\xff\xff\xff\xff\xff\xff\xff\xff"
   "\xff\xff\xff\xff\xff\xff\xff\xff\xff\xff"
   "\xff\xff\xff\xff\xff\xff\xff\xff\xff\xff"
   "\xff\xff\xff\xff\xff\xff\xff\xff\xff\xff"
   "\xff\xff\xff\xff\xff\xff\xff\xff\xff\xff"
   "\xff\xff\xff\xff\xff\xff\xff\xff\xff\xff"
   "\xff\xff\xff\xff\xff\xff\xff\xff\xff\xff"
   "\xff\xff\xff\xff\xff\xff\xff\xff\xff\xff"
   "\xff\xff\xff\xff\xff\xff\xff\xff\xff\xff"
   "\xff\xff\xff\xff\xff\xff\xff\xff\xff\xff"
   "\xff\xff\xff\xff\xff\xff\xff\xff\xff\xff"
   "\xff\xff\xff\xff\xff\xff\xff\xff\xff\xff"
   "\xff\xff\xff\xff\xff\xff\xff\xff\xff\xff"
   "\xff\xff\xff\xff\xff\xff\xff\xff\xff\xff"
   "\xff\xff\xff\xff\xff\xff\xff\xff\xff\xff"
   "\xff\xff\xff\xff\xff\xff\xff\xff\xff\xff"
   "\xff\xff\xff\xff\xff\xff\xff\xff\xdf\xff"
   "\x55\xb5\x64\x28\x65\x40\x66\x38\x87\x40"
   "\x05\x28\x67\x61\x4d\xa3\xe5\x38\x87\x40"
   "\x45\x40\xe7\x48\x2c\xa3\xae\xbb\xcb\x9a"
   "\x86\x71\xe7\x81\xe8\x81\xe7\x79\xe7\x79"
   "\xe7\x79\xe7\x79\xe7\x79\xe7\x79\xe7\x79"
   "\xe7\x79\xe7\x79\xe7\x79\xe7\x79\xe7\x79"
   "\xe7\x79\xe7\x79\xc7\x81\xe8\x81\xe7\x79"
   "\x07\x82\x26\x59\x66\x40\x86\x40\x65\x30"
   "\xf4\xa4\xff\xff\xff\xff\xff\xff\xff\xff"
   "\xff\xff\xff\xff\xff\xff\xff\xff\xff\xff"
   "\xff\xff\xff\xff\xff\xff\xff\xff\xff\xff"
   "\xff\xff\xff\xff\xff\xff\xff\xff\xff\xff"
   "\xff\xff\xff\xff\xff\xff\xff\xff\xff\xff"
   "\xff\xff\xff\xff\xff\xff\xff\xff\xff\xff"
   "\xff\xff\xff\xff\xff\xff\xff\xff\xff\xff"
   "\xff\xff\xff\xff\xff\xff\xff\xff\xff\xff"
   "\xff\xff\xff\xff\xff\xff\xff\xff\xff\xff"
   "\xff\xff\xff\xff\xff\xff\xff\xff\xff\xff"
   "\xff\xff\xff\xff\xff\xff\xff\xff\xff\xff"
   "\xff\xff\xff\xff\xff\xff\xff\xff\xff\xff"
   "\xff\xff\xff\xff\xff\xff\xff\xff\xff\xff"
   "\xff\xff\xff\xff\xff\xff\xff\xff\xff\xff"
   "\xff\xff\xff\xff\xff\xff\xff\xff\xff\xff"
   "\xff\xff\xff\xff\xff\xff\xff\xff\xff\xff"
   "\xff\xff\xff\xff\xff\xff\xff\xff\xff\xff"
   "\xff\xff\xff\xff\xff\xff\xff\xff\xff\xff"
   "\xff\xff\xff\xff\xff\xff\xff\xff\xff\xff"
   "\xff\xff\xff\xff\xff\xff\xff\xff\xff\xff"
   "\xff\xff\xff\xff\xff\xff\xff\xff\xff\xff"
   "\xff\xff\xff\xff\xff\xff\xff\xff\xff\xff"
   "\xff\xff\xff\xff\xff\xff\xff\xff\xff\xff"
   "\xff\xff\xff\xff\xff\xff\x5d\xef\x6b\x5a"
   "\x00\x00\x66\x38\x66\x40\x87\x40\xa5\x38"
   "\x8b\x82\xce\xbb\x30\xcc\x4a\x82\x06\x30"
   "\x86\x40\x06\x28\x6a\x7a\x8e\xb3\x8e\xb3"
   "\x08\x82\xe8\x81\xc7\x79\xe7\x79\xe7\x81"
   "\xc7\x79\xe7\x79\xe7\x79\xe7\x79\xe7\x79"
   "\xe7\x79\xe7\x79\xe7\x79\xe7\x79\xe7\x79"
   "\xe7\x79\xe7\x79\xc7\x81\xc8\x79\xc7\x81"
   "\x07\x82\x87\x71\x86\x40\x66\x40\x25\x40"
   "\x2d\x6b\x5d\xef\xff\xff\xff\xff\xff\xff"
   "\xff\xff\xff\xff\xff\xff\xff\xff\xff\xff"
   "\xff\xff\xff\xff\xff\xff\xff\xff\xff\xff"
   "\xff\xff\xff\xff\xff\xff\xff\xff\xff\xff"
   "\xff\xff\xff\xff\xff\xff\xff\xff\xff\xff"
   "\xff\xff\xff\xff\xff\xff\xff\xff\xff\xff"
   "\xff\xff\xff\xff\xff\xff\xff\xff\xff\xff"
   "\xff\xff\xff\xff\xff\xff\xff\xff\xff\xff"
   "\xff\xff\xff\xff\xff\xff\xff\xff\xff\xff"
   "\xff\xff\xff\xff\xff\xff\xff\xff\xff\xff"
   "\xff\xff\xff\xff\xff\xff\xff\xff\xff\xff"
   "\xff\xff\xff\xff\xff\xff\xff\xff\xff\xff"
   "\xff\xff\xff\xff\xff\xff\xff\xff\xff\xff"
   "\xff\xff\xff\xff\xff\xff\xff\xff\xff\xff"
   "\xff\xff\xff\xff\xff\xff\xff\xff\xff\xff"
   "\xff\xff\xff\xff\xff\xff\xff\xff\xff\xff"
   "\xff\xff\xff\xff\xff\xff\xff\xff\xff\xff"
   "\xff\xff\xff\xff\xff\xff\xff\xff\xff\xff"
   "\xff\xff\xff\xff\xff\xff\xff\xff\xff\xff"
   "\xff\xff\xff\xff\xff\xff\xff\xff\xff\xff"
   "\xff\xff\xff\xff\xff\xff\xff\xff\xff\xff"
   "\xff\xff\xff\xff\xff\xff\xff\xff\xff\xff"
   "\xff\xff\xff\xff\xff\xff\xff\xff\xff\xff"
   "\xff\xff\x5d\xef\x38\xc6\x00\x00\x04\x30"
   "\x86\x40\x05\x38\x27\x40\x08\x6a\x4d\xa3"
   "\x0f\xc4\x8d\xab\x89\x92\xe7\x81\xe6\x50"
   "\x66\x38\x66\x40\x04\x00\x0d\x9b\x8d\xb3"
   "\x8e\xab\x86\x79\xe7\x79\xe8\x81\xc7\x79"
   "\xe7\x81\xe7\x79\xe7\x79\xe7\x79\xe7\x79"
   "\xe7\x79\xe7\x79\xe7\x79\xe7\x79\xe7\x79"
   "\xe7\x79\xe7\x79\xe7\x79\xe7\x79\xe7\x79"
   "\xe7\x81\xe7\x79\x06\x51\x66\x38\x87\x40"
   "\x00\x00\x72\x94\xde\xf7\xff\xff\xff\xff"
   "\xff\xff\xff\xff\xff\xff\xff\xff\xff\xff"
   "\xff\xff\xff\xff\xff\xff\xff\xff\xff\xff"
   "\xff\xff\xff\xff\xff\xff\xff\xff\xff\xff"
   "\xff\xff\xff\xff\xff\xff\xff\xff\xff\xff"
   "\xff\xff\xff\xff\xff\xff\xff\xff\xff\xff"
   "\xff\xff\xff\xff\xff\xff\xff\xff\xff\xff"
   "\xff\xff\xff\xff\xff\xff\xff\xff\xff\xff"
   "\xff\xff\xff\xff\xff\xff\xff\xff\xff\xff"
   "\xff\xff\xff\xff\xff\xff\xff\xff\xff\xff"
   "\xff\xff\xff\xff\xff\xff\xff\xff\xff\xff"
   "\xff\xff\xff\xff\xff\xff\xff\xff\xff\xff"
   "\xff\xff\xff\xff\xff\xff\xff\xff\xff\xff"
   "\xff\xff\xff\xff\xff\xff\xff\xff\xff\xff"
   "\xff\xff\xff\xff\xff\xff\xff\xff\xff\xff"
   "\xff\xff\xff\xff\xff\xff\xff\xff\xff\xff"
   "\xff\xff\xff\xff\xff\xff\xff\xff\xff\xff"
   "\xff\xff\xff\xff\xff\xff\xff\xff\xff\xff"
   "\xff\xff\xff\xff\xff\xff\xff\xff\xff\xff"
   "\xff\xff\xff\xff\xff\xff\xff\xff\xff\xff"
   "\xff\xff\xff\xff\xff\xff\xff\xff\xff\xff"
   "\xff\xff\xff\xff\xff\xff\xff\xff\xff\xff"
   "\xff\xff\xff\xff\xff\xff\xff\xff\xbe\xf7"
   "\x9a\xd6\xe9\x59\x00\x00\xa7\x40\x87\x40"
   "\x04\x10\xe8\x61\x8b\x82\xef\xbb\xad\xb3"
   "\xcb\x9a\xe8\x81\xa6\x71\xe7\x81\xe8\x81"
   "\x05\x30\x86\x40\x26\x38\x06\x49\xce\xbb"
   "\x6d\xab\xeb\x9a\x87\x79\xe7\x81\xe7\x81"
   "\xe7\x81\xe7\x79\xe7\x79\xe7\x79\xe7\x79"
   "\xe7\x79\xe7\x79\xe7\x79\xe7\x79\xe7\x79"
   "\xe7\x79\xe7\x79\xe7\x79\xe7\x79\xe7\x79"
   "\xe7\x81\xc7\x79\x87\x69\xa7\x40\x66\x38"
   "\x66\x40\x00\x18\x59\xce\xff\xff\xff\xff"
   "\xff\xff\xff\xff\xff\xff\xff\xff\xff\xff"
   "\xff\xff\xff\xff\xff\xff\xff\xff\xff\xff"
   "\xff\xff\xff\xff\xff\xff\xff\xff\xff\xff"
   "\xff\xff\xff\xff\xff\xff\xff\xff\xff\xff"
   "\xff\xff\xff\xff\xff\xff\xff\xff\xff\xff"
   "\xff\xff\xff\xff\xff\xff\xff\xff\xff\xff"
   "\xff\xff\xff\xff\xff\xff\xff\xff\xff\xff"
   "\xff\xff\xff\xff\xff\xff\xff\xff\xff\xff"
   "\xff\xff\xff\xff\xff\xff\xff\xff\xff\xff"
   "\xff\xff\xff\xff\xff\xff\xff\xff\xff\xff"
   "\xff\xff\xff\xff\xff\xff\xff\xff\xff\xff"
   "\xff\xff\xff\xff\xff\xff\xff\xff\xff\xff"
   "\xff\xff\xff\xff\xff\xff\xff\xff\xff\xff"
   "\xff\xff\xff\xff\xff\xff\xff\xff\xff\xff"
   "\xff\xff\xff\xff\xff\xff\xff\xff\xff\xff"
   "\xff\xff\xff\xff\xff\xff\xff\xff\xff\xff"
   "\xff\xff\xff\xff\xff\xff\xff\xff\xff\xff"
   "\xff\xff\xff\xff\xff\xff\xff\xff\xff\xff"
   "\xff\xff\xff\xff\xff\xff\xff\xff\xff\xff"
   "\xff\xff\xff\xff\xff\xff\xff\xff\xff\xff"
   "\xff\xff\xff\xff\xff\xff\xff\xff\xff\xff"
   "\xff\xff\xff\xff\xff\xff\x9e\xf7\x51\x94"
   "\x03\x28\x05\x30\x87\x40\x26\x30\x25\x28"
   "\x6a\x82\x8d\xab\xcf\xbb\x2c\xa3\x69\x8a"
   "\xa6\x71\xc7\x79\xe7\x81\xc8\x81\xe7\x81"
   "\xa6\x69\x06\x30\x86\x40\x05\x20\x2a\x7a"
   "\xce\xbb\x6e\xab\x29\x8a\xa7\x79\xe7\x79"
   "\xc7\x79\xe7\x79\xe7\x79\xe7\x79\xe7\x79"
   "\xe7\x79\xe7\x79\xe7\x79\xe7\x79\xe7\x79"
   "\xe7\x79\xe7\x79\xe7\x79\xe7\x79\xe7\x79"
   "\xe7\x79\xe8\x79\x67\x69\x67\x61\x26\x30"
   "\x86\x40\x03\x28\xec\x6a\xbe\xf7\xff\xff"
   "\xff\xff\xff\xff\xff\xff\xff\xff\xff\xff"
   "\xff\xff\xff\xff\xff\xff\xff\xff\xff\xff"
   "\xff\xff\xff\xff\xff\xff\xff\xff\xff\xff"
   "\xff\xff\xff\xff\xff\xff\xff\xff\xff\xff"
   "\xff\xff\xff\xff\xff\xff\xff\xff\xff\xff"
   "\xff\xff\xff\xff\xff\xff\xff\xff\xff\xff"
   "\xff\xff\xff\xff\xff\xff\xff\xff\xff\xff"
   "\xff\xff\xff\xff\xff\xff\xff\xff\xff\xff"
   "\xff\xff\xff\xff\xff\xff\xff\xff\xff\xff"
   "\xff\xff\xff\xff\xff\xff\xff\xff\xff\xff"
   "\xff\xff\xff\xff\xff\xff\xff\xff\xff\xff"
   "\xff\xff\xff\xff\xff\xff\xff\xff\xff\xff"
   "\xff\xff\xff\xff\xff\xff\xff\xff\xff\xff"
   "\xff\xff\xff\xff\xff\xff\xff\xff\xff\xff"
   "\xff\xff\xff\xff\xff\xff\xff\xff\xff\xff"
   "\xff\xff\xff\xff\xff\xff\xff\xff\xff\xff"
   "\xff\xff\xff\xff\xff\xff\xff\xff\xff\xff"
   "\xff\xff\xff\xff\xff\xff\xff\xff\xff\xff"
   "\xff\xff\xff\xff\xff\xff\xff\xff\xff\xff"
   "\xff\xff\xff\xff\xff\xff\xff\xff\xff\xff"
   "\xff\xff\xff\xff\xff\xff\xff\xff\xff\xff"
   "\xff\xff\xff\xff\xd7\xc5\xaa\x5a\x05\x38"
   "\x46\x38\x86\x40\x05\x28\xe6\x48\x4d\xab"
   "\xae\xb3\xae\xb3\x8a\x92\xe7\x81\xc7\x81"
   "\xc7\x79\xe7\x79\xe7\x79\xe7\x79\xe7\x79"
   "\xc8\x81\xa6\x48\x66\x38\x86\x38\x04\x18"
   "\x2d\x9b\x8e\xb3\x2c\xa3\xc7\x79\xe8\x79"
   "\xe7\x81\xe7\x79\xe7\x79\xe7\x79\xe7\x79"
   "\xe7\x79\xe7\x79\xe7\x79\xe7\x79\xe7\x79"
   "\xe7\x79\xe7\x79\xe7\x79\xe7\x79\xe7\x79"
   "\xe7\x79\xe8\x81\x67\x69\x67\x69\x07\x59"
   "\x46\x38\x86\x40\x00\x00\xd3\xa4\xff\xff"
   "\xff\xff\xff\xff\xff\xff\xff\xff\xff\xff"
   "\xff\xff\xff\xff\xff\xff\xff\xff\xff\xff"
   "\xff\xff\xff\xff\xff\xff\xff\xff\xff\xff"
   "\xff\xff\xff\xff\xff\xff\xff\xff\xff\xff"
   "\xff\xff\xff\xff\xff\xff\xff\xff\xff\xff"
   "\xff\xff\xff\xff\xff\xff\xff\xff\xff\xff"
   "\xff\xff\xff\xff\xff\xff\xff\xff\xff\xff"
   "\xff\xff\xff\xff\xff\xff\xff\xff\xff\xff"
   "\xff\xff\xff\xff\xff\xff\xff\xff\xff\xff"
   "\xff\xff\xff\xff\xff\xff\xff\xff\xff\xff"
   "\xff\xff\xff\xff\xff\xff\xff\xff\xff\xff"
   "\xff\xff\xff\xff\xff\xff\xff\xff\xff\xff"
   "\xff\xff\xff\xff\xff\xff\xff\xff\xff\xff"
   "\xff\xff\xff\xff\xff\xff\xff\xff\xff\xff"
   "\xff\xff\xff\xff\xff\xff\xff\xff\xff\xff"
   "\xff\xff\xff\xff\xff\xff\xff\xff\xff\xff"
   "\xff\xff\xff\xff\xff\xff\xff\xff\xff\xff"
   "\xff\xff\xff\xff\xff\xff\xff\xff\xff\xff"
   "\xff\xff\xff\xff\xff\xff\xff\xff\xff\xff"
   "\xff\xff\xff\xff\xff\xff\xff\xff\xff\xff"
   "\xff\xff\xff\xff\xff\xff\xff\xff\xff\xff"
   "\xff\xff\x67\x49\xc5\x30\x67\x40\x66\x40"
   "\x46\x40\x04\x20\x2a\x7a\x0f\xc4\x8d\xb3"
   "\x2c\xa3\xe7\x79\xc7\x79\xe8\x81\xc7\x79"
   "\xe7\x79\xe7\x79\xe7\x79\xe7\x79\xc7\x81"
   "\xe7\x81\xe7\x81\x27\x38\x66\x38\x86\x40"
   "\xc6\x40\xee\xbb\x6d\xb3\xaa\x92\xc7\x79"
   "\xc7\x79\xe7\x79\xe7\x79\xe7\x79\xe7\x79"
   "\xe7\x79\xe7\x79\xe7\x79\xe7\x79\xe7\x79"
   "\xe7\x79\xe7\x79\xe7\x79\xe7\x79\xe7\x79"
   "\xe7\x79\xe8\x81\x67\x69\x46\x61\x87\x69"
   "\x67\x40\x66\x40\x67\x40\x00\x00\xdf\xff"
   "\xff\xff\xff\xff\xff\xff\xff\xff\xff\xff"
   "\xff\xff\xff\xff\xff\xff\xff\xff\xff\xff"
   "\xff\xff\xff\xff\xff\xff\xff\xff\xff\xff"
   "\xff\xff\xff\xff\xff\xff\xff\xff\xff\xff"
   "\xff\xff\xff\xff\xff\xff\xff\xff\xff\xff"
   "\xff\xff\xff\xff\xff\xff\xff\xff\xff\xff"
   "\xff\xff\xff\xff\xff\xff\xff\xff\xff\xff"
   "\xff\xff\xff\xff\xff\xff\xff\xff\xff\xff"
   "\xff\xff\xff\xff\xff\xff\xff\xff\xff\xff"
   "\xff\xff\xff\xff\xff\xff\xff\xff\xff\xff"
   "\xff\xff\xff\xff\xff\xff\xff\xff\xff\xff"
   "\xff\xff\xff\xff\xff\xff\xff\xff\xff\xff"
   "\xff\xff\xff\xff\xff\xff\xff\xff\xff\xff"
   "\xff\xff\xff\xff\xff\xff\xff\xff\xff\xff"
   "\xff\xff\xff\xff\xff\xff\xff\xff\xff\xff"
   "\xff\xff\xff\xff\xff\xff\xff\xff\xff\xff"
   "\xff\xff\xff\xff\xff\xff\xff\xff\xff\xff"
   "\xff\xff\xff\xff\xff\xff\xff\xff\xff\xff"
   "\xff\xff\xff\xff\xff\xff\xff\xff\xff\xff"
   "\xff\xff\xff\xff\xff\xff\xff\xff\xff\xff"
   "\xff\xff\xff\xff\xff\xff\xff\xff\xf4\xac"
   "\x00\x00\x86\x38\x86\x38\x67\x40\x46\x38"
   "\x06\x49\x6e\xb3\xae\xbb\x8d\xa3\xab\x92"
   "\x66\x71\xe7\x81\xe7\x79\xe7\x79\xe8\x81"
   "\xc7\x79\xe7\x79\xe7\x79\xe7\x79\xc7\x81"
   "\x07\x82\xc7\x79\x66\x59\x66\x38\x46\x38"
   "\x25\x30\xea\x71\xef\xbb\x6d\xab\x08\x82"
   "\x08\x82\xe7\x79\xe7\x79\xe7\x79\xe7\x79"
   "\xe7\x79\xe7\x79\xe7\x79\xe7\x79\xe7\x79"
   "\xe7\x79\xe7\x79\xe7\x79\xe7\x79\xe7\x79"
   "\xe7\x79\xe7\x81\x66\x69\x47\x61\x67\x69"
   "\x87\x61\x46\x30\x86\x40\x05\x30\x66\x40"
   "\xff\xff\xff\xff\xff\xff\xff\xff\xff\xff"
   "\xff\xff\xff\xff\xff\xff\xff\xff\xff\xff"
   "\xff\xff\xff\xff\xff\xff\xff\xff\xff\xff"
   "\xff\xff\xff\xff\xff\xff\xff\xff\xff\xff"
   "\xff\xff\xff\xff\xff\xff\xff\xff\xff\xff"
   "\xff\xff\xff\xff\xff\xff\xff\xff\xff\xff"
   "\xff\xff\xff\xff\xff\xff\xff\xff\xff\xff"
   "\xff\xff\xff\xff\xff\xff\xff\xff\xff\xff"
   "\xff\xff\xff\xff\xff\xff\xff\xff\xff\xff"
   "\xff\xff\xff\xff\xff\xff\xff\xff\xff\xff"
   "\xff\xff\xff\xff\xff\xff\xff\xff\xff\xff"
   "\xff\xff\xff\xff\xff\xff\xff\xff\xff\xff"
   "\xff\xff\xff\xff\xff\xff\xff\xff\xff\xff"
   "\xff\xff\xff\xff\xff\xff\xff\xff\xff\xff"
   "\xff\xff\xff\xff\xff\xff\xff\xff\xff\xff"
   "\xff\xff\xff\xff\xff\xff\xff\xff\xff\xff"
   "\xff\xff\xff\xff\xff\xff\xff\xff\xff\xff"
   "\xff\xff\xff\xff\xff\xff\xff\xff\xff\xff"
   "\xff\xff\xff\xff\xff\xff\xff\xff\xff\xff"
   "\xff\xff\xff\xff\xff\xff\xff\xff\xff\xff"
   "\xff\xff\xff\xff\xfb\xde\x31\x8c\x00\x00"
   "\x25\x38\xa7\x48\x05\x38\x06\x49\xab\x82"
   "\xcf\xc3\x6e\xb3\x2d\x9b\xc6\x81\xa6\x79"
   "\xe8\x79\xe7\x79\xc7\x79\xc7\x79\xc7\x79"
   "\xe8\x81\xe7\x79\xe7\x79\xe7\x79\xe7\x79"
   "\xc7\x79\x08\x82\xe7\x79\xa6\x48\x66\x38"
   "\xa7\x48\x06\x41\x2d\xa3\xae\xb3\xeb\xa2"
   "\xa7\x79\xe7\x79\xe7\x79\xe7\x79\xe7\x79"
   "\xe7\x79\xe7\x79\xe7\x79\xe7\x79\xe7\x79"
   "\xe7\x79\xe7\x79\xe7\x79\xe7\x79\xe7\x79"
   "\xe7\x79\xe8\x79\x67\x69\x67\x61\x67\x69"
   "\x46\x69\x07\x51\x46\x30\x86\x40\x00\x10"
   "\xd3\xa4\xff\xff\xff\xff\xff\xff\xff\xff"
   "\xff\xff\xff\xff\xff\xff\xff\xff\xff\xff"
   "\xff\xff\xff\xff\xff\xff\xff\xff\xff\xff"
   "\xff\xff\xff\xff\xff\xff\xff\xff\xff\xff"
   "\xff\xff\xff\xff\xff\xff\xff\xff\xff\xff"
   "\xff\xff\xff\xff\xff\xff\xff\xff\xff\xff"
   "\xff\xff\xff\xff\xff\xff\xff\xff\xff\xff"
   "\xff\xff\xff\xff\xff\xff\xff\xff\xff\xff"
   "\xff\xff\xff\xff\xff\xff\xff\xff\xff\xff"
   "\xff\xff\xff\xff\xff\xff\xff\xff\xff\xff"
   "\xff\xff\xff\xff\xff\xff\xff\xff\xff\xff"
   "\xff\xff\xff\xff\xff\xff\xff\xff\xff\xff"
   "\xff\xff\xff\xff\xff\xff\xff\xff\xff\xff"
   "\xff\xff\xff\xff\xff\xff\xff\xff\xff\xff"
   "\xff\xff\xff\xff\xff\xff\xff\xff\xff\xff"
   "\xff\xff\xff\xff\xff\xff\xff\xff\xff\xff"
   "\xff\xff\xff\xff\xff\xff\xff\xff\xff\xff"
   "\xff\xff\xff\xff\xff\xff\xff\xff\xff\xff"
   "\xff\xff\xff\xff\xff\xff\xff\xff\xff\xff"
   "\xff\xff\xff\xff\xff\xff\xff\xff\xff\xff"
   "\x9e\xf7\xb6\xb5\x00\x08\x00\x10\x86\x40"
   "\x26\x30\x05\x30\x0a\x72\x4d\xab\xcf\xbb"
   "\x2d\xab\x6a\x8a\x85\x71\xe7\x79\xe7\x79"
   "\xe7\x79\xe7\x79\xe7\x79\xe7\x79\xe7\x79"
   "\xe7\x79\xe7\x79\xe7\x79\xe7\x79\xe7\x79"
   "\xe8\x81\xe7\x79\x07\x82\x87\x69\x87\x38"
   "\x66\x38\x05\x38\xc9\x69\x8e\xb3\xce\xbb"
   "\x49\x8a\xc6\x79\xe8\x79\xe7\x79\xe7\x81"
   "\xe7\x79\xe7\x79\xe7\x79\xe7\x79\xe7\x79"
   "\xe7\x79\xe7\x79\xe7\x79\xe7\x79\xe7\x79"
   "\xe7\x79\xe7\x79\x67\x69\x47\x69\x67\x69"
   "\x67\x69\x67\x61\xa6\x40\x86\x40\x87\x40"
   "\x26\x39\xfc\xe6\xff\xff\xff\xff\xff\xff"
   "\xff\xff\xff\xff\xff\xff\xff\xff\xff\xff"
   "\xff\xff\xff\xff\xff\xff\xff\xff\xff\xff"
   "\xff\xff\xff\xff\xff\xff\xff\xff\xff\xff"
   "\xff\xff\xff\xff\xff\xff\xff\xff\xff\xff"
   "\xff\xff\xff\xff\xff\xff\xff\xff\xff\xff"
   "\xff\xff\xff\xff\xff\xff\xff\xff\xff\xff"
   "\xff\xff\xff\xff\xff\xff\xff\xff\xff\xff"
   "\xff\xff\xff\xff\xff\xff\xff\xff\xff\xff"
   "\xff\xff\xff\xff\xff\xff\xff\xff\xff\xff"
   "\xff\xff\xff\xff\xff\xff\xff\xff\xff\xff"
   "\xff\xff\xff\xff\xff\xff\xff\xff\xff\xff"
   "\xff\xff\xff\xff\xff\xff\xff\xff\xff\xff"
   "\xff\xff\xff\xff\xff\xff\xff\xff\xff\xff"
   "\xff\xff\xff\xff\xff\xff\xff\xff\xff\xff"
   "\xff\xff\xff\xff\xff\xff\xff\xff\xff\xff"
   "\xff\xff\xff\xff\xff\xff\xff\xff\xff\xff"
   "\xff\xff\xff\xff\xff\xff\xff\xff\xff\xff"
   "\xff\xff\xff\xff\xff\xff\xff\xff\xff\xff"
   "\xff\xff\xff\xff\xff\xff\xff\xff\x96\xb5"
   "\xf0\x83\x00\x00\x45\x38\x87\x38\x05\x10"
   "\x07\x51\x2d\x9b\x8e\xb3\xae\xb3\xaa\x92"
   "\xc7\x79\xc8\x79\xe7\x79\xe7\x79\xe7\x79"
   "\xe7\x79\xe7\x79\xe7\x79\xe7\x79\xe7\x79"
   "\xe7\x79\xe7\x79\xe7\x79\xe7\x79\xe7\x79"
   "\xe7\x79\xe7\x79\xe7\x79\x08\x82\xa6\x50"
   "\x66\x38\x87\x40\x05\x30\xeb\x9a\x8e\xb3"
   "\x6e\xab\xa6\x79\xc8\x81\xe8\x81\xe7\x79"
   "\xe7\x79\xe7\x79\xe7\x79\xe7\x79\xe7\x79"
   "\xe7\x79\xe7\x79\xe7\x79\xe7\x79\xe7\x79"
   "\xe7\x79\xe7\x79\x87\x69\x67\x69\x67\x69"
   "\x66\x69\x67\x61\xc6\x48\x46\x38\x87\x40"
   "\x06\x38\xcf\x83\xbf\xff\xff\xff\xff\xff"
   "\xff\xff\xff\xff\xff\xff\xff\xff\xff\xff"
   "\xff\xff\xff\xff\xff\xff\xff\xff\xff\xff"
   "\xff\xff\xff\xff\xff\xff\xff\xff\xff\xff"
   "\xff\xff\xff\xff\xff\xff\xff\xff\xff\xff"
   "\xff\xff\xff\xff\xff\xff\xff\xff\xff\xff"
   "\xff\xff\xff\xff\xff\xff\xff\xff\xff\xff"
   "\xff\xff\xff\xff\xff\xff\xff\xff\xff\xff"
   "\xff\xff\xff\xff\xff\xff\xff\xff\xff\xff"
   "\xff\xff\xff\xff\xff\xff\xff\xff\xff\xff"
   "\xff\xff\xff\xff\xff\xff\xff\xff\xff\xff"
   "\xff\xff\xff\xff\xff\xff\xff\xff\xff\xff"
   "\xff\xff\xff\xff\xff\xff\xff\xff\xff\xff"
   "\xff\xff\xff\xff\xff\xff\xff\xff\xff\xff"
   "\xff\xff\xff\xff\xff\xff\xff\xff\xff\xff"
   "\xff\xff\xff\xff\xff\xff\xff\xff\xff\xff"
   "\xff\xff\xff\xff\xff\xff\xff\xff\xff\xff"
   "\xff\xff\xff\xff\xff\xff\xff\xff\xff\xff"
   "\xff\xff\xff\xff\xff\xff\xff\xff\xff\xff"
   "\xff\xff\xff\xff\x5d\xef\x51\x94\x05\x38"
   "\x04\x28\x86\x40\x87\x40\x06\x30\xcc\x92"
   "\x6d\xab\xae\xbb\x0c\xa3\x07\x7a\xc6\x79"
   "\xe8\x81\xc7\x79\xc7\x79\xe7\x79\xe7\x79"
   "\xe7\x79\xe7\x79\xe7\x79\xe7\x79\xe7\x79"
   "\xe7\x79\xe7\x79\xe7\x79\xe7\x79\xe7\x79"
   "\xe7\x79\xc7\x79\xc7\x79\xe7\x81\x08\x8a"
   "\x05\x30\x66\x40\x25\x38\x86\x40\xce\xb3"
   "\xae\xb3\xec\x9a\x66\x71\xe8\x81\xe7\x79"
   "\xe7\x79\xe7\x79\xe7\x79\xe7\x79\xe7\x79"
   "\xe7\x79\xe7\x79\xe7\x79\xe7\x79\xe7\x79"
   "\xe7\x79\xe7\x81\x46\x69\x67\x69\x87\x69"
   "\x07\x59\x86\x40\x66\x38\x86\x48\x45\x38"
   "\x46\x38\x04\x30\xf7\xbd\xff\xff\xff\xff"
   "\xff\xff\xff\xff\xff\xff\xff\xff\xff\xff"
   "\xff\xff\xff\xff\xff\xff\xff\xff\xff\xff"
   "\xff\xff\xff\xff\xff\xff\xff\xff\xff\xff"
   "\xff\xff\xff\xff\xff\xff\xff\xff\xff\xff"
   "\xff\xff\xff\xff\xff\xff\xff\xff\xff\xff"
   "\xff\xff\xff\xff\xff\xff\xff\xff\xff\xff"
   "\xff\xff\xff\xff\xff\xff\xff\xff\xff\xff"
   "\xff\xff\xff\xff\xff\xff\xff\xff\xff\xff"
   "\xff\xff\xff\xff\xff\xff\xff\xff\xff\xff"
   "\xff\xff\xff\xff\xff\xff\xff\xff\xff\xff"
   "\xff\xff\xff\xff\xff\xff\xff\xff\xff\xff"
   "\xff\xff\xff\xff\xff\xff\xff\xff\xff\xff"
   "\xff\xff\xff\xff\xff\xff\xff\xff\xff\xff"
   "\xff\xff\xff\xff\xff\xff\xff\xff\xff\xff"
   "\xff\xff\xff\xff\xff\xff\xff\xff\xff\xff"
   "\xff\xff\xff\xff\xff\xff\xff\xff\xff\xff"
   "\xff\xff\xff\xff\xff\xff\xff\xff\xff\xff"
   "\xff\xff\xff\xff\xff\xff\xff\xff\xff\xff"
   "\xdf\xff\x56\xb5\x64\x28\x65\x30\x66\x38"
   "\x66\x40\x86\x40\x86\x38\x05\x28\x6c\xa3"
   "\x8d\xb3\x8e\xb3\x85\x69\xc7\x79\xc7\x79"
   "\xe7\x79\xe7\x79\xc7\x79\xe7\x79\xe7\x79"
   "\xe7\x79\xe7\x79\xe7\x79\xe7\x79\xe7\x79"
   "\xe7\x79\xe7\x79\xe7\x79\xe7\x79\xe7\x79"
   "\xe7\x79\xe8\x81\xe8\x81\xe7\x79\xc6\x81"
   "\xa8\x71\x06\x28\x86\x40\x05\x28\x09\x72"
   "\x6e\xb3\xaf\xb3\x49\x8a\xa7\x79\xe8\x81"
   "\xe7\x79\xe7\x79\xe7\x79\xe7\x79\xe7\x79"
   "\xe7\x79\xe7\x79\xe7\x79\xe7\x79\xe7\x79"
   "\xe7\x79\xc7\x71\x67\x69\x67\x69\xa6\x48"
   "\x65\x38\x87\x40\x66\x38\x66\x38\x87\x40"
   "\xa7\x40\x04\x28\x8e\x7b\x5d\xef\xff\xff"
   "\xff\xff\xff\xff\xff\xff\xff\xff\xff\xff"
   "\xff\xff\xff\xff\xff\xff\xff\xff\xff\xff"
   "\xff\xff\xff\xff\xff\xff\xff\xff\xff\xff"
   "\xff\xff\xff\xff\xff\xff\xff\xff\xff\xff"
   "\xff\xff\xff\xff\xff\xff\xff\xff\xff\xff"
   "\xff\xff\xff\xff\xff\xff\xff\xff\xff\xff"
   "\xff\xff\xff\xff\xff\xff\xff\xff\xff\xff"
   "\xff\xff\xff\xff\xff\xff\xff\xff\xff\xff"
   "\xff\xff\xff\xff\xff\xff\xff\xff\xff\xff"
   "\xff\xff\xff\xff\xff\xff\xff\xff\xff\xff"
   "\xff\xff\xff\xff\xff\xff\xff\xff\xff\xff"
   "\xff\xff\xff\xff\xff\xff\xff\xff\xff\xff"
   "\xff\xff\xff\xff\xff\xff\xff\xff\xff\xff"
   "\xff\xff\xff\xff\xff\xff\xff\xff\xff\xff"
   "\xff\xff\xff\xff\xff\xff\xff\xff\xff\xff"
   "\xff\xff\xff\xff\xff\xff\xff\xff\xff\xff"
   "\xff\xff\xff\xff\xff\xff\xff\xff\xff\xff"
   "\xff\xff\xff\xff\xff\xff\xff\xff\x5d\xef"
   "\xef\x8b\x00\x00\x66\x38\x66\x40\x86\x40"
   "\xc6\x38\x85\x38\x66\x38\x66\x40\x05\x30"
   "\xad\xbb\x8e\xb3\x0c\xab\x66\x71\xe8\x81"
   "\xc7\x79\xe7\x81\xe7\x81\xe7\x79\xe7\x79"
   "\xe7\x79\xe7\x79\xe7\x79\xe7\x79\xe7\x79"
   "\xe7\x79\xe7\x79\xe7\x79\xe7\x79\xe7\x79"
   "\xe7\x79\xe7\x79\xe7\x79\xe7\x81\xa7\x79"
   "\x48\x8a\xa6\x48\x66\x38\x87\x40\x04\x00"
   "\x6d\xab\x6d\xab\x6d\xab\xa7\x79\xe7\x79"
   "\xe7\x79\xe7\x79\xc7\x79\xe7\x81\xc7\x79"
   "\xe7\x79\xe7\x79\xc7\x79\xe7\x79\xe7\x79"
   "\xe8\x81\xa8\x79\x07\x51\x26\x38\x66\x38"
   "\x87\x40\x46\x38\x46\x38\x88\x59\x4b\x82"
   "\x04\x28\x86\x38\x00\x00\x15\xad\xdf\xff"
   "\xff\xff\xff\xff\xff\xff\xff\xff\xff\xff"
   "\xff\xff\xff\xff\xff\xff\xff\xff\xff\xff"
   "\xff\xff\xff\xff\xff\xff\xff\xff\xff\xff"
   "\xff\xff\xff\xff\xff\xff\xff\xff\xff\xff"
   "\xff\xff\xff\xff\xff\xff\xff\xff\xff\xff"
   "\xff\xff\xff\xff\xff\xff\xff\xff\xff\xff"
   "\xff\xff\xff\xff\xff\xff\xff\xff\xff\xff"
   "\xff\xff\xff\xff\xff\xff\xff\xff\xff\xff"
   "\xff\xff\xff\xff\xff\xff\xff\xff\xff\xff"
   "\xff\xff\xff\xff\xff\xff\xff\xff\xff\xff"
   "\xff\xff\xff\xff\xff\xff\xff\xff\xff\xff"
   "\xff\xff\xff\xff\xff\xff\xff\xff\xff\xff"
   "\xff\xff\xff\xff\xff\xff\xff\xff\xff\xff"
   "\xff\xff\xff\xff\xff\xff\xff\xff\xff\xff"
   "\xff\xff\xff\xff\xff\xff\xff\xff\xff\xff"
   "\xff\xff\xff\xff\xff\xff\xff\xff\xff\xff"
   "\xff\xff\xff\xff\xff\xff\xff\xff\xff\xff"
   "\xff\xff\xff\xff\x7d\xef\x39\xce\x00\x00"
   "\x01\x20\xc7\x40\x66\x38\x05\x30\xa8\x61"
   "\x4d\xab\xec\x92\x06\x20\x87\x40\x05\x28"
   "\x6a\x82\xae\xb3\x8e\xb3\x8a\x92\xa6\x79"
   "\xe7\x81\xc7\x79\xe7\x81\xe7\x79\xe7\x79"
   "\xe7\x79\xe7\x79\xe7\x79\xe7\x79\xe7\x79"
   "\xe7\x79\xe7\x79\xe7\x79\xe7\x79\xe7\x79"
   "\xe7\x79\xe7\x79\xe7\x79\xc7\x79\xe8\x79"
   "\xc7\x79\xc8\x79\x66\x40\x66\x40\x66\x38"
   "\x05\x18\xae\xb3\x8e\xb3\xeb\x9a\x86\x71"
   "\xe7\x81\xe7\x79\xc7\x79\xe7\x81\xe7\x79"
   "\xe7\x79\xc7\x79\xe7\x81\xe7\x81\xe7\x81"
   "\xe7\x79\x27\x51\x45\x30\x66\x40\x86\x40"
   "\x05\x38\x07\x49\x6a\x82\xaf\xbb\x30\xcc"
   "\x46\x40\x66\x38\x46\x40\x00\x00\xba\xde"
   "\xff\xff\xff\xff\xff\xff\xff\xff\xff\xff"
   "\xff\xff\xff\xff\xff\xff\xff\xff\xff\xff"
   "\xff\xff\xff\xff\xff\xff\xff\xff\xff\xff"
   "\xff\xff\xff\xff\xff\xff\xff\xff\xff\xff"
   "\xff\xff\xff\xff\xff\xff\xff\xff\xff\xff"
   "\xff\xff\xff\xff\xff\xff\xff\xff\xff\xff"
   "\xff\xff\xff\xff\xff\xff\xff\xff\xff\xff"
   "\xff\xff\xff\xff\xff\xff\xff\xff\xff\xff"
   "\xff\xff\xff\xff\xff\xff\xff\xff\xff\xff"
   "\xff\xff\xff\xff\xff\xff\xff\xff\xff\xff"
   "\xff\xff\xff\xff\xff\xff\xff\xff\xff\xff"
   "\xff\xff\xff\xff\xff\xff\xff\xff\xff\xff"
   "\xff\xff\xff\xff\xff\xff\xff\xff\xff\xff"
   "\xff\xff\xff\xff\xff\xff\xff\xff\xff\xff"
   "\xff\xff\xff\xff\xff\xff\xff\xff\xff\xff"
   "\xff\xff\xff\xff\xff\xff\xff\xff\xff\xff"
   "\xff\xff\xff\xff\xff\xff\xff\xff\xff\xff"
   "\xff\xff\x7a\xd6\x2e\x7b\x00\x00\x66\x40"
   "\x87\x40\x05\x28\x27\x51\xab\x8a\xae\xb3"
   "\x8e\xbb\x4c\xab\x25\x40\x26\x30\xa7\x40"
   "\x03\x00\x2c\xa3\xae\xbb\x4d\xab\xe8\x79"
   "\xc7\x79\xe7\x81\xe7\x79\xe7\x79\xe7\x79"
   "\xe7\x79\xe7\x79\xe7\x79\xe7\x79\xe7\x79"
   "\xe7\x79\xe7\x79\xe7\x79\xe7\x79\xe7\x79"
   "\xe7\x79\xe7\x79\xe7\x79\xe7\x79\xe7\x79"
   "\xe8\x81\xe7\x81\x87\x69\x25\x38\x87\x40"
   "\x05\x30\x4a\x72\xce\xbb\x6d\xab\x49\x8a"
   "\xc7\x79\xe7\x81\xe7\x79\xe7\x79\xe7\x79"
   "\xc7\x79\xe7\x79\x07\x82\xc7\x81\x67\x61"
   "\x66\x40\x26\x38\x86\x40\x46\x38\x04\x18"
   "\x09\x6a\x4d\xa3\xef\xc3\x6d\xab\xaa\x92"
   "\x88\x69\x26\x38\x66\x40\x04\x30\xa8\x48"
   "\xdf\xff\xff\xff\xff\xff\xff\xff\xff\xff"
   "\xff\xff\xff\xff\xff\xff\xff\xff\xff\xff"
   "\xff\xff\xff\xff\xff\xff\xff\xff\xff\xff"
   "\xff\xff\xff\xff\xff\xff\xff\xff\xff\xff"
   "\xff\xff\xff\xff\xff\xff\xff\xff\xff\xff"
   "\xff\xff\xff\xff\xff\xff\xff\xff\xff\xff"
   "\xff\xff\xff\xff\xff\xff\xff\xff\xff\xff"
   "\xff\xff\xff\xff\xff\xff\xff\xff\xff\xff"
   "\xff\xff\xff\xff\xff\xff\xff\xff\xff\xff"
   "\xff\xff\xff\xff\xff\xff\xff\xff\xff\xff"
   "\xff\xff\xff\xff\xff\xff\xff\xff\xff\xff"
   "\xff\xff\xff\xff\xff\xff\xff\xff\xff\xff"
   "\xff\xff\xff\xff\xff\xff\xff\xff\xff\xff"
   "\xff\xff\xff\xff\xff\xff\xff\xff\xff\xff"
   "\xff\xff\xff\xff\xff\xff\xff\xff\xff\xff"
   "\xff\xff\xff\xff\xff\xff\xff\xff\xff\xff"
   "\xff\xff\xff\xff\xff\xff\xff\xff\x3c\xef"
   "\x92\x94\xe6\x40\x02\x28\x86\x40\x66\x38"
   "\x05\x10\x09\x7a\x8e\xb3\xce\xbb\xeb\x9a"
   "\x49\x8a\xa6\x71\xc7\x71\x87\x40\x66\x38"
   "\x66\x40\xa6\x40\xae\xbb\x6d\xb3\xcb\x9a"
   "\xc7\x79\xe8\x81\xe8\x81\xe7\x79\xe7\x79"
   "\xe7\x79\xe7\x79\xe7\x79\xe7\x79\xe7\x79"
   "\xe7\x79\xe7\x79\xe7\x79\xe7\x79\xe7\x79"
   "\xe7\x79\xe7\x79\xe7\x79\xe7\x79\xe7\x79"
   "\xc7\x79\xe7\x81\xe7\x81\xe6\x48\x46\x38"
   "\x86\x40\x05\x28\x0c\x9b\xce\xbb\x0d\xa3"
   "\xc7\x79\xc7\x79\xe8\x81\xe7\x79\xe8\x79"
   "\xe7\x81\x08\x8a\xa7\x69\xa6\x48\x46\x30"
   "\x66\x38\xc7\x48\x04\x18\x06\x40\x2c\xa3"
   "\x8d\xb3\xcf\xbb\xec\x9a\xe8\x79\xe6\x58"
   "\x47\x69\x07\x59\x26\x38\xa6\x48\x00\x20"
   "\x92\x9c\xff\xff\xff\xff\xff\xff\xff\xff"
   "\xff\xff\xff\xff\xff\xff\xff\xff\xff\xff"
   "\xff\xff\xff\xff\xff\xff\xff\xff\xff\xff"
   "\xff\xff\xff\xff\xff\xff\xff\xff\xff\xff"
   "\xff\xff\xff\xff\xff\xff\xff\xff\xff\xff"
   "\xff\xff\xff\xff\xff\xff\xff\xff\xff\xff"
   "\xff\xff\xff\xff\xff\xff\xff\xff\xff\xff"
   "\xff\xff\xff\xff\xff\xff\xff\xff\xff\xff"
   "\xff\xff\xff\xff\xff\xff\xff\xff\xff\xff"
   "\xff\xff\xff\xff\xff\xff\xff\xff\xff\xff"
   "\xff\xff\xff\xff\xff\xff\xff\xff\xff\xff"
   "\xff\xff\xff\xff\xff\xff\xff\xff\xff\xff"
   "\xff\xff\xff\xff\xff\xff\xff\xff\xff\xff"
   "\xff\xff\xff\xff\xff\xff\xff\xff\xff\xff"
   "\xff\xff\xff\xff\xff\xff\xff\xff\xff\xff"
   "\xff\xff\xff\xff\xff\xff\xff\xff\xff\xff"
   "\xff\xff\xff\xff\xff\xff\x39\xce\x49\x4a"
   "\x04\x30\x25\x38\x87\x40\x04\x20\x06\x30"
   "\x6d\xab\xae\xb3\x6d\xb3\x69\x8a\xc7\x79"
   "\xc7\x79\xe7\x81\xe7\x79\x67\x61\x67\x38"
   "\x66\x40\x67\x38\x29\x72\x0f\xc4\x4d\xab"
   "\x28\x82\xe7\x81\xa7\x79\xe7\x79\xe7\x79"
   "\xe7\x79\xe7\x79\xe7\x79\xe7\x79\xe7\x79"
   "\xe7\x79\xe7\x79\xe7\x79\xe7\x79\xe7\x79"
   "\xe7\x79\xe7\x79\xe7\x79\xe7\x79\xe7\x79"
   "\xe7\x79\xe7\x79\xe7\x81\xa7\x71\x66\x38"
   "\x66\x38\x86\x40\x67\x51\x4e\xb3\xae\xb3"
   "\x89\x8a\xc7\x79\xc7\x79\xe8\x81\x08\x8a"
   "\xe7\x81\x06\x51\x66\x38\x66\x38\x86\x40"
   "\x66\x38\x03\x00\x8b\x7a\x8d\xb3\xce\xbb"
   "\x6d\xb3\x29\x7a\x27\x61\x27\x61\x67\x69"
   "\x47\x61\x67\x69\xa6\x48\x66\x40\xa7\x40"
   "\x00\x00\x5d\xef\xff\xff\xff\xff\xff\xff"
   "\xff\xff\xff\xff\xff\xff\xff\xff\xff\xff"
   "\xff\xff\xff\xff\xff\xff\xff\xff\xff\xff"
   "\xff\xff\xff\xff\xff\xff\xff\xff\xff\xff"
   "\xff\xff\xff\xff\xff\xff\xff\xff\xff\xff"
   "\xff\xff\xff\xff\xff\xff\xff\xff\xff\xff"
   "\xff\xff\xff\xff\xff\xff\xff\xff\xff\xff"
   "\xff\xff\xff\xff\xff\xff\xff\xff\xff\xff"
   "\xff\xff\xff\xff\xff\xff\xff\xff\xff\xff"
   "\xff\xff\xff\xff\xff\xff\xff\xff\xff\xff"
   "\xff\xff\xff\xff\xff\xff\xff\xff\xff\xff"
   "\xff\xff\xff\xff\xff\xff\xff\xff\xff\xff"
   "\xff\xff\xff\xff\xff\xff\xff\xff\xff\xff"
   "\xff\xff\xff\xff\xff\xff\xff\xff\xff\xff"
   "\xff\xff\xff\xff\xff\xff\xff\xff\xff\xff"
   "\xff\xff\xff\xff\xff\xff\xff\xff\xff\xff"
   "\xff\xff\x3c\xef\xcb\x62\xa5\x38\x66\x40"
   "\x66\x40\x67\x38\x05\x10\x2a\x7a\x0f\xbc"
   "\xae\xb3\x2c\xa3\xa7\x79\xc7\x79\xe7\x81"
   "\xe7\x81\xe8\x81\xe7\x81\xc8\x79\xc6\x48"
   "\x66\x40\x86\x40\xa6\x38\xcc\x92\xce\xbb"
   "\x0c\xa3\xc6\x71\xe8\x81\xe7\x79\xe7\x79"
   "\xe7\x79\xe7\x79\xe7\x79\xe7\x79\xe7\x79"
   "\xe7\x79\xe7\x79\xe7\x79\xe7\x79\xe7\x79"
   "\xe7\x79\xe7\x79\xe7\x79\xe7\x79\xe7\x79"
   "\xe7\x79\xe7\x79\xc8\x81\x07\x82\x06\x51"
   "\x87\x40\x66\x38\x27\x30\xab\x8a\xce\xbb"
   "\x6d\xab\xe8\x79\xc7\x79\x08\x82\xa7\x69"
   "\x66\x38\x86\x40\x46\x40\x86\x40\x45\x30"
   "\xc6\x38\x2c\x9b\xad\xb3\xcf\xbb\xcc\x9a"
   "\xc5\x60\x47\x69\x67\x61\x67\x69\x67\x69"
   "\x46\x61\x87\x69\x47\x59\x87\x38\x65\x38"
   "\x46\x38\xaa\x52\xff\xff\xff\xff\xff\xff"
   "\xff\xff\xff\xff\xff\xff\xff\xff\xff\xff"
   "\xff\xff\xff\xff\xff\xff\xff\xff\xff\xff"
   "\xff\xff\xff\xff\xff\xff\xff\xff\xff\xff"
   "\xff\xff\xff\xff\xff\xff\xff\xff\xff\xff"
   "\xff\xff\xff\xff\xff\xff\xff\xff\xff\xff"
   "\xff\xff\xff\xff\xff\xff\xff\xff\xff\xff"
   "\xff\xff\xff\xff\xff\xff\xff\xff\xff\xff"
   "\xff\xff\xff\xff\xff\xff\xff\xff\xff\xff"
   "\xff\xff\xff\xff\xff\xff\xff\xff\xff\xff"
   "\xff\xff\xff\xff\xff\xff\xff\xff\xff\xff"
   "\xff\xff\xff\xff\xff\xff\xff\xff\xff\xff"
   "\xff\xff\xff\xff\xff\xff\xff\xff\xff\xff"
   "\xff\xff\xff\xff\xff\xff\xff\xff\xff\xff"
   "\xff\xff\xff\xff\xff\xff\xff\xff\xff\xff"
   "\xff\xff\xff\xff\xff\xff\xff\xff\xdf\xff"
   "\xf8\xc5\x00\x00\x04\x30\x86\x40\x87\x40"
   "\x25\x30\x27\x49\x4d\xa3\xce\xc3\x6d\xab"
   "\x48\x8a\x46\x71\x08\x82\xc7\x79\xe7\x79"
   "\xe7\x81\xc7\x79\xc7\x79\x08\x82\x87\x69"
   "\x66\x38\x86\x38\x46\x30\x09\x6a\xae\xb3"
   "\xae\xb3\x6a\x92\xc7\x79\xe7\x79\xe7\x79"
   "\xe7\x79\xe7\x79\xe7\x79\xe7\x79\xe7\x79"
   "\xe7\x79\xe7\x79\xe7\x79\xe7\x79\xe7\x79"
   "\xe7\x79\xe7\x79\xe7\x79\xe7\x79\xe7\x79"
   "\xe7\x79\xe7\x79\xc7\x79\xe8\x81\xc7\x79"
   "\x66\x38\x87\x40\x46\x40\x66\x40\x0c\x9b"
   "\xce\xb3\x0b\xa3\xe8\x79\x07\x59\x06\x28"
   "\x66\x40\x66\x40\x86\x40\x65\x30\x0a\x72"
   "\xce\xbb\xce\xbb\x8f\xbb\x67\x71\xa4\x50"
   "\x67\x69\x46\x61\x67\x69\x46\x61\x67\x69"
   "\x67\x69\x47\x69\x67\x69\xc6\x50\x46\x40"
   "\x86\x40\x47\x41\xb6\xb5\xff\xff\xff\xff"
   "\xff\xff\xff\xff\xff\xff\xff\xff\xff\xff"
   "\xff\xff\xff\xff\xff\xff\xff\xff\xff\xff"
   "\xff\xff\xff\xff\xff\xff\xff\xff\xff\xff"
   "\xff\xff\xff\xff\xff\xff\xff\xff\xff\xff"
   "\xff\xff\xff\xff\xff\xff\xff\xff\xff\xff"
   "\xff\xff\xff\xff\xff\xff\xff\xff\xff\xff"
   "\xff\xff\xff\xff\xff\xff\xff\xff\xff\xff"
   "\xff\xff\xff\xff\xff\xff\xff\xff\xff\xff"
   "\xff\xff\xff\xff\xff\xff\xff\xff\xff\xff"
   "\xff\xff\xff\xff\xff\xff\xff\xff\xff\xff"
   "\xff\xff\xff\xff\xff\xff\xff\xff\xff\xff"
   "\xff\xff\xff\xff\xff\xff\xff\xff\xff\xff"
   "\xff\xff\xff\xff\xff\xff\xff\xff\xff\xff"
   "\xff\xff\xff\xff\xff\xff\xff\xff\xff\xff"
   "\xff\xff\xff\xff\xff\xff\xfb\xde\xcf\x83"
   "\x00\x00\x66\x40\xa7\x40\x05\x28\xc7\x48"
   "\x6a\x7a\xae\xbb\xae\xbb\xeb\x9a\x25\x71"
   "\xc7\x79\x07\x7a\xe8\x79\xe7\x79\xe7\x79"
   "\xe7\x79\xc7\x79\xe7\x81\xc7\x79\x28\x8a"
   "\x07\x49\x46\x40\x86\x38\x05\x28\x8a\x82"
   "\xae\xb3\x8e\xb3\xa6\x79\xe7\x79\xe7\x79"
   "\xe7\x79\xe7\x79\xe7\x79\xe7\x79\xe7\x79"
   "\xe7\x79\xe7\x79\xe7\x79\xe7\x79\xe7\x79"
   "\xe7\x79\xe7\x79\xe7\x79\xe7\x79\xe7\x79"
   "\xe7\x79\xe7\x79\xe7\x79\xc7\x79\x27\x8a"
   "\x67\x61\x26\x38\x86\x40\x04\x20\xab\x8a"
   "\x6d\xb3\x4e\xa3\x03\x18\x27\x30\x86\x40"
   "\x66\x38\x05\x30\x0a\x62\xab\x92\x0f\xc4"
   "\x6d\xb3\xca\x92\xe6\x58\x46\x61\x46\x61"
   "\x46\x61\x67\x69\x67\x69\x66\x69\x47\x69"
   "\x46\x69\x66\x69\x67\x69\x67\x61\x86\x40"
   "\x66\x40\x05\x38\x4a\x5a\xfb\xe6\xff\xff"
   "\xff\xff\xff\xff\xff\xff\xff\xff\xff\xff"
   "\xff\xff\xff\xff\xff\xff\xff\xff\xff\xff"
   "\xff\xff\xff\xff\xff\xff\xff\xff\xff\xff"
   "\xff\xff\xff\xff\xff\xff\xff\xff\xff\xff"
   "\xff\xff\xff\xff\xff\xff\xff\xff\xff\xff"
   "\xff\xff\xff\xff\xff\xff\xff\xff\xff\xff"
   "\xff\xff\xff\xff\xff\xff\xff\xff\xff\xff"
   "\xff\xff\xff\xff\xff\xff\xff\xff\xff\xff"
   "\xff\xff\xff\xff\xff\xff\xff\xff\xff\xff"
   "\xff\xff\xff\xff\xff\xff\xff\xff\xff\xff"
   "\xff\xff\xff\xff\xff\xff\xff\xff\xff\xff"
   "\xff\xff\xff\xff\xff\xff\xff\xff\xff\xff"
   "\xff\xff\xff\xff\xff\xff\xff\xff\xff\xff"
   "\xff\xff\xff\xff\xff\xff\xff\xff\xff\xff"
   "\xff\xff\x3c\xe7\x17\xbe\xa7\x38\x00\x08"
   "\xa6\x40\x25\x38\x05\x18\x2a\x72\x2d\xa3"
   "\xef\xc3\x2c\xab\x28\x8a\x86\x71\xe7\x81"
   "\xe7\x79\xe7\x79\xe7\x79\xe7\x79\xe7\x79"
   "\xe7\x79\xe7\x79\xe7\x79\xe7\x79\xe7\x81"
   "\xe7\x79\x46\x38\x87\x40\x46\x38\xe7\x48"
   "\x6d\xb3\x8d\xb3\x2c\xa3\x66\x71\xe7\x79"
   "\xe7\x81\xe7\x79\xe7\x79\xe7\x79\xe7\x79"
   "\xe7\x79\xe7\x79\xe7\x79\xe7\x79\xe7\x79"
   "\xe7\x79\xe7\x79\xe7\x79\xe7\x79\xe7\x79"
   "\xe7\x79\xe7\x79\xe7\x79\xe7\x79\xe7\x79"
   "\x08\x8a\xe6\x50\x26\x38\x86\x40\x05\x38"
   "\x47\x51\x04\x18\x86\x38\x66\x40\x05\x20"
   "\x27\x49\xaa\x82\xd0\xb3\xae\xbb\x2d\xa3"
   "\x09\x82\x06\x59\x47\x61\x67\x69\x67\x69"
   "\x67\x69\x67\x69\x67\x69\x67\x69\x67\x69"
   "\x67\x69\x67\x69\x67\x69\x87\x69\x07\x59"
   "\x46\x38\x66\x38\x01\x28\x72\x94\xbe\xf7"
   "\xff\xff\xff\xff\xff\xff\xff\xff\xff\xff"
   "\xff\xff\xff\xff\xff\xff\xff\xff\xff\xff"
   "\xff\xff\xff\xff\xff\xff\xff\xff\xff\xff"
   "\xff\xff\xff\xff\xff\xff\xff\xff\xff\xff"
   "\xff\xff\xff\xff\xff\xff\xff\xff\xff\xff"
   "\xff\xff\xff\xff\xff\xff\xff\xff\xff\xff"
   "\xff\xff\xff\xff\xff\xff\xff\xff\xff\xff"
   "\xff\xff\xff\xff\xff\xff\xff\xff\xff\xff"
   "\xff\xff\xff\xff\xff\xff\xff\xff\xff\xff"
   "\xff\xff\xff\xff\xff\xff\xff\xff\xff\xff"
   "\xff\xff\xff\xff\xff\xff\xff\xff\xff\xff"
   "\xff\xff\xff\xff\xff\xff\xff\xff\xff\xff"
   "\xff\xff\xff\xff\xff\xff\xff\xff\xff\xff"
   "\xff\xff\xff\xff\xff\xff\xff\xff\xff\xff"
   "\x39\xce\x2d\x73\x00\x00\x05\x38\xa7\x40"
   "\x05\x20\x26\x49\x0c\x9b\xce\xbb\x8e\xb3"
   "\x69\x92\xc7\x81\xc7\x79\xe7\x81\xe7\x79"
   "\xe7\x79\xe7\x79\xe7\x79\xe7\x79\xe7\x79"
   "\xe7\x79\xe7\x79\xe7\x79\xc7\x79\xe7\x79"
   "\x07\x8a\xa7\x69\x06\x28\x86\x40\x05\x20"
   "\x09\x72\xae\xbb\x8e\xab\x89\x8a\x86\x71"
   "\xe8\x81\xe7\x79\xe7\x79\xe7\x79\xe7\x79"
   "\xe7\x79\xe7\x79\xe7\x79\xe7\x79\xe7\x79"
   "\xe7\x79\xe7\x79\xe7\x79\xe7\x79\xe7\x79"
   "\xe7\x79\xe7\x79\xc7\x79\xe7\x79\xc7\x79"
   "\xe7\x81\x27\x82\x65\x40\x86\x38\x66\x40"
   "\x25\x38\x86\x40\x65\x38\x04\x18\x09\x6a"
   "\x4d\xab\xae\xbb\x4d\xab\x6a\x8a\xe7\x79"
   "\x46\x69\x67\x69\x67\x69\x67\x69\x67\x69"
   "\x67\x69\x67\x69\x67\x69\x67\x69\x67\x69"
   "\x67\x69\x67\x69\x67\x69\x47\x69\x87\x69"
   "\xa6\x48\x66\x38\x46\x40\x00\x00\xdb\xde"
   "\xff\xff\xff\xff\xff\xff\xff\xff\xff\xff"
   "\xff\xff\xff\xff\xff\xff\xff\xff\xff\xff"
   "\xff\xff\xff\xff\xff\xff\xff\xff\xff\xff"
   "\xff\xff\xff\xff\xff\xff\xff\xff\xff\xff"
   "\xff\xff\xff\xff\xff\xff\xff\xff\xff\xff"
   "\xff\xff\xff\xff\xff\xff\xff\xff\xff\xff"
   "\xff\xff\xff\xff\xff\xff\xff\xff\xff\xff"
   "\xff\xff\xff\xff\xff\xff\xff\xff\xff\xff"
   "\xff\xff\xff\xff\xff\xff\xff\xff\xff\xff"
   "\xff\xff\xff\xff\xff\xff\xff\xff\xff\xff"
   "\xff\xff\xff\xff\xff\xff\xff\xff\xff\xff"
   "\xff\xff\xff\xff\xff\xff\xff\xff\xff\xff"
   "\xff\xff\xff\xff\xff\xff\xff\xff\xff\xff"
   "\xff\xff\xff\xff\xff\xff\xff\xff\xba\xd6"
   "\xc8\x49\x06\x38\x25\x38\x66\x38\x04\x08"
   "\x0a\x72\x8e\xb3\xcf\xbb\xcb\x9a\xa6\x71"
   "\xe7\x81\xc7\x79\xe8\x81\xc7\x79\xe7\x79"
   "\xe7\x79\xe7\x79\xe7\x79\xe7\x79\xe7\x79"
   "\xe7\x79\xe7\x79\xe7\x79\xe7\x81\xc7\x79"
   "\xc7\x79\x07\x8a\xe7\x50\x26\x38\x87\x40"
   "\x04\x18\x0d\x9b\x6d\xb3\x8e\xb3\xe7\x79"
   "\xc7\x81\xe7\x79\xe7\x79\xe7\x79\xe7\x79"
   "\xe7\x79\xe7\x79\xe7\x79\xe7\x79\xe7\x79"
   "\xe7\x79\xe7\x79\xe7\x79\xe7\x79\xe7\x79"
   "\xe7\x79\xe7\x79\xe7\x79\xe7\x79\xe7\x81"
   "\x07\x8a\xa7\x71\x46\x40\x66\x38\x66\x40"
   "\x66\x40\x46\x38\x86\x40\xec\x92\xce\xbb"
   "\xaf\xbb\xcb\x9a\xe8\x81\xe7\x79\xe7\x79"
   "\x87\x69\x67\x69\x67\x69\x67\x69\x67\x69"
   "\x67\x69\x67\x69\x67\x69\x67\x69\x67\x69"
   "\x67\x69\x67\x69\x67\x69\x67\x61\x46\x69"
   "\x67\x69\x66\x38\x86\x40\x05\x30\x67\x49"
   "\x9e\xf7\xff\xff\xff\xff\xff\xff\xff\xff"
   "\xff\xff\xff\xff\xff\xff\xff\xff\xff\xff"
   "\xff\xff\xff\xff\xff\xff\xff\xff\xff\xff"
   "\xff\xff\xff\xff\xff\xff\xff\xff\xff\xff"
   "\xff\xff\xff\xff\xff\xff\xff\xff\xff\xff"
   "\xff\xff\xff\xff\xff\xff\xff\xff\xff\xff"
   "\xff\xff\xff\xff\xff\xff\xff\xff\xff\xff"
   "\xff\xff\xff\xff\xff\xff\xff\xff\xff\xff"
   "\xff\xff\xff\xff\xff\xff\xff\xff\xff\xff"
   "\xff\xff\xff\xff\xff\xff\xff\xff\xff\xff"
   "\xff\xff\xff\xff\xff\xff\xff\xff\xff\xff"
   "\xff\xff\xff\xff\xff\xff\xff\xff\xff\xff"
   "\xff\xff\xff\xff\xff\xff\xff\xff\xff\xff"
   "\xff\xff\xff\xff\xff\xff\xff\xff\x99\xce"
   "\x26\x41\x26\x30\x86\x38\xc6\x48\x4c\xab"
   "\xcf\xbb\x4d\xab\x07\x7a\xc7\x79\xe8\x81"
   "\xe7\x81\xe7\x79\xe7\x79\xe7\x79\xe7\x79"
   "\xe7\x79\xe7\x79\xe7\x79\xe7\x79\xe7\x79"
   "\xe7\x79\xe7\x79\xe7\x79\xe7\x79\xe7\x79"
   "\xc7\x79\xc7\x81\xe7\x81\x26\x38\x86\x40"
   "\x66\x38\x05\x20\x0f\xc4\x4d\xb3\x2c\xa3"
   "\xa6\x79\xe8\x79\xc7\x79\xc7\x79\xc7\x79"
   "\xe7\x79\xe7\x79\xe7\x79\xe7\x79\xe7\x79"
   "\xe7\x79\xe7\x79\xe7\x79\xc7\x81\xc8\x79"
   "\xe7\x79\xe7\x79\xe7\x79\xe7\x81\x28\x8a"
   "\xa6\x40\x66\x38\x86\x40\x66\x40\x87\x38"
   "\x66\x40\x04\x28\xec\x9a\x8e\xb3\x2c\xa3"
   "\x08\x82\x87\x79\xc7\x79\xc7\x79\xc7\x79"
   "\x27\x61\x67\x69\x67\x69\x67\x69\x67\x69"
   "\x67\x69\x67\x69\x67\x69\x67\x69\x67\x69"
   "\x67\x69\x67\x69\x67\x69\x67\x69\x67\x69"
   "\x67\x69\x07\x51\x46\x38\x86\x40\x00\x00"
   "\xf7\xbd\xff\xff\xff\xff\xff\xff\xff\xff"
   "\xff\xff\xff\xff\xff\xff\xff\xff\xff\xff"
   "\xff\xff\xff\xff\xff\xff\xff\xff\xff\xff"
   "\xff\xff\xff\xff\xff\xff\xff\xff\xff\xff"
   "\xff\xff\xff\xff\xff\xff\xff\xff\xff\xff"
   "\xff\xff\xff\xff\xff\xff\xff\xff\xff\xff"
   "\xff\xff\xff\xff\xff\xff\xff\xff\xff\xff"
   "\xff\xff\xff\xff\xff\xff\xff\xff\xff\xff"
   "\xff\xff\xff\xff\xff\xff\xff\xff\xff\xff"
   "\xff\xff\xff\xff\xff\xff\xff\xff\xff\xff"
   "\xff\xff\xff\xff\xff\xff\xff\xff\xff\xff"
   "\xff\xff\xff\xff\xff\xff\xff\xff\xff\xff"
   "\xff\xff\xff\xff\xff\xff\xff\xff\xff\xff"
   "\xff\xff\xff\xff\xff\xff\xff\xff\x3c\xe7"
   "\x8e\x73\x27\x40\x86\x40\xa7\x40\x2c\x9b"
   "\xae\xbb\xcb\x9a\xc7\x71\xe7\x79\xe8\x81"
   "\xc7\x79\xe7\x79\xe7\x79\xe7\x79\xe7\x79"
   "\xe7\x79\xe7\x79\xe7\x79\xe7\x79\xe7\x79"
   "\xe7\x79\xe7\x79\xe7\x79\xe7\x79\xe7\x79"
   "\xe7\x79\xc7\x79\x07\x82\x68\x69\x06\x30"
   "\x86\x40\x25\x30\xa8\x69\xae\xbb\x6e\xab"
   "\x6a\x8a\xc6\x79\xe7\x79\xe7\x79\xc7\x79"
   "\xe7\x79\xe7\x79\xe7\x79\xe7\x79\xe7\x79"
   "\xe7\x79\xe7\x79\xe7\x79\xe7\x79\xe7\x81"
   "\xc7\x79\xc7\x79\xe7\x81\xa7\x69\x45\x38"
   "\x66\x38\xa7\x40\x46\x38\x87\x40\x86\x38"
   "\x66\x38\x86\x38\xa5\x40\xf0\xc3\x6d\xb3"
   "\x8a\x8a\xc8\x81\xe7\x79\xe7\x81\x87\x69"
   "\x47\x61\x67\x69\x67\x69\x67\x69\x67\x69"
   "\x67\x69\x67\x69\x67\x69\x67\x69\x67\x69"
   "\x67\x69\x67\x69\x67\x69\x67\x69\x67\x69"
   "\x67\x69\x87\x69\x86\x48\x66\x38\xa6\x40"
   "\x00\x00\xbb\xde\xff\xff\xff\xff\xff\xff"
   "\xff\xff\xff\xff\xff\xff\xff\xff\xff\xff"
   "\xff\xff\xff\xff\xff\xff\xff\xff\xff\xff"
   "\xff\xff\xff\xff\xff\xff\xff\xff\xff\xff"
   "\xff\xff\xff\xff\xff\xff\xff\xff\xff\xff"
   "\xff\xff\xff\xff\xff\xff\xff\xff\xff\xff"
   "\xff\xff\xff\xff\xff\xff\xff\xff\xff\xff"
   "\xff\xff\xff\xff\xff\xff\xff\xff\xff\xff"
   "\xff\xff\xff\xff\xff\xff\xff\xff\xff\xff"
   "\xff\xff\xff\xff\xff\xff\xff\xff\xff\xff"
   "\xff\xff\xff\xff\xff\xff\xff\xff\xff\xff"
   "\xff\xff\xff\xff\xff\xff\xff\xff\xff\xff"
   "\xff\xff\xff\xff\xff\xff\xff\xff\xff\xff"
   "\xff\xff\xff\xff\xff\xff\xff\xff\xff\xff"
   "\x9a\xd6\xa8\x49\x45\x38\x66\x38\x67\x51"
   "\x8d\xb3\xae\xbb\x69\x8a\xe8\x81\xc7\x79"
   "\xe8\x81\xe7\x79\xe7\x79\xe7\x79\xe7\x79"
   "\xe7\x79\xe7\x79\xe7\x79\xe7\x79\xe7\x79"
   "\xe7\x79\xe7\x79\xe7\x79\xe7\x79\xe7\x79"
   "\xe7\x79\xc7\x79\xc7\x79\xe7\x81\xe6\x50"
   "\x46\x38\xa7\x40\x05\x28\x2c\xa3\xae\xbb"
   "\x2d\xa3\xc7\x79\xe7\x79\xe7\x81\xc7\x79"
   "\xc7\x79\xe7\x79\xe7\x79\xe7\x79\xe7\x79"
   "\xe7\x79\xe7\x79\xe7\x79\xc7\x81\xe7\x79"
   "\xe7\x81\xc7\x79\x07\x51\x06\x30\x86\x40"
   "\x87\x40\x05\x30\xc6\x40\x8b\x82\x2a\x72"
   "\x86\x38\x86\x40\x26\x30\xc9\x69\xce\xbb"
   "\x6d\xab\x08\x7a\xe8\x81\x07\x82\x67\x69"
   "\x47\x69\x67\x69\x67\x69\x67\x69\x67\x69"
   "\x67\x69\x67\x69\x67\x69\x67\x69\x67\x69"
   "\x67\x69\x67\x69\x67\x69\x67\x69\x47\x61"
   "\x67\x69\x67\x69\x47\x61\x46\x38\x86\x40"
   "\x05\x30\x4a\x52\xbe\xf7\xff\xff\xff\xff"
   "\xff\xff\xff\xff\xff\xff\xff\xff\xff\xff"
   "\xff\xff\xff\xff\xff\xff\xff\xff\xff\xff"
   "\xff\xff\xff\xff\xff\xff\xff\xff\xff\xff"
   "\xff\xff\xff\xff\xff\xff\xff\xff\xff\xff"
   "\xff\xff\xff\xff\xff\xff\xff\xff\xff\xff"
   "\xff\xff\xff\xff\xff\xff\xff\xff\xff\xff"
   "\xff\xff\xff\xff\xff\xff\xff\xff\xff\xff"
   "\xff\xff\xff\xff\xff\xff\xff\xff\xff\xff"
   "\xff\xff\xff\xff\xff\xff\xff\xff\xff\xff"
   "\xff\xff\xff\xff\xff\xff\xff\xff\xff\xff"
   "\xff\xff\xff\xff\xff\xff\xff\xff\xff\xff"
   "\xff\xff\xff\xff\xff\xff\xff\xff\xff\xff"
   "\xff\xff\xff\xff\xff\xff\xff\xff\xff\xff"
   "\xff\xff\x75\xad\xc6\x38\x65\x38\x06\x30"
   "\x6a\x82\xae\xb3\x6e\xb3\xc7\x79\xe7\x81"
   "\xe7\x79\xe7\x79\xe7\x79\xe7\x79\xe7\x79"
   "\xe7\x79\xe7\x79\xe7\x79\xe7\x79\xe7\x79"
   "\xe7\x79\xe7\x79\xe7\x79\xe7\x79\xe7\x79"
   "\xe8\x81\xe7\x81\xc8\x81\xe7\x81\xa7\x71"
   "\x86\x40\x66\x40\x66\x40\x07\x41\xae\xbb"
   "\x8e\xb3\xaa\x92\xc7\x79\xe7\x81\xe7\x79"
   "\xc7\x79\xe7\x79\xe7\x79\xe7\x79\xe7\x79"
   "\xe7\x79\xe7\x79\xe7\x79\x07\x82\x07\x82"
   "\x67\x69\x66\x40\x46\x30\x86\x40\x65\x38"
   "\x04\x10\xc8\x61\x2c\xa3\xef\xc3\x4d\xab"
   "\xe6\x48\x66\x38\x87\x40\xe7\x48\x2c\x9b"
   "\xce\xbb\x0c\xa3\xa6\x79\x08\x82\x27\x61"
   "\x67\x69\x67\x69\x67\x69\x67\x69\x67\x69"
   "\x67\x69\x67\x69\x67\x69\x67\x69\x67\x69"
   "\x67\x69\x67\x69\x67\x69\x67\x69\x67\x69"
   "\x67\x69\x67\x61\x67\x69\x06\x51\x46\x40"
   "\x86\x40\x00\x10\x93\x9c\xff\xff\xff\xff"
   "\xff\xff\xff\xff\xff\xff\xff\xff\xff\xff"
   "\xff\xff\xff\xff\xff\xff\xff\xff\xff\xff"
   "\xff\xff\xff\xff\xff\xff\xff\xff\xff\xff"
   "\xff\xff\xff\xff\xff\xff\xff\xff\xff\xff"
   "\xff\xff\xff\xff\xff\xff\xff\xff\xff\xff"
   "\xff\xff\xff\xff\xff\xff\xff\xff\xff\xff"
   "\xff\xff\xff\xff\xff\xff\xff\xff\xff\xff"
   "\xff\xff\xff\xff\xff\xff\xff\xff\xff\xff"
   "\xff\xff\xff\xff\xff\xff\xff\xff\xff\xff"
   "\xff\xff\xff\xff\xff\xff\xff\xff\xff\xff"
   "\xff\xff\xff\xff\xff\xff\xff\xff\xff\xff"
   "\xff\xff\xff\xff\xff\xff\xff\xff\xff\xff"
   "\xff\xff\xff\xff\xff\xff\xff\xff\xff\xff"
   "\xff\xff\xff\xff\x00\x00\xc7\x48\x66\x38"
   "\x46\x38\x4d\xa3\xae\xbb\x0c\xa3\x65\x71"
   "\xe7\x79\x07\x7a\xe7\x79\xe7\x81\xe7\x79"
   "\xe7\x79\xe7\x79\xe7\x79\xe7\x79\xe7\x79"
   "\xe7\x79\xe7\x79\xe7\x79\xe7\x79\xe7\x79"
   "\xe7\x79\xe7\x79\xe7\x79\xe7\x79\x08\x82"
   "\x26\x59\x66\x38\x66\x40\x66\x38\x6a\x82"
   "\xae\xbb\x6d\xb3\xe7\x79\xe7\x79\xc7\x79"
   "\xe8\x81\xe7\x81\xe7\x79\xc7\x79\xc6\x79"
   "\x08\x82\xc7\x79\x28\x8a\x87\x69\xe6\x50"
   "\x46\x38\x46\x38\x87\x40\x05\x28\x05\x30"
   "\x2d\x9b\x6d\xab\xef\xc3\xab\x92\x49\x8a"
   "\x87\x69\x46\x30\x86\x40\x05\x30\xc8\x69"
   "\x6d\xb3\xae\xbb\x69\x92\x65\x69\x47\x61"
   "\x67\x69\x67\x69\x67\x69\x67\x69\x67\x69"
   "\x67\x69\x67\x69\x67\x69\x67\x69\x67\x69"
   "\x67\x69\x67\x69\x67\x69\x67\x69\x67\x69"
   "\x67\x69\x67\x69\x47\x61\x67\x61\xa6\x40"
   "\x86\x40\x66\x38\x27\x41\x39\xce\xff\xff"
   "\xff\xff\xff\xff\xff\xff\xff\xff\xff\xff"
   "\xff\xff\xff\xff\xff\xff\xff\xff\xff\xff"
   "\xff\xff\xff\xff\xff\xff\xff\xff\xff\xff"
   "\xff\xff\xff\xff\xff\xff\xff\xff\xff\xff"
   "\xff\xff\xff\xff\xff\xff\xff\xff\xff\xff"
   "\xff\xff\xff\xff\xff\xff\xff\xff\xff\xff"
   "\xff\xff\xff\xff\xff\xff\xff\xff\xff\xff"
   "\xff\xff\xff\xff\xff\xff\xff\xff\xff\xff"
   "\xff\xff\xff\xff\xff\xff\xff\xff\xff\xff"
   "\xff\xff\xff\xff\xff\xff\xff\xff\xff\xff"
   "\xff\xff\xff\xff\xff\xff\xff\xff\xff\xff"
   "\xff\xff\xff\xff\xff\xff\xff\xff\xff\xff"
   "\xff\xff\xff\xff\xff\xff\xff\xff\xff\xff"
   "\xff\xff\xff\xff\xda\xd6\x00\x00\x86\x40"
   "\x06\x30\x89\x61\x8d\xb3\xaf\xb3\x69\x8a"
   "\xa6\x79\xe8\x81\xe7\x79\xe8\x81\xe7\x79"
   "\xe7\x79\xe7\x79\xe7\x79\xe7\x79\xe7\x79"
   "\xe7\x79\xe7\x79\xe7\x79\xe7\x79\xe7\x79"
   "\xe7\x79\xe7\x79\xe7\x79\xe7\x79\xe7\x81"
   "\xe7\x81\x46\x40\x86\x40\x46\x38\xc7\x40"
   "\x2c\xa3\xad\xbb\x2d\xab\xa6\x71\xe7\x81"
   "\xc8\x79\xe8\x81\xc7\x79\xe8\x81\xc8\x79"
   "\xe7\x81\x27\x82\x27\x59\x86\x38\x67\x40"
   "\x66\x38\x66\x38\x03\x00\x2a\x72\x6d\xab"
   "\xef\xbb\x4d\xab\x28\x82\xa7\x79\xe8\x79"
   "\x27\x8a\xe6\x50\x66\x38\x86\x38\x05\x30"
   "\xcb\x92\x6d\xb3\xcf\xbb\xe6\x60\x47\x61"
   "\x67\x69\x67\x69\x67\x69\x67\x69\x67\x69"
   "\x67\x69\x67\x69\x67\x69\x67\x69\x67\x69"
   "\x67\x69\x67\x69\x67\x69\x67\x69\x67\x69"
   "\x67\x69\x46\x61\x47\x69\x67\x69\x26\x59"
   "\x66\x38\x87\x40\x03\x30\x51\x94\xff\xff"
   "\xff\xff\xff\xff\xff\xff\xff\xff\xff\xff"
   "\xff\xff\xff\xff\xff\xff\xff\xff\xff\xff"
   "\xff\xff\xff\xff\xff\xff\xff\xff\xff\xff"
   "\xff\xff\xff\xff\xff\xff\xff\xff\xff\xff"
   "\xff\xff\xff\xff\xff\xff\xff\xff\xff\xff"
   "\xff\xff\xff\xff\xff\xff\xff\xff\xff\xff"
   "\xff\xff\xff\xff\xff\xff\xff\xff\xff\xff"
   "\xff\xff\xff\xff\xff\xff\xff\xff\xff\xff"
   "\xff\xff\xff\xff\xff\xff\xff\xff\xff\xff"
   "\xff\xff\xff\xff\xff\xff\xff\xff\xff\xff"
   "\xff\xff\xff\xff\xff\xff\xff\xff\xff\xff"
   "\xff\xff\xff\xff\xff\xff\xff\xff\xff\xff"
   "\xff\xff\xff\xff\xff\xff\xff\xff\xff\xff"
   "\xff\xff\xff\xff\xff\xff\x2e\x7b\x01\x20"
   "\x85\x40\x05\x20\xec\x9a\x6d\xb3\x8d\xb3"
   "\xa6\x79\xe7\x79\xe8\x81\xc7\x79\xe7\x79"
   "\xe7\x79\xe7\x79\xe7\x79\xe7\x79\xe7\x79"
   "\xe7\x79\xe7\x79\xe7\x79\xe7\x79\xe7\x79"
   "\xe7\x79\xe7\x79\xe7\x79\xe7\x79\xe8\x81"
   "\x06\x82\xa8\x69\x46\x30\x86\x40\x05\x30"
   "\x09\x6a\x8d\xb3\xae\xb3\x69\x8a\xa7\x79"
   "\xe7\x79\xe7\x79\xe7\x79\xc7\x81\x27\x8a"
   "\xa7\x71\x66\x40\x66\x38\x87\x40\x86\x40"
   "\x66\x38\xc5\x40\xec\x9a\xae\xbb\xcf\xbb"
   "\x8b\x92\x86\x71\xc7\x79\xe8\x81\xe7\x81"
   "\xc7\x79\x08\x82\x05\x28\x86\x40\x45\x38"
   "\x05\x38\xce\xb3\x6d\xab\xed\xa2\xa4\x50"
   "\x67\x61\x67\x69\x67\x69\x67\x69\x67\x69"
   "\x67\x69\x67\x69\x67\x69\x67\x69\x67\x69"
   "\x67\x69\x67\x69\x67\x69\x67\x69\x67\x69"
   "\x67\x69\x67\x69\x47\x61\x67\x69\x87\x69"
   "\xc6\x48\x86\x38\xa7\x48\x00\x10\x96\xb5"
   "\xff\xff\xff\xff\xff\xff\xff\xff\xff\xff"
   "\xff\xff\xff\xff\xff\xff\xff\xff\xff\xff"
   "\xff\xff\xff\xff\xff\xff\xff\xff\xff\xff"
   "\xff\xff\xff\xff\xff\xff\xff\xff\xff\xff"
   "\xff\xff\xff\xff\xff\xff\xff\xff\xff\xff"
   "\xff\xff\xff\xff\xff\xff\xff\xff\xff\xff"
   "\xff\xff\xff\xff\xff\xff\xff\xff\xff\xff"
   "\xff\xff\xff\xff\xff\xff\xff\xff\xff\xff"
   "\xff\xff\xff\xff\xff\xff\xff\xff\xff\xff"
   "\xff\xff\xff\xff\xff\xff\xff\xff\xff\xff"
   "\xff\xff\xff\xff\xff\xff\xff\xff\xff\xff"
   "\xff\xff\xff\xff\xff\xff\xff\xff\xff\xff"
   "\xff\xff\xff\xff\xff\xff\xff\xff\xff\xff"
   "\xff\xff\xff\xff\xff\xff\xdf\xff\x44\x30"
   "\x05\x38\x86\x40\x02\x00\xcf\xb3\x6d\xab"
   "\x2c\xa3\xa7\x79\xe7\x79\xc7\x79\xe7\x79"
   "\xe7\x79\xe7\x79\xe7\x79\xe7\x79\xe7\x79"
   "\xe7\x79\xe7\x79\xe7\x79\xe7\x79\xe7\x79"
   "\xe7\x79\xe7\x79\xe7\x79\xe7\x79\xe7\x79"
   "\xc7\x79\x27\x8a\xc6\x48\x66\x40\x87\x40"
   "\x05\x00\x2c\x9b\x8e\xb3\xae\xb3\xc7\x79"
   "\xe7\x81\xe8\x79\xe7\x81\x08\x82\xe6\x50"
   "\x06\x30\x66\x38\x87\x40\x66\x40\x65\x30"
   "\xc9\x69\x8e\xb3\xce\xbb\x4d\xab\xc7\x79"
   "\xe7\x81\xe8\x81\xc7\x79\xe7\x79\xe8\x81"
   "\xe7\x79\x07\x82\xc8\x69\x26\x30\x86\x40"
   "\x05\x28\xc9\x69\x8e\xb3\xae\xbb\x09\x7a"
   "\x06\x59\x67\x69\x67\x69\x67\x69\x67\x69"
   "\x67\x69\x67\x69\x67\x69\x67\x69\x67\x69"
   "\x67\x69\x67\x69\x67\x69\x67\x69\x67\x69"
   "\x67\x69\x47\x61\x67\x69\x46\x61\x67\x69"
   "\x67\x69\x66\x38\x66\x38\x05\x38\x4d\x6b"
   "\x5d\xe7\xff\xff\xff\xff\xff\xff\xff\xff"
   "\xff\xff\xff\xff\xff\xff\xff\xff\xff\xff"
   "\xff\xff\xff\xff\xff\xff\xff\xff\xff\xff"
   "\xff\xff\xff\xff\xff\xff\xff\xff\xff\xff"
   "\xff\xff\xff\xff\xff\xff\xff\xff\xff\xff"
   "\xff\xff\xff\xff\xff\xff\xff\xff\xff\xff"
   "\xff\xff\xff\xff\xff\xff\xff\xff\xff\xff"
   "\xff\xff\xff\xff\xff\xff\xff\xff\xff\xff"
   "\xff\xff\xff\xff\xff\xff\xff\xff\xff\xff"
   "\xff\xff\xff\xff\xff\xff\xff\xff\xff\xff"
   "\xff\xff\xff\xff\xff\xff\xff\xff\xff\xff"
   "\xff\xff\xff\xff\xff\xff\xff\xff\xff\xff"
   "\xff\xff\xff\xff\xff\xff\xff\xff\xff\xff"
   "\xff\xff\xff\xff\xff\xff\xff\xff\xf7\xbd"
   "\x00\x00\x66\x40\x25\x30\xa8\x61\xce\xbb"
   "\x6d\xab\x69\x8a\xa7\x79\xe7\x79\xe7\x79"
   "\xe7\x79\xe7\x79\xe7\x79\xe7\x79\xe7\x79"
   "\xe7\x79\xe7\x79\xe7\x79\xe7\x79\xe7\x79"
   "\xe7\x79\xe7\x79\xe7\x79\xe7\x79\xe7\x79"
   "\xe8\x81\xe7\x81\xe8\x81\x07\x38\x86\x40"
   "\x66\x38\x05\x28\x4d\xb3\x6e\xb3\x0c\xa3"
   "\xa6\x79\xe7\x79\xa7\x71\x25\x38\x46\x38"
   "\x86\x40\x66\x38\x06\x28\xa8\x59\xcb\x92"
   "\x50\xcc\x2c\xa3\xcb\x92\x66\x71\xc7\x79"
   "\xe8\x81\xe7\x79\xe7\x79\xe7\x79\xe8\x81"
   "\xe7\x79\xc7\x81\x27\x8a\x06\x51\x26\x38"
   "\x87\x40\x04\x00\x4c\xab\x8d\xb3\x6d\xb3"
   "\x47\x61\x67\x69\x67\x69\x26\x61\x67\x69"
   "\x67\x69\x67\x69\x67\x69\x67\x69\x67\x69"
   "\x67\x69\x67\x69\x67\x69\x67\x69\x67\x69"
   "\x67\x69\x67\x69\x67\x69\x67\x69\x67\x69"
   "\x67\x69\x27\x59\x46\x38\x86\x40\x00\x00"
   "\xb6\xb5\xff\xff\xff\xff\xff\xff\xff\xff"
   "\xff\xff\xff\xff\xff\xff\xff\xff\xff\xff"
   "\xff\xff\xff\xff\xff\xff\xff\xff\xff\xff"
   "\xff\xff\xff\xff\xff\xff\xff\xff\xff\xff"
   "\xff\xff\xff\xff\xff\xff\xff\xff\xff\xff"
   "\xff\xff\xff\xff\xff\xff\xff\xff\xff\xff"
   "\xff\xff\xff\xff\xff\xff\xff\xff\xff\xff"
   "\xff\xff\xff\xff\xff\xff\xff\xff\xff\xff"
   "\xff\xff\xff\xff\xff\xff\xff\xff\xff\xff"
   "\xff\xff\xff\xff\xff\xff\xff\xff\xff\xff"
   "\xff\xff\xff\xff\xff\xff\xff\xff\xff\xff"
   "\xff\xff\xff\xff\xff\xff\xff\xff\xff\xff"
   "\xff\xff\xff\xff\xff\xff\xff\xff\xff\xff"
   "\xff\xff\xff\xff\xff\xff\xff\xff\xbe\xf7"
   "\x92\x94\x00\x00\xa7\x40\x04\x20\xcc\x92"
   "\xce\xbb\x2c\xa3\xe7\x79\xe7\x79\xe7\x79"
   "\xe7\x79\xe7\x79\xe7\x79\xe7\x79\xe7\x79"
   "\xe7\x79\xe7\x79\xe7\x79\xe7\x79\xe7\x79"
   "\xe7\x79\xe7\x79\xe7\x79\xe7\x79\xe7\x79"
   "\xc7\x79\xc7\x79\x08\x82\x86\x71\x06\x30"
   "\x86\x40\x04\x20\x09\x72\xee\xbb\xcf\xbb"
   "\x29\x8a\xe6\x50\x06\x30\x66\x38\xa7\x40"
   "\x04\x28\xa7\x40\x8a\x82\xae\xb3\xaf\xbb"
   "\xcb\x9a\x08\x82\x86\x71\xe8\x79\xe8\x81"
   "\xc7\x79\xe7\x79\xe7\x79\xe7\x79\xe7\x79"
   "\xe8\x81\xe7\x79\xe7\x79\xe8\x79\x46\x40"
   "\x66\x40\x67\x38\x04\x20\xce\xbb\x8d\xb3"
   "\xab\x92\xe6\x60\x46\x61\x67\x69\x67\x69"
   "\x67\x69\x67\x69\x67\x69\x67\x69\x67\x69"
   "\x67\x69\x67\x69\x67\x69\x67\x69\x67\x69"
   "\x67\x69\x47\x69\x67\x69\x67\x69\x67\x69"
   "\x47\x69\x87\x69\x46\x38\x87\x40\x86\x40"
   "\x00\x00\x79\xd6\xff\xff\xff\xff\xff\xff"
   "\xff\xff\xff\xff\xff\xff\xff\xff\xff\xff"
   "\xff\xff\xff\xff\xff\xff\xff\xff\xff\xff"
   "\xff\xff\xff\xff\xff\xff\xff\xff\xff\xff"
   "\xff\xff\xff\xff\xff\xff\xff\xff\xff\xff"
   "\xff\xff\xff\xff\xff\xff\xff\xff\xff\xff"
   "\xff\xff\xff\xff\xff\xff\xff\xff\xff\xff"
   "\xff\xff\xff\xff\xff\xff\xff\xff\xff\xff"
   "\xff\xff\xff\xff\xff\xff\xff\xff\xff\xff"
   "\xff\xff\xff\xff\xff\xff\xff\xff\xff\xff"
   "\xff\xff\xff\xff\xff\xff\xff\xff\xff\xff"
   "\xff\xff\xff\xff\xff\xff\xff\xff\xff\xff"
   "\xff\xff\xff\xff\xff\xff\xff\xff\xff\xff"
   "\xff\xff\xff\xff\xff\xff\xff\xff\xff\xff"
   "\xfb\xe6\x8a\x5a\x05\x38\xa6\x40\xc7\x40"
   "\x6d\xab\xae\xb3\xaa\x92\xc7\x79\xe7\x79"
   "\xe7\x79\xe7\x79\xe7\x79\xe7\x79\xe7\x79"
   "\xe7\x79\xe7\x79\xe7\x79\xe7\x79\xe7\x79"
   "\xe7\x79\xe7\x79\xe7\x79\xe7\x79\xe7\x81"
   "\xc7\x81\xc7\x79\xe8\x81\x07\x82\x06\x51"
   "\x46\x38\x86\x40\x03\x18\x0c\x9b\xab\x8a"
   "\x27\x49\x05\x30\x87\x40\x66\x40\x04\x08"
   "\xc8\x61\x4d\xab\xcf\xbb\x4c\xab\x49\x8a"
   "\xc7\x79\xa6\x71\xe7\x81\xe7\x81\xc7\x79"
   "\xe8\x81\xe7\x79\xe7\x79\xe7\x79\xc7\x79"
   "\xc7\x79\xc7\x79\xe7\x81\xe7\x79\x67\x69"
   "\x26\x38\x66\x40\x46\x38\xe9\x69\xae\xbb"
   "\x6d\xb3\x29\x7a\x47\x69\x67\x61\x66\x61"
   "\x67\x69\x67\x69\x67\x69\x67\x69\x67\x69"
   "\x67\x69\x67\x69\x67\x69\x67\x69\x67\x69"
   "\x67\x69\x67\x69\x67\x69\x67\x69\x67\x69"
   "\x67\x69\xa6\x48\x66\x40\x66\x40\x66\x40"
   "\x05\x30\x67\x49\xff\xff\xff\xff\xff\xff"
   "\xff\xff\xff\xff\xff\xff\xff\xff\xff\xff"
   "\xff\xff\xff\xff\xff\xff\xff\xff\xff\xff"
   "\xff\xff\xff\xff\xff\xff\xff\xff\xff\xff"
   "\xff\xff\xff\xff\xff\xff\xff\xff\xff\xff"
   "\xff\xff\xff\xff\xff\xff\xff\xff\xff\xff"
   "\xff\xff\xff\xff\xff\xff\xff\xff\xff\xff"
   "\xff\xff\xff\xff\xff\xff\xff\xff\xff\xff"
   "\xff\xff\xff\xff\xff\xff\xff\xff\xff\xff"
   "\xff\xff\xff\xff\xff\xff\xff\xff\xff\xff"
   "\xff\xff\xff\xff\xff\xff\xff\xff\xff\xff"
   "\xff\xff\xff\xff\xff\xff\xff\xff\xff\xff"
   "\xff\xff\xff\xff\xff\xff\xff\xff\xff\xff"
   "\xff\xff\xff\xff\xff\xff\xff\xff\xff\xff"
   "\xff\xff\xf4\xa4\x04\x38\x46\x38\x66\x30"
   "\x29\x72\xaf\xb3\x6d\xb3\xe8\x81\xe7\x81"
   "\xc7\x79\xe7\x81\xe7\x81\xe7\x79\xe7\x79"
   "\xe7\x79\xe7\x79\xe7\x79\xe7\x79\xe7\x79"
   "\xe7\x79\xe7\x79\xe7\x79\xe7\x79\xe7\x79"
   "\xe8\x81\xe7\x79\xe7\x79\xe7\x79\xe7\x79"
   "\x66\x38\x66\x40\x87\x40\xa6\x40\x86\x38"
   "\x87\x40\x86\x40\x05\x28\x04\x28\xec\x9a"
   "\xcf\xb3\x8e\xb3\xaa\x92\xc7\x79\xc7\x79"
   "\xc7\x79\xe8\x81\xe7\x79\xe7\x81\xe7\x79"
   "\xe7\x79\xe7\x79\xe7\x79\xe7\x79\xe8\x81"
   "\xc7\x79\xe8\x81\xc7\x79\xe7\x79\xe7\x81"
   "\x06\x51\x46\x38\x66\x38\x65\x38\xec\x9a"
   "\xce\xc3\xeb\x9a\x46\x61\x67\x61\x67\x61"
   "\x67\x69\x67\x69\x67\x69\x67\x69\x67\x69"
   "\x67\x69\x67\x69\x67\x69\x67\x69\x67\x69"
   "\x67\x69\x47\x61\x67\x69\x67\x69\x67\x69"
   "\xa6\x48\x87\x40\x66\x38\xa7\x40\x87\x40"
   "\x87\x40\x02\x18\xaf\x83\xff\xff\xff\xff"
   "\xff\xff\xff\xff\xff\xff\xff\xff\xff\xff"
   "\xff\xff\xff\xff\xff\xff\xff\xff\xff\xff"
   "\xff\xff\xff\xff\xff\xff\xff\xff\xff\xff"
   "\xff\xff\xff\xff\xff\xff\xff\xff\xff\xff"
   "\xff\xff\xff\xff\xff\xff\xff\xff\xff\xff"
   "\xff\xff\xff\xff\xff\xff\xff\xff\xff\xff"
   "\xff\xff\xff\xff\xff\xff\xff\xff\xff\xff"
   "\xff\xff\xff\xff\xff\xff\xff\xff\xff\xff"
   "\xff\xff\xff\xff\xff\xff\xff\xff\xff\xff"
   "\xff\xff\xff\xff\xff\xff\xff\xff\xff\xff"
   "\xff\xff\xff\xff\xff\xff\xff\xff\xff\xff"
   "\xff\xff\xff\xff\xff\xff\xff\xff\xff\xff"
   "\xff\xff\xff\xff\xff\xff\xff\xff\xff\xff"
   "\xff\xff\xff\xff\x4d\x6b\xa7\x40\x66\x40"
   "\x46\x38\xec\x9a\xcf\xbb\xec\xa2\x86\x71"
   "\xe8\x81\xc7\x79\xe7\x81\xe7\x79\xe7\x79"
   "\xe7\x79\xe7\x79\xe7\x79\xe7\x79\xe7\x79"
   "\xe7\x79\xe7\x79\xe7\x79\xe7\x79\xe7\x79"
   "\xc7\x79\xc7\x79\xc7\x79\xe8\x79\xe7\x81"
   "\x67\x69\x46\x38\x66\x38\x86\x40\x86\x40"
   "\x86\x40\x06\x20\x87\x61\xcf\xb3\xae\xbb"
   "\x4d\xab\xc7\x79\xc7\x79\xe7\x79\xe7\x79"
   "\xe7\x79\xe7\x79\xe7\x79\xe7\x79\xe7\x79"
   "\xe7\x79\xe7\x79\xe7\x79\xe7\x79\xe7\x79"
   "\xe7\x79\xe7\x79\xe7\x79\xe7\x79\xe8\x81"
   "\x67\x69\x66\x38\x86\x40\x67\x40\x67\x51"
   "\x4d\xab\xef\xbb\x49\x82\x47\x61\x46\x61"
   "\x67\x69\x67\x69\x67\x69\x67\x69\x67\x69"
   "\x67\x69\x67\x69\x67\x69\x67\x69\x47\x61"
   "\x67\x69\x67\x69\x47\x61\x67\x69\xc7\x50"
   "\x86\x38\x46\x38\xa7\x48\x66\x40\x66\x38"
   "\x86\x40\x66\x38\x03\x28\x5c\xe7\xff\xff"
   "\xff\xff\xff\xff\xff\xff\xff\xff\xff\xff"
   "\xff\xff\xff\xff\xff\xff\xff\xff\xff\xff"
   "\xff\xff\xff\xff\xff\xff\xff\xff\xff\xff"
   "\xff\xff\xff\xff\xff\xff\xff\xff\xff\xff"
   "\xff\xff\xff\xff\xff\xff\xff\xff\xff\xff"
   "\xff\xff\xff\xff\xff\xff\xff\xff\xff\xff"
   "\xff\xff\xff\xff\xff\xff\xff\xff\xff\xff"
   "\xff\xff\xff\xff\xff\xff\xff\xff\xff\xff"
   "\xff\xff\xff\xff\xff\xff\xff\xff\xff\xff"
   "\xff\xff\xff\xff\xff\xff\xff\xff\xff\xff"
   "\xff\xff\xff\xff\xff\xff\xff\xff\xff\xff"
   "\xff\xff\xff\xff\xff\xff\xff\xff\xff\xff"
   "\xff\xff\xff\xff\xff\xff\xff\xff\xff\xff"
   "\xff\xff\xff\xff\x97\xbd\x44\x30\x66\x38"
   "\x06\x38\xa9\x61\x6d\xab\xce\xb3\x49\x8a"
   "\xc7\x79\xe7\x81\xe7\x81\xe7\x79\xe7\x79"
   "\xe7\x79\xe7\x79\xe7\x79\xe7\x79\xe7\x79"
   "\xe7\x79\xe7\x79\xe7\x79\xe7\x79\xe7\x79"
   "\xe7\x79\xc8\x79\xe7\x79\xe7\x89\xc7\x71"
   "\xa6\x48\x66\x40\x86\x40\x86\x40\x66\x40"
   "\x65\x38\x0c\x9b\xce\xbb\x8d\xb3\x8a\x8a"
   "\x65\x69\xe7\x79\xe8\x81\xe7\x79\xe7\x79"
   "\xe7\x79\xe7\x79\xe7\x79\xe7\x79\xe7\x79"
   "\xe7\x79\xe7\x79\xe7\x79\xe7\x79\xe7\x79"
   "\xe7\x79\xe7\x79\xe7\x79\xe7\x79\xc8\x79"
   "\x67\x69\xc7\x48\x86\x40\x66\x38\x06\x30"
   "\x8a\x82\x8e\xbb\x8e\xb3\x46\x61\x67\x69"
   "\x67\x69\x67\x69\x67\x69\x67\x69\x67\x69"
   "\x67\x69\x67\x69\x67\x69\x47\x61\x47\x61"
   "\x67\x69\x47\x61\x67\x69\x06\x51\x66\x38"
   "\x66\x38\x87\x40\x06\x39\x45\x38\x86\x40"
   "\x86\x40\x86\x40\x66\x38\xc7\x41\x9e\xf7"
   "\xff\xff\xff\xff\xff\xff\xff\xff\xff\xff"
   "\xff\xff\xff\xff\xff\xff\xff\xff\xff\xff"
   "\xff\xff\xff\xff\xff\xff\xff\xff\xff\xff"
   "\xff\xff\xff\xff\xff\xff\xff\xff\xff\xff"
   "\xff\xff\xff\xff\xff\xff\xff\xff\xff\xff"
   "\xff\xff\xff\xff\xff\xff\xff\xff\xff\xff"
   "\xff\xff\xff\xff\xff\xff\xff\xff\xff\xff"
   "\xff\xff\xff\xff\xff\xff\xff\xff\xff\xff"
   "\xff\xff\xff\xff\xff\xff\xff\xff\xff\xff"
   "\xff\xff\xff\xff\xff\xff\xff\xff\xff\xff"
   "\xff\xff\xff\xff\xff\xff\xff\xff\xff\xff"
   "\xff\xff\xff\xff\xff\xff\xff\xff\xff\xff"
   "\xff\xff\xff\xff\xff\xff\xff\xff\xff\xff"
   "\xff\xff\xff\xff\xff\xff\x72\x9c\x00\x18"
   "\x86\x40\x04\x08\x2c\x93\x8e\xb3\x8e\xb3"
   "\xa7\x79\xe7\x79\xe7\x81\xe7\x79\xe7\x79"
   "\xe7\x79\xe7\x79\xe7\x79\xe7\x79\xe7\x79"
   "\xe7\x79\xe7\x79\xe7\x79\xe7\x79\xe7\x79"
   "\xe7\x79\xe7\x81\xe7\x81\x47\x51\x06\x30"
   "\x66\x38\x86\x40\x46\x38\x86\x40\x26\x38"
   "\x29\x72\x8e\xbb\xce\xbb\x49\x8a\xc7\x79"
   "\xe7\x81\xe7\x79\xe7\x79\xe7\x81\xe7\x79"
   "\xe7\x79\xe7\x79\xe7\x79\xe7\x79\xe7\x79"
   "\xe7\x79\xe7\x79\xe7\x79\xe7\x79\xe7\x79"
   "\xe7\x79\xe7\x79\xe7\x79\xe7\x79\xa7\x71"
   "\x67\x61\x67\x61\x46\x38\xa7\x40\x66\x40"
   "\x66\x40\x4d\xa3\xae\xbb\x0c\x9b\xa6\x50"
   "\x87\x69\x67\x69\x67\x69\x67\x69\x67\x69"
   "\x67\x69\x67\x69\x67\x69\x47\x61\x67\x69"
   "\x67\x69\x87\x69\x07\x51\x26\x30\x86\x40"
   "\x05\x38\x26\x39\x76\xbd\x06\x38\x46\x38"
   "\x66\x38\x86\x40\x86\x40\x66\x38\xf4\xa4"
   "\xff\xff\xff\xff\xff\xff\xff\xff\xff\xff"
   "\xff\xff\xff\xff\xff\xff\xff\xff\xff\xff"
   "\xff\xff\xff\xff\xff\xff\xff\xff\xff\xff"
   "\xff\xff\xff\xff\xff\xff\xff\xff\xff\xff"
   "\xff\xff\xff\xff\xff\xff\xff\xff\xff\xff"
   "\xff\xff\xff\xff\xff\xff\xff\xff\xff\xff"
   "\xff\xff\xff\xff\xff\xff\xff\xff\xff\xff"
   "\xff\xff\xff\xff\xff\xff\xff\xff\xff\xff"
   "\xff\xff\xff\xff\xff\xff\xff\xff\xff\xff"
   "\xff\xff\xff\xff\xff\xff\xff\xff\xff\xff"
   "\xff\xff\xff\xff\xff\xff\xff\xff\xff\xff"
   "\xff\xff\xff\xff\xff\xff\xff\xff\xff\xff"
   "\xff\xff\xff\xff\xff\xff\xff\xff\xff\xff"
   "\xff\xff\xff\xff\xff\xff\xde\xff\xa8\x41"
   "\x04\x38\x86\x40\x04\x28\x8e\xab\x6d\xb3"
   "\x2d\xa3\x65\x71\xe7\x79\xe7\x79\xe7\x79"
   "\xe7\x79\xe7\x79\xe7\x79\xe7\x79\xe7\x81"
   "\xe7\x79\xe7\x79\xe7\x81\xe7\x79\xe7\x81"
   "\xe7\x81\x87\x69\x67\x40\x26\x38\x66\x40"
   "\x66\x40\x05\x28\x07\x51\x46\x38\x86\x40"
   "\x06\x30\xab\x8a\x8d\xb3\xae\xb3\xe7\x79"
   "\xc7\x79\xe7\x81\xe7\x81\xe7\x79\xe7\x79"
   "\xe7\x79\xe7\x79\xe7\x79\xe7\x79\xe7\x79"
   "\xe7\x79\xe7\x79\xe7\x79\xe7\x79\xe7\x79"
   "\xe7\x79\xe8\x81\xe7\x79\xe7\x79\x67\x69"
   "\x47\x61\x87\x69\x27\x61\x26\x30\x86\x40"
   "\x05\x30\xe8\x69\x8e\xb3\xae\xb3\x09\x82"
   "\x06\x59\x67\x69\x67\x69\x67\x69\x67\x69"
   "\x67\x69\x67\x69\x67\x69\x67\x69\x67\x69"
   "\x67\x69\x06\x59\x46\x38\x86\x40\x05\x38"
   "\x00\x00\xd7\xc5\x3c\xef\x04\x28\x05\x38"
   "\x86\x38\x66\x38\x66\x40\x05\x38\x4a\x52"
   "\xdb\xde\xff\xff\xff\xff\xff\xff\xff\xff"
   "\xff\xff\xff\xff\xff\xff\xff\xff\xff\xff"
   "\xff\xff\xff\xff\xff\xff\xff\xff\xff\xff"
   "\xff\xff\xff\xff\xff\xff\xff\xff\xff\xff"
   "\xff\xff\xff\xff\xff\xff\xff\xff\xff\xff"
   "\xff\xff\xff\xff\xff\xff\xff\xff\xff\xff"
   "\xff\xff\xff\xff\xff\xff\xff\xff\xff\xff"
   "\xff\xff\xff\xff\xff\xff\xff\xff\xff\xff"
   "\xff\xff\xff\xff\xff\xff\xff\xff\xff\xff"
   "\xff\xff\xff\xff\xff\xff\xff\xff\xff\xff"
   "\xff\xff\xff\xff\xff\xff\xff\xff\xff\xff"
   "\xff\xff\xff\xff\xff\xff\xff\xff\xff\xff"
   "\xff\xff\xff\xff\xff\xff\xff\xff\xff\xff"
   "\xff\xff\xff\xff\xff\xff\xff\xff\xdb\xde"
   "\x00\x00\xa7\x40\x06\x28\x88\x61\xcf\xc3"
   "\x6d\xab\xaa\x92\xa6\x71\xe7\x79\xe7\x79"
   "\xe7\x79\xe7\x81\xe7\x79\xe7\x79\xe7\x79"
   "\xc7\x79\x08\x7a\xc7\x79\x08\x82\xc7\x79"
   "\x07\x51\x46\x30\x66\x40\x66\x40\x06\x38"
   "\x05\x28\xec\x92\xef\xbb\x87\x38\x86\x40"
   "\x46\x38\xa6\x40\x6d\xab\x8d\xab\x4d\xb3"
   "\x86\x71\xe8\x81\xe7\x81\xe7\x79\xe7\x79"
   "\xe7\x79\xe7\x79\xe7\x79\xe7\x79\xe7\x79"
   "\xe7\x79\xe7\x79\xe7\x79\xe7\x79\xe7\x79"
   "\xe8\x81\xc7\x79\xe7\x81\xc7\x79\x46\x61"
   "\x67\x69\x47\x61\x86\x71\xc7\x48\x45\x38"
   "\x87\x40\x03\x00\x0c\x9b\x8e\xbb\x8e\xab"
   "\x26\x61\x26\x61\x67\x69\x67\x69\x67\x69"
   "\x67\x69\x67\x69\x67\x69\x66\x69\x87\x69"
   "\x06\x59\x46\x38\x87\x40\x45\x30\x00\x00"
   "\xf8\xd5\xda\xe6\x79\xde\x4b\x62\x04\x30"
   "\x86\x40\x86\x48\x66\x28\x86\x40\x01\x20"
   "\x8f\x83\x7d\xef\xff\xff\xff\xff\xff\xff"
   "\xff\xff\xff\xff\xff\xff\xff\xff\xff\xff"
   "\xff\xff\xff\xff\xff\xff\xff\xff\xff\xff"
   "\xff\xff\xff\xff\xff\xff\xff\xff\xff\xff"
   "\xff\xff\xff\xff\xff\xff\xff\xff\xff\xff"
   "\xff\xff\xff\xff\xff\xff\xff\xff\xff\xff"
   "\xff\xff\xff\xff\xff\xff\xff\xff\xff\xff"
   "\xff\xff\xff\xff\xff\xff\xff\xff\xff\xff"
   "\xff\xff\xff\xff\xff\xff\xff\xff\xff\xff"
   "\xff\xff\xff\xff\xff\xff\xff\xff\xff\xff"
   "\xff\xff\xff\xff\xff\xff\xff\xff\xff\xff"
   "\xff\xff\xff\xff\xff\xff\xff\xff\xff\xff"
   "\xff\xff\xff\xff\xff\xff\xff\xff\xff\xff"
   "\xff\xff\xff\xff\xff\xff\xff\xff\xdf\xff"
   "\x14\xa5\x00\x00\x66\x40\x05\x20\xab\x8a"
   "\xee\xc3\x6d\xab\xc7\x79\xc7\x79\xe7\x81"
   "\xe7\x79\xe7\x81\xc7\x79\xc7\x79\xe7\x79"
   "\xe8\x79\xc7\x81\x28\x8a\x47\x59\x66\x38"
   "\x46\x38\x66\x40\x87\x40\x06\x20\x47\x59"
   "\x8e\xb3\xcf\xbb\x0c\xa3\xc7\x71\x06\x28"
   "\x87\x40\x05\x28\xa8\x61\xce\xbb\x6d\xab"
   "\xab\x92\x86\x71\xe8\x81\xe7\x79\xe7\x79"
   "\xe7\x79\xe7\x79\xe7\x79\xe7\x79\xe7\x79"
   "\xe7\x79\xe7\x79\xe7\x79\xe7\x79\xe7\x79"
   "\xe7\x79\xe7\x81\xe8\x81\x66\x69\x67\x69"
   "\x67\x69\x47\x61\x47\x61\x87\x69\x66\x38"
   "\x66\x38\x87\x40\x05\x20\xae\xbb\x6c\xab"
   "\x4c\xa3\xa5\x58\x67\x69\x47\x61\x67\x69"
   "\x67\x69\x67\x69\x67\x69\x87\x69\x06\x59"
   "\x66\x38\xa7\x40\x46\x38\x00\x00\x17\xce"
   "\x9a\xde\x79\xde\x7a\xde\xf0\x93\x02\x20"
   "\x66\x30\xa6\x68\xc6\x50\x86\x30\x66\x40"
   "\x00\x00\xfb\xde\xff\xff\xff\xff\xff\xff"
   "\xff\xff\xff\xff\xff\xff\xff\xff\xff\xff"
   "\xff\xff\xff\xff\xff\xff\xff\xff\xff\xff"
   "\xff\xff\xff\xff\xff\xff\xff\xff\xff\xff"
   "\xff\xff\xff\xff\xff\xff\xff\xff\xff\xff"
   "\xff\xff\xff\xff\xff\xff\xff\xff\xff\xff"
   "\xff\xff\xff\xff\xff\xff\xff\xff\xff\xff"
   "\xff\xff\xff\xff\xff\xff\xff\xff\xff\xff"
   "\xff\xff\xff\xff\xff\xff\xff\xff\xff\xff"
   "\xff\xff\xff\xff\xff\xff\xff\xff\xff\xff"
   "\xff\xff\xff\xff\xff\xff\xff\xff\xff\xff"
   "\xff\xff\xff\xff\xff\xff\xff\xff\xff\xff"
   "\xff\xff\xff\xff\xff\xff\xff\xff\xff\xff"
   "\xff\xff\xff\xff\xff\xff\xff\xff\xff\xff"
   "\x1c\xe7\x04\x38\x05\x38\x86\x40\x05\x30"
   "\x6e\xb3\x6d\xb3\xeb\x9a\xa7\x79\xe7\x79"
   "\xe7\x79\xe7\x79\xe7\x79\xe7\x79\xe7\x81"
   "\x27\x8a\xc7\x71\x46\x38\x47\x38\x66\x40"
   "\x86\x40\x66\x38\x05\x28\xcb\x92\xef\xc3"
   "\x6e\xb3\x49\x82\xc7\x79\x27\x8a\xe6\x50"
   "\x46\x38\xa6\x40\x03\x00\x0d\x9b\x8e\xb3"
   "\x8d\xab\x08\x82\xc7\x79\xe7\x79\xe7\x79"
   "\xe7\x79\xe7\x79\xe7\x79\xe7\x79\xe7\x79"
   "\xe7\x79\xe7\x79\xe7\x79\xe7\x79\xe7\x79"
   "\xc7\x79\xe7\x81\xa7\x71\x47\x61\x67\x69"
   "\x47\x61\x67\x69\x67\x61\x66\x69\x27\x59"
   "\x66\x40\x65\x40\x05\x28\x68\x59\xef\xc3"
   "\x6d\xab\x2a\x7a\x26\x61\x67\x69\x67\x69"
   "\x67\x69\x67\x69\x67\x69\x07\x59\x46\x38"
   "\x86\x40\x45\x38\x03\x28\x55\xb5\xfb\xee"
   "\x59\xde\x7a\xde\xba\xe6\x93\xac\x00\x08"
   "\x46\x40\xa6\x48\x27\xc1\x46\x20\x87\x40"
   "\x25\x38\x00\x00\x7c\xef\xff\xff\xff\xff"
   "\xff\xff\xff\xff\xff\xff\xff\xff\xff\xff"
   "\xff\xff\xff\xff\xff\xff\xff\xff\xff\xff"
   "\xff\xff\xff\xff\xff\xff\xff\xff\xff\xff"
   "\xff\xff\xff\xff\xff\xff\xff\xff\xff\xff"
   "\xff\xff\xff\xff\xff\xff\xff\xff\xff\xff"
   "\xff\xff\xff\xff\xff\xff\xff\xff\xff\xff"
   "\xff\xff\xff\xff\xff\xff\xff\xff\xff\xff"
   "\xff\xff\xff\xff\xff\xff\xff\xff\xff\xff"
   "\xff\xff\xff\xff\xff\xff\xff\xff\xff\xff"
   "\xff\xff\xff\xff\xff\xff\xff\xff\xff\xff"
   "\xff\xff\xff\xff\xff\xff\xff\xff\xff\xff"
   "\xff\xff\xff\xff\xff\xff\xff\xff\xff\xff"
   "\xff\xff\xff\xff\xff\xff\xff\xff\xff\xff"
   "\xff\xff\x18\xc6\x02\x20\x66\x38\x66\x38"
   "\x87\x59\x0e\xc4\x6d\xb3\x29\x82\xa7\x81"
   "\xe8\x81\xc7\x79\xe7\x81\xe7\x81\xe8\x81"
   "\x27\x59\x06\x38\x66\x38\x86\x40\x46\x40"
   "\x66\x30\xa8\x61\x8e\xb3\xcf\xc3\x0c\xa3"
   "\xc6\x79\xa7\x79\xc7\x79\xc7\x79\x08\x82"
   "\x66\x40\x66\x38\x87\x40\x03\x08\xaf\xb3"
   "\x6d\xb3\x0c\xa3\xa6\x71\xe7\x81\xe7\x79"
   "\xc7\x79\x08\x82\xc7\x79\xe7\x79\xe7\x79"
   "\xe7\x79\xe7\x79\xe7\x79\xe7\x79\xe7\x79"
   "\xc7\x79\x07\x82\x67\x69\x67\x61\x67\x69"
   "\x67\x69\x67\x69\x67\x69\x46\x61\x87\x69"
   "\xc6\x50\x46\x38\x86\x40\x05\x10\xec\x92"
   "\xae\xbb\x4d\xa3\x88\x69\x46\x61\x67\x69"
   "\x67\x61\x67\x69\x26\x59\x46\x38\x86\x40"
   "\x66\x40\x66\x38\xb3\xa4\x1b\xf7\x59\xde"
   "\x59\xde\x79\xde\x79\xde\xb7\xcd\x00\x00"
   "\x86\x40\x66\x38\x06\xb9\xc6\x90\x66\x10"
   "\x87\x40\x00\x18\x93\x9c\xff\xff\xff\xff"
   "\xff\xff\xff\xff\xff\xff\xff\xff\xff\xff"
   "\xff\xff\xff\xff\xff\xff\xff\xff\xff\xff"
   "\xff\xff\xff\xff\xff\xff\xff\xff\xff\xff"
   "\xff\xff\xff\xff\xff\xff\xff\xff\xff\xff"
   "\xff\xff\xff\xff\xff\xff\xff\xff\xff\xff"
   "\xff\xff\xff\xff\xff\xff\xff\xff\xff\xff"
   "\xff\xff\xff\xff\xff\xff\xff\xff\xff\xff"
   "\xff\xff\xff\xff\xff\xff\xff\xff\xff\xff"
   "\xff\xff\xff\xff\xff\xff\xff\xff\xff\xff"
   "\xff\xff\xff\xff\xff\xff\xff\xff\xff\xff"
   "\xff\xff\xff\xff\xff\xff\xff\xff\xff\xff"
   "\xff\xff\xff\xff\xff\xff\xff\xff\xff\xff"
   "\xff\xff\xff\xff\xff\xff\xff\xff\xff\xff"
   "\xff\xff\x9e\xf7\xf0\x83\x05\x30\x86\x40"
   "\x65\x38\xab\x92\xce\xbb\x0c\xa3\xc7\x79"
   "\xe7\x79\xe8\x79\xe7\x81\xa6\x71\xa6\x48"
   "\x05\x30\x87\x40\x66\x40\x05\x28\x27\x49"
   "\xcc\x92\xef\xc3\x4d\xab\x6a\x92\x66\x71"
   "\xc7\x79\x08\x82\xc7\x79\xe8\x79\xe7\x81"
   "\x67\x69\x27\x38\x86\x40\x26\x30\xa7\x69"
   "\xcf\xbb\x6d\xab\x6a\x92\xa7\x79\xc7\x79"
   "\xe8\x81\xe7\x81\xe7\x79\xe7\x79\xe7\x79"
   "\xe7\x79\xe7\x79\xe7\x79\xe7\x79\xc7\x79"
   "\xe7\x81\x87\x69\x47\x61\x67\x69\x67\x69"
   "\x67\x69\x67\x69\x47\x69\x66\x61\x67\x69"
   "\x47\x61\x86\x40\x66\x40\x86\x40\x66\x40"
   "\xae\xb3\x8e\xb3\x8a\x8a\x47\x59\x67\x61"
   "\x66\x69\x27\x59\x66\x40\x66\x38\x87\x40"
   "\x00\x08\x92\x9c\xfb\xee\x59\xd6\x5a\xde"
   "\x59\xde\x59\xde\x9a\xde\x18\xd6\x00\x00"
   "\x66\x40\x66\x30\x06\xb9\x06\xb9\x86\x60"
   "\x66\x28\xa6\x40\x00\x00\x59\xce\xff\xff"
   "\xff\xff\xff\xff\xff\xff\xff\xff\xff\xff"
   "\xff\xff\xff\xff\xff\xff\xff\xff\xff\xff"
   "\xff\xff\xff\xff\xff\xff\xff\xff\xff\xff"
   "\xff\xff\xff\xff\xff\xff\xff\xff\xff\xff"
   "\xff\xff\xff\xff\xff\xff\xff\xff\xff\xff"
   "\xff\xff\xff\xff\xff\xff\xff\xff\xff\xff"
   "\xff\xff\xff\xff\xff\xff\xff\xff\xff\xff"
   "\xff\xff\xff\xff\xff\xff\xff\xff\xff\xff"
   "\xff\xff\xff\xff\xff\xff\xff\xff\xff\xff"
   "\xff\xff\xff\xff\xff\xff\xff\xff\xff\xff"
   "\xff\xff\xff\xff\xff\xff\xff\xff\xff\xff"
   "\xff\xff\xff\xff\xff\xff\xff\xff\xff\xff"
   "\xff\xff\xff\xff\xff\xff\xff\xff\xff\xff"
   "\xff\xff\xff\xff\xfb\xde\x08\x4a\x66\x40"
   "\x46\x40\x47\x51\x6d\xab\xaf\xbb\x69\x92"
   "\x08\x82\xc7\x79\x66\x59\x26\x38\x46\x38"
   "\xa6\x40\x05\x28\x06\x28\x6b\x82\xae\xb3"
   "\xae\xb3\xaa\x92\xc8\x79\xa6\x71\xe7\x79"
   "\xe7\x79\xc7\x79\xc7\x79\xe7\x81\xe7\x79"
   "\x07\x82\x26\x59\x46\x38\x87\x40\x05\x20"
   "\xcc\x92\xef\xc3\x2c\xa3\xc7\x79\xe7\x81"
   "\xe7\x79\xe7\x79\xe7\x79\xe7\x79\xe7\x79"
   "\xe7\x79\xe7\x79\xe7\x79\xe7\x79\xe7\x79"
   "\xe7\x79\x47\x61\x66\x69\x47\x69\x67\x69"
   "\x67\x69\x67\x69\x47\x69\x67\x69\x67\x69"
   "\x67\x69\xe7\x50\x66\x38\x86\x40\x45\x38"
   "\x09\x72\xce\xbb\x8d\xb3\x09\x7a\x47\x61"
   "\xc7\x50\x46\x38\x66\x40\xa6\x40\x00\x00"
   "\xd4\xac\x1b\xef\x59\xd6\x59\xde\x59\xde"
   "\x5a\xde\x59\xde\x7a\xde\x79\xde\x00\x00"
   "\x66\x40\x46\x18\x06\xb9\x06\xa9\xe6\xa8"
   "\x86\x38\x67\x38\x46\x40\x04\x30\x5d\xef"
   "\xff\xff\xff\xff\xff\xff\xff\xff\xff\xff"
   "\xff\xff\xff\xff\xff\xff\xff\xff\xff\xff"
   "\xff\xff\xff\xff\xff\xff\xff\xff\xff\xff"
   "\xff\xff\xff\xff\xff\xff\xff\xff\xff\xff"
   "\xff\xff\xff\xff\xff\xff\xff\xff\xff\xff"
   "\xff\xff\xff\xff\xff\xff\xff\xff\xff\xff"
   "\xff\xff\xff\xff\xff\xff\xff\xff\xff\xff"
   "\xff\xff\xff\xff\xff\xff\xff\xff\xff\xff"
   "\xff\xff\xff\xff\xff\xff\xff\xff\xff\xff"
   "\xff\xff\xff\xff\xff\xff\xff\xff\xff\xff"
   "\xff\xff\xff\xff\xff\xff\xff\xff\xff\xff"
   "\xff\xff\xff\xff\xff\xff\xff\xff\xff\xff"
   "\xff\xff\xff\xff\xff\xff\xff\xff\xff\xff"
   "\xff\xff\xff\xff\xff\xff\xb2\x9c\x65\x30"
   "\x87\x40\x05\x30\x8b\x82\xce\xbb\xcf\xbb"
   "\x46\x59\xc6\x48\x26\x38\x66\x40\x86\x40"
   "\x05\x08\x07\x51\x6d\xab\xce\xbb\x6d\xab"
   "\x28\x82\xa7\x79\xc7\x79\xe7\x81\xe7\x79"
   "\xe7\x81\xc7\x79\xe7\x79\xc7\x79\xc7\x81"
   "\x07\x8a\xa7\x71\x86\x40\x66\x38\x86\x38"
   "\x47\x51\x6d\xb3\xae\xb3\xab\x92\xc6\x71"
   "\xc7\x79\xe7\x81\xe7\x79\xe7\x79\xe7\x79"
   "\xe7\x79\xe7\x79\xe7\x79\xe7\x79\x08\x82"
   "\x87\x69\x67\x69\x47\x69\x67\x61\x67\x69"
   "\x67\x69\x67\x69\x86\x61\x47\x61\x67\x69"
   "\x67\x61\x87\x69\xa6\x40\x86\x38\x87\x40"
   "\x85\x38\x2d\xa3\xef\xc3\xc8\x69\x66\x40"
   "\x66\x38\x66\x40\xa6\x40\x00\x00\x55\xbd"
   "\x9a\xe6\x7a\xde\x59\xde\x59\xd6\x79\xde"
   "\x59\xde\x79\xde\x7a\xe6\xba\xde\x00\x00"
   "\x86\x40\x46\x08\x26\xb9\x06\xa9\x07\xb1"
   "\xa6\x80\x86\x20\x87\x40\x03\x28\x31\x8c"
   "\xff\xff\xff\xff\xff\xff\xff\xff\xff\xff"
   "\xff\xff\xff\xff\xff\xff\xff\xff\xff\xff"
   "\xff\xff\xff\xff\xff\xff\xff\xff\xff\xff"
   "\xff\xff\xff\xff\xff\xff\xff\xff\xff\xff"
   "\xff\xff\xff\xff\xff\xff\xff\xff\xff\xff"
   "\xff\xff\xff\xff\xff\xff\xff\xff\xff\xff"
   "\xff\xff\xff\xff\xff\xff\xff\xff\xff\xff"
   "\xff\xff\xff\xff\xff\xff\xff\xff\xff\xff"
   "\xff\xff\xff\xff\xff\xff\xff\xff\xff\xff"
   "\xff\xff\xff\xff\xff\xff\xff\xff\xff\xff"
   "\xff\xff\xff\xff\xff\xff\xff\xff\xff\xff"
   "\xff\xff\xff\xff\xff\xff\xff\xff\xff\xff"
   "\xff\xff\xff\xff\xff\xff\xff\xff\xff\xff"
   "\xff\xff\xff\xff\xff\xff\xff\xff\x03\x30"
   "\x86\x38\x25\x38\x86\x40\xac\x8a\xc8\x59"
   "\x45\x38\x86\x40\x66\x40\x25\x30\x04\x00"
   "\xab\x8a\xf0\xbb\x8e\xb3\x69\x8a\xc7\x79"
   "\xc7\x79\xc7\x79\xe7\x79\xe7\x79\xe7\x79"
   "\xe7\x79\xe7\x79\xe7\x79\xe7\x79\xe7\x79"
   "\xe7\x79\x08\x82\x26\x59\x67\x38\x66\x40"
   "\x26\x38\x4a\x7a\xae\xbb\x8e\xb3\xe7\x79"
   "\xe7\x79\xc7\x79\xe7\x81\xe7\x79\xe7\x79"
   "\xe7\x79\xc7\x79\xe7\x81\xe7\x79\xa7\x79"
   "\x67\x69\x67\x69\x67\x69\x67\x69\x67\x69"
   "\x67\x69\x67\x69\x67\x69\x67\x69\x67\x69"
   "\x67\x69\x86\x69\x27\x59\x46\x38\xa7\x40"
   "\x26\x30\x68\x51\x88\x59\xa7\x40\x66\x38"
   "\xa7\x40\x66\x38\x00\x00\x52\x9c\xda\xe6"
   "\x79\xde\x59\xde\x59\xde\x59\xde\x59\xde"
   "\x79\xde\x59\xde\x7a\xde\x7a\xe6\x00\x00"
   "\x66\x40\x66\x08\x06\xc1\xe6\xa8\x06\xb1"
   "\xe6\xa8\xa7\x58\x87\x38\x67\x40\x46\x39"
   "\xf8\xc5\xff\xff\xff\xff\xff\xff\xff\xff"
   "\xff\xff\xff\xff\xff\xff\xff\xff\xff\xff"
   "\xff\xff\xff\xff\xff\xff\xff\xff\xff\xff"
   "\xff\xff\xff\xff\xff\xff\xff\xff\xff\xff"
   "\xff\xff\xff\xff\xff\xff\xff\xff\xff\xff"
   "\xff\xff\xff\xff\xff\xff\xff\xff\xff\xff"
   "\xff\xff\xff\xff\xff\xff\xff\xff\xff\xff"
   "\xff\xff\xff\xff\xff\xff\xff\xff\xff\xff"
   "\xff\xff\xff\xff\xff\xff\xff\xff\xff\xff"
   "\xff\xff\xff\xff\xff\xff\xff\xff\xff\xff"
   "\xff\xff\xff\xff\xff\xff\xff\xff\xff\xff"
   "\xff\xff\xff\xff\xff\xff\xff\xff\xff\xff"
   "\xff\xff\xff\xff\xff\xff\xff\xff\xff\xff"
   "\xff\xff\xff\xff\xff\xff\xff\xff\xfb\xde"
   "\x00\x00\xa7\x40\x67\x38\x46\x30\xa7\x40"
   "\x45\x38\x86\x40\x25\x30\x67\x59\x8e\xab"
   "\xef\xbb\xec\xa2\x66\x71\xe7\x79\xe7\x79"
   "\xe7\x79\xe7\x79\xe7\x81\xe7\x79\xe7\x79"
   "\xe7\x79\xe7\x79\xe7\x79\xe7\x79\xe7\x79"
   "\xe7\x79\xe7\x81\xe7\x81\x86\x40\x86\x38"
   "\x66\x40\x26\x38\x0c\x9b\xad\xbb\x4d\xab"
   "\x66\x69\x08\x82\xc7\x79\xe7\x79\xe7\x79"
   "\xe7\x79\xe7\x79\xc7\x79\xe7\x81\x87\x71"
   "\x67\x69\x67\x69\x67\x69\x67\x69\x67\x69"
   "\x67\x69\x67\x69\x67\x69\x67\x69\x67\x69"
   "\x67\x69\x47\x61\x87\x69\xe6\x50\x66\x38"
   "\x66\x38\x67\x40\x87\x40\x45\x38\xa7\x48"
   "\x25\x30\x03\x28\xcf\x8b\x1b\xe7\x9a\xde"
   "\x38\xd6\x79\xde\x59\xde\x59\xde\x59\xde"
   "\x59\xde\x59\xde\x79\xde\x79\xde\x00\x00"
   "\x66\x40\x66\x10\x06\xb9\x06\xb1\x06\xa9"
   "\x07\xb1\xa5\x88\x66\x40\x86\x38\x06\x40"
   "\x10\x84\xbe\xf7\xff\xff\xff\xff\xff\xff"
   "\xff\xff\xff\xff\xff\xff\xff\xff\xff\xff"
   "\xff\xff\xff\xff\xff\xff\xff\xff\xff\xff"
   "\xff\xff\xff\xff\xff\xff\xff\xff\xff\xff"
   "\xff\xff\xff\xff\xff\xff\xff\xff\xff\xff"
   "\xff\xff\xff\xff\xff\xff\xff\xff\xff\xff"
   "\xff\xff\xff\xff\xff\xff\xff\xff\xff\xff"
   "\xff\xff\xff\xff\xff\xff\xff\xff\xff\xff"
   "\xff\xff\xff\xff\xff\xff\xff\xff\xff\xff"
   "\xff\xff\xff\xff\xff\xff\xff\xff\xff\xff"
   "\xff\xff\xff\xff\xff\xff\xff\xff\xff\xff"
   "\xff\xff\xff\xff\xff\xff\xff\xff\xff\xff"
   "\xff\xff\xff\xff\xff\xff\xff\xff\xff\xff"
   "\xff\xff\xff\xff\xff\xff\xff\xff\xff\xff"
   "\x52\x94\x00\x08\x86\x40\x66\x40\x45\x38"
   "\x87\x40\xc6\x40\x8a\x82\xef\xbb\x4d\xab"
   "\x29\x8a\x65\x71\x08\x82\xc7\x79\xe7\x79"
   "\xe7\x79\xe7\x81\xe7\x81\xe7\x79\xe7\x79"
   "\xe7\x79\xe7\x79\xe7\x79\xe7\x79\xe7\x79"
   "\xe7\x79\xc8\x79\x27\x8a\x87\x69\x26\x30"
   "\x86\x40\x06\x30\x09\x6a\x8e\xab\xae\xb3"
   "\x6a\x92\xa7\x79\xe8\x81\xe7\x79\xe7\x79"
   "\xe7\x79\xe7\x79\xc7\x79\xc7\x79\x47\x61"
   "\x67\x69\x67\x69\x67\x69\x67\x69\x67\x69"
   "\x67\x69\x67\x69\x67\x69\x67\x69\x67\x69"
   "\x67\x69\x67\x69\x87\x69\x47\x61\x46\x38"
   "\x86\x40\x66\x38\x45\x38\xa7\x40\x25\x30"
   "\xa7\x40\x8e\x7b\xba\xe6\x9a\xe6\x59\xde"
   "\x79\xde\x59\xde\x59\xde\x59\xde\x59\xde"
   "\x79\xde\x59\xde\x79\xde\x59\xd6\x04\x28"
   "\x26\x40\x66\x18\x06\xa9\x06\xb1\x06\xa9"
   "\x06\xa1\x27\xc1\x86\x68\x86\x38\x66\x38"
   "\x00\x00\x76\xb5\xff\xff\xff\xff\xff\xff"
   "\xff\xff\xff\xff\xff\xff\xff\xff\xff\xff"
   "\xff\xff\xff\xff\xff\xff\xff\xff\xff\xff"
   "\xff\xff\xff\xff\xff\xff\xff\xff\xff\xff"
   "\xff\xff\xff\xff\xff\xff\xff\xff\xff\xff"
   "\xff\xff\xff\xff\xff\xff\xff\xff\xff\xff"
   "\xff\xff\xff\xff\xff\xff\xff\xff\xff\xff"
   "\xff\xff\xff\xff\xff\xff\xff\xff\xff\xff"
   "\xff\xff\xff\xff\xff\xff\xff\xff\xff\xff"
   "\xff\xff\xff\xff\xff\xff\xff\xff\xff\xff"
   "\xff\xff\xff\xff\xff\xff\xff\xff\xff\xff"
   "\xff\xff\xff\xff\xff\xff\xff\xff\xff\xff"
   "\xff\xff\xff\xff\xff\xff\xff\xff\xff\xff"
   "\xff\xff\xff\xff\xff\xff\xff\xff\xff\xff"
   "\xbe\xf7\x2d\x6b\x03\x30\x87\x40\x26\x38"
   "\x27\x51\x0d\xab\x0e\xc4\xcb\x9a\x85\x71"
   "\xc7\x79\xe7\x81\xc7\x79\xc7\x79\xe7\x79"
   "\xe7\x79\xe7\x79\xe7\x79\xe7\x79\xe7\x79"
   "\xe7\x79\xe7\x79\xe7\x79\xe7\x79\xe7\x79"
   "\xe7\x79\xe8\x81\xc7\x79\x28\x82\x06\x59"
   "\x26\x30\x86\x40\x04\x00\xcb\x8a\xae\xbb"
   "\x8e\xb3\x08\x82\xc7\x79\xe7\x79\xe7\x79"
   "\xe7\x79\xc7\x79\xe7\x81\x67\x69\x47\x69"
   "\x67\x69\x67\x69\x67\x69\x67\x69\x67\x69"
   "\x67\x69\x67\x69\x87\x69\x67\x69\x67\x69"
   "\x67\x69\x67\x69\xe7\x50\x46\x38\x66\x38"
   "\x87\x40\x65\x38\x86\x40\x87\x40\x04\x28"
   "\x4e\x73\x79\xde\xdb\xe6\x59\xde\x59\xde"
   "\x59\xde\x59\xde\x59\xde\x59\xde\x59\xde"
   "\x59\xde\x59\xde\x99\xde\x38\xd6\x07\x39"
   "\x05\x38\x67\x20\x07\x99\x06\xa9\x06\xa9"
   "\x06\xa9\x06\xa9\x07\xa9\x65\x38\x66\x40"
   "\x05\x38\x66\x40\xdb\xde\xff\xff\xff\xff"
   "\xff\xff\xff\xff\xff\xff\xff\xff\xff\xff"
   "\xff\xff\xff\xff\xff\xff\xff\xff\xff\xff"
   "\xff\xff\xff\xff\xff\xff\xff\xff\xff\xff"
   "\xff\xff\xff\xff\xff\xff\xff\xff\xff\xff"
   "\xff\xff\xff\xff\xff\xff\xff\xff\xff\xff"
   "\xff\xff\xff\xff\xff\xff\xff\xff\xff\xff"
   "\xff\xff\xff\xff\xff\xff\xff\xff\xff\xff"
   "\xff\xff\xff\xff\xff\xff\xff\xff\xff\xff"
   "\xff\xff\xff\xff\xff\xff\xff\xff\xff\xff"
   "\xff\xff\xff\xff\xff\xff\xff\xff\xff\xff"
   "\xff\xff\xff\xff\xff\xff\xff\xff\xff\xff"
   "\xff\xff\xff\xff\xff\xff\xff\xff\xff\xff"
   "\xff\xff\xff\xff\xff\xff\xff\xff\xff\xff"
   "\xff\xff\xdb\xde\x00\x00\x86\x40\x46\x38"
   "\x88\x61\x0f\xc4\x4d\xab\x49\x8a\xa7\x79"
   "\xe7\x79\xe7\x81\xe7\x79\xe7\x79\xe7\x81"
   "\xe7\x79\xe7\x79\xe7\x79\xe7\x79\xe7\x79"
   "\xe7\x79\xe7\x79\xe7\x79\xe7\x79\xe7\x79"
   "\xe7\x79\xe7\x79\xe7\x79\x07\x82\xe8\x81"
   "\x46\x38\x66\x40\x66\x38\x05\x30\x8e\xb3"
   "\x4d\xab\x2d\xab\xa6\x79\xe7\x81\xe8\x81"
   "\xe8\x81\xe8\x81\xa7\x79\x47\x61\x67\x69"
   "\x67\x69\x67\x69\x67\x69\x67\x69\x47\x69"
   "\x67\x61\x46\x61\x46\x61\x67\x69\x47\x69"
   "\x07\x59\xa6\x48\x66\x38\x66\x38\x86\x40"
   "\x86\x40\x66\x40\xa6\x48\x00\x00\xed\x72"
   "\x7a\xde\xda\xe6\x59\xde\x59\xde\x59\xde"
   "\x59\xde\x59\xde\x59\xde\x59\xde\x59\xde"
   "\x59\xde\x79\xde\x79\xde\x18\xce\xa9\x51"
   "\x05\x38\x87\x20\xe7\x88\x06\xb1\x06\xa9"
   "\x06\xa9\xe6\xa8\x06\xb9\xc6\x90\x66\x08"
   "\x66\x40\x00\x10\x11\x8c\xdf\xff\xff\xff"
   "\xff\xff\xff\xff\xff\xff\xff\xff\xff\xff"
   "\xff\xff\xff\xff\xff\xff\xff\xff\xff\xff"
   "\xff\xff\xff\xff\xff\xff\xff\xff\xff\xff"
   "\xff\xff\xff\xff\xff\xff\xff\xff\xff\xff"
   "\xff\xff\xff\xff\xff\xff\xff\xff\xff\xff"
   "\xff\xff\xff\xff\xff\xff\xff\xff\xff\xff"
   "\xff\xff\xff\xff\xff\xff\xff\xff\xff\xff"
   "\xff\xff\xff\xff\xff\xff\xff\xff\xff\xff"
   "\xff\xff\xff\xff\xff\xff\xff\xff\xff\xff"
   "\xff\xff\xff\xff\xff\xff\xff\xff\xff\xff"
   "\xff\xff\xff\xff\xff\xff\xff\xff\xff\xff"
   "\xff\xff\xff\xff\xff\xff\xff\xff\xff\xff"
   "\xff\xff\xff\xff\xff\xff\xff\xff\xff\xff"
   "\xff\xff\xde\xf7\xf3\x9c\x00\x00\x85\x40"
   "\x06\x30\xaa\x82\xcf\xc3\x2c\xa3\x08\x82"
   "\xc7\x79\xe7\x81\xe7\x81\xe7\x79\xe7\x81"
   "\xe7\x79\xe7\x79\xe7\x79\xe7\x79\xe7\x79"
   "\xe7\x79\xe7\x79\xe7\x79\xe7\x79\xe7\x79"
   "\xe7\x79\xe7\x79\xe7\x79\xe7\x79\xe7\x79"
   "\xc8\x79\x06\x30\x86\x40\x05\x30\x88\x61"
   "\xef\xc3\x6d\xab\xaa\x92\xa7\x79\xe8\x81"
   "\xe7\x79\xc7\x79\x46\x61\x67\x61\x67\x69"
   "\x67\x69\x67\x69\x67\x69\x67\x69\x47\x69"
   "\x47\x69\x66\x69\x87\x71\x47\x61\xc6\x48"
   "\x66\x40\x86\x40\x86\x40\x86\x40\x86\x40"
   "\x66\x38\xa7\x40\x00\x08\xec\x6a\xba\xe6"
   "\xba\xe6\x58\xd6\x59\xde\x59\xde\x59\xde"
   "\x59\xde\x59\xde\x59\xde\x59\xde\x59\xde"
   "\x59\xde\x79\xde\x59\xde\x18\xd6\x0a\x5a"
   "\x04\x38\x86\x30\xc6\x70\x06\xb1\x06\xa9"
   "\x06\xa9\x06\xa9\xe6\xa0\x06\xb9\xa6\x60"
   "\x66\x28\xa7\x40\x00\x00\x18\xce\xff\xff"
   "\xff\xff\xff\xff\xff\xff\xff\xff\xff\xff"
   "\xff\xff\xff\xff\xff\xff\xff\xff\xff\xff"
   "\xff\xff\xff\xff\xff\xff\xff\xff\xff\xff"
   "\xff\xff\xff\xff\xff\xff\xff\xff\xff\xff"
   "\xff\xff\xff\xff\xff\xff\xff\xff\xff\xff"
   "\xff\xff\xff\xff\xff\xff\xff\xff\xff\xff"
   "\xff\xff\xff\xff\xff\xff\xff\xff\xff\xff"
   "\xff\xff\xff\xff\xff\xff\xff\xff\xff\xff"
   "\xff\xff\xff\xff\xff\xff\xff\xff\xff\xff"
   "\xff\xff\xff\xff\xff\xff\xff\xff\xff\xff"
   "\xff\xff\xff\xff\xff\xff\xff\xff\xff\xff"
   "\xff\xff\xff\xff\xff\xff\xff\xff\xff\xff"
   "\xff\xff\xff\xff\xff\xff\xff\xff\xff\xff"
   "\xff\xff\xff\xff\xfb\xde\xaa\x62\x06\x38"
   "\xa6\x40\xe7\x48\x4d\xab\xef\xbb\xaa\x92"
   "\xc7\x79\xe7\x79\xe7\x81\xe7\x79\xe7\x79"
   "\xe7\x79\xe7\x79\xe7\x79\xe7\x79\xe7\x79"
   "\xe7\x79\xe7\x79\xe7\x79\xe7\x79\xe7\x79"
   "\xe7\x79\xe7\x79\xe7\x79\xc7\x79\xe8\x81"
   "\xc6\x79\x47\x59\x46\x38\x86\x40\x04\x28"
   "\x8b\x8a\xae\xbb\x4d\xab\x08\x82\xa7\x71"
   "\x08\x82\x67\x69\x47\x61\x67\x69\x67\x69"
   "\x67\x69\x67\x69\x67\x69\x67\x69\x47\x69"
   "\x67\x69\x87\x69\xe6\x48\x86\x40\x86\x40"
   "\x66\x40\x86\x40\x86\x40\x86\x40\x66\x40"
   "\xa7\x40\x02\x20\x4a\x62\xdb\xe6\x9a\xe6"
   "\x38\xd6\x7a\xe6\x59\xde\x59\xde\x59\xde"
   "\x59\xde\x59\xde\x59\xde\x59\xde\x59\xde"
   "\x59\xde\x59\xde\x79\xde\x18\xce\xac\x6a"
   "\x04\x30\x66\x38\xa6\x58\x06\xb1\x06\xa9"
   "\x06\xa9\x06\xb1\x06\xb1\x06\xa1\xe7\xb0"
   "\x66\x00\x65\x38\x05\x38\x00\x00\xff\xff"
   "\xff\xff\xff\xff\xff\xff\xff\xff\xff\xff"
   "\xff\xff\xff\xff\xff\xff\xff\xff\xff\xff"
   "\xff\xff\xff\xff\xff\xff\xff\xff\xff\xff"
   "\xff\xff\xff\xff\xff\xff\xff\xff\xff\xff"
   "\xff\xff\xff\xff\xff\xff\xff\xff\xff\xff"
   "\xff\xff\xff\xff\xff\xff\xff\xff\xff\xff"
   "\xff\xff\xff\xff\xff\xff\xff\xff\xff\xff"
   "\xff\xff\xff\xff\xff\xff\xff\xff\xff\xff"
   "\xff\xff\xff\xff\xff\xff\xff\xff\xff\xff"
   "\xff\xff\xff\xff\xff\xff\xff\xff\xff\xff"
   "\xff\xff\xff\xff\xff\xff\xff\xff\xff\xff"
   "\xff\xff\xff\xff\xff\xff\xff\xff\xff\xff"
   "\xff\xff\xff\xff\xff\xff\xff\xff\xff\xff"
   "\xff\xff\xff\xff\xff\xff\xd3\x9c\x03\x30"
   "\x67\x38\x26\x30\x29\x72\xae\xb3\xae\xb3"
   "\x28\x82\xc7\x79\xe7\x79\xc7\x79\xe7\x79"
   "\xe7\x79\xe7\x79\xe7\x79\xe7\x79\xe7\x79"
   "\xe7\x79\xe7\x79\xe7\x79\xe7\x79\xe7\x79"
   "\xe7\x79\xe7\x79\xe7\x81\xe7\x79\xc7\x79"
   "\x28\x82\xe7\x79\x66\x40\x86\x40\x86\x40"
   "\x85\x38\xce\xbb\x6e\xb3\xcb\x92\xe8\x81"
   "\xa6\x71\x47\x61\x67\x69\x46\x61\x67\x69"
   "\x67\x69\x67\x69\x67\x69\x67\x69\x67\x69"
   "\x47\x61\x86\x40\x86\x40\x66\x38\x66\x38"
   "\x66\x38\x66\x38\x66\x38\x86\x40\x86\x40"
   "\x05\x30\xa8\x49\x59\xd6\xba\xe6\x59\xde"
   "\x39\xde\x79\xde\x59\xd6\x59\xde\x59\xde"
   "\x59\xde\x59\xde\x59\xde\x59\xde\x59\xde"
   "\x59\xde\x59\xde\x79\xde\x18\xd6\x4e\x7b"
   "\x03\x28\x86\x38\x86\x48\x06\xb1\x06\xa9"
   "\x06\xa9\xe6\xa8\x27\xa9\xe6\xa8\x06\xa9"
   "\xe6\xa0\xa7\x30\x66\x38\x04\x30\x6e\x73"
   "\xff\xff\xff\xff\xff\xff\xff\xff\xff\xff"
   "\xff\xff\xff\xff\xff\xff\xff\xff\xff\xff"
   "\xff\xff\xff\xff\xff\xff\xff\xff\xff\xff"
   "\xff\xff\xff\xff\xff\xff\xff\xff\xff\xff"
   "\xff\xff\xff\xff\xff\xff\xff\xff\xff\xff"
   "\xff\xff\xff\xff\xff\xff\xff\xff\xff\xff"
   "\xff\xff\xff\xff\xff\xff\xff\xff\xff\xff"
   "\xff\xff\xff\xff\xff\xff\xff\xff\xff\xff"
   "\xff\xff\xff\xff\xff\xff\xff\xff\xff\xff"
   "\xff\xff\xff\xff\xff\xff\xff\xff\xff\xff"
   "\xff\xff\xff\xff\xff\xff\xff\xff\xff\xff"
   "\xff\xff\xff\xff\xff\xff\xff\xff\xff\xff"
   "\xff\xff\xff\xff\xff\xff\xff\xff\xff\xff"
   "\xff\xff\xff\xff\xff\xff\xbe\xf7\x6d\x73"
   "\x66\x40\x66\x38\x46\x38\x0c\x9b\xae\xb3"
   "\xec\x9a\x86\x71\xe8\x81\xc7\x79\xe7\x79"
   "\xe7\x79\xe7\x79\xe7\x79\xe7\x79\xe7\x79"
   "\xe7\x79\xe7\x79\xe7\x79\xe7\x79\xe7\x79"
   "\xe7\x79\xe7\x79\xe7\x79\xe7\x79\xc7\x79"
   "\xe8\x81\xe8\x81\x67\x61\x66\x38\x66\x40"
   "\x46\x38\xa8\x61\xce\xbb\x8d\xb3\x48\x82"
   "\x47\x61\x47\x61\x47\x69\x67\x69\x66\x61"
   "\x67\x61\x67\x69\x66\x69\x67\x69\xe7\x50"
   "\x46\x38\x66\x38\x66\x40\x46\x40\x87\x40"
   "\xc9\x69\x68\x61\x66\x40\x86\x40\x25\x38"
   "\xa8\x49\xd7\xcd\xbb\xee\x79\xde\x59\xde"
   "\x59\xde\x59\xde\x59\xde\x59\xde\x59\xde"
   "\x59\xde\x59\xde\x59\xde\x59\xde\x59\xde"
   "\x79\xde\x59\xde\x79\xde\x79\xde\x30\x94"
   "\x00\x20\x66\x38\x66\x30\x06\xb9\x06\xa9"
   "\x07\xa9\x06\xa9\x06\xa9\x06\xa9\xe6\xa8"
   "\xe6\xa0\x86\x58\x86\x38\x86\x38\x02\x28"
   "\xd7\xc5\xff\xff\xff\xff\xff\xff\xff\xff"
   "\xff\xff\xff\xff\xff\xff\xff\xff\xff\xff"
   "\xff\xff\xff\xff\xff\xff\xff\xff\xff\xff"
   "\xff\xff\xff\xff\xff\xff\xff\xff\xff\xff"
   "\xff\xff\xff\xff\xff\xff\xff\xff\xff\xff"
   "\xff\xff\xff\xff\xff\xff\xff\xff\xff\xff"
   "\xff\xff\xff\xff\xff\xff\xff\xff\xff\xff"
   "\xff\xff\xff\xff\xff\xff\xff\xff\xff\xff"
   "\xff\xff\xff\xff\xff\xff\xff\xff\xff\xff"
   "\xff\xff\xff\xff\xff\xff\xff\xff\xff\xff"
   "\xff\xff\xff\xff\xff\xff\xff\xff\xff\xff"
   "\xff\xff\xff\xff\xff\xff\xff\xff\xff\xff"
   "\xff\xff\xff\xff\xff\xff\xff\xff\xff\xff"
   "\xff\xff\xff\xff\xff\xff\xff\xff\x1c\xe7"
   "\x00\x18\x86\x40\x26\x38\x68\x59\x6d\xab"
   "\xcf\xbb\x8a\x92\xa6\x71\xe8\x79\xe8\x81"
   "\xe7\x79\xe7\x79\xe7\x79\xe7\x79\xe7\x79"
   "\xe7\x79\xe7\x79\xe7\x79\xe7\x79\xe7\x79"
   "\xe7\x79\xe7\x79\xe7\x79\xe7\x79\xe8\x79"
   "\xc7\x79\xe8\x81\xe7\x81\xc6\x48\x86\x40"
   "\x86\x40\xc6\x38\xec\x92\xae\xbb\x0c\xa3"
   "\x47\x61\x67\x69\x47\x69\x67\x69\x67\x69"
   "\x67\x69\x67\x69\x27\x61\x87\x48\x46\x38"
   "\x86\x40\x66\x40\x06\x30\x47\x51\xeb\x92"
   "\xcb\x8a\x86\x40\x87\x38\x05\x38\x47\x41"
   "\xd7\xc5\x1c\xef\x39\xde\x79\xde\x59\xde"
   "\x59\xde\x59\xde\x59\xde\x59\xd6\x59\xde"
   "\x59\xde\x59\xde\x59\xde\x59\xde\x59\xde"
   "\x59\xde\x59\xde\x79\xde\x9a\xe6\xd3\xac"
   "\x00\x10\x66\x38\x66\x30\x06\xb1\x06\xa9"
   "\xe6\xa8\x06\xa9\x06\xa9\x06\xa9\x06\xa9"
   "\xe6\xb0\xe6\xa0\x86\x40\x66\x38\x66\x40"
   "\x29\x52\x7e\xf7\xff\xff\xff\xff\xff\xff"
   "\xff\xff\xff\xff\xff\xff\xff\xff\xff\xff"
   "\xff\xff\xff\xff\xff\xff\xff\xff\xff\xff"
   "\xff\xff\xff\xff\xff\xff\xff\xff\xff\xff"
   "\xff\xff\xff\xff\xff\xff\xff\xff\xff\xff"
   "\xff\xff\xff\xff\xff\xff\xff\xff\xff\xff"
   "\xff\xff\xff\xff\xff\xff\xff\xff\xff\xff"
   "\xff\xff\xff\xff\xff\xff\xff\xff\xff\xff"
   "\xff\xff\xff\xff\xff\xff\xff\xff\xff\xff"
   "\xff\xff\xff\xff\xff\xff\xff\xff\xff\xff"
   "\xff\xff\xff\xff\xff\xff\xff\xff\xff\xff"
   "\xff\xff\xff\xff\xff\xff\xff\xff\xff\xff"
   "\xff\xff\xff\xff\xff\xff\xff\xff\xff\xff"
   "\xff\xff\xff\xff\xff\xff\xff\xff\xff\xff"
   "\x72\x9c\x00\x00\x86\x40\x05\x20\xcb\x8a"
   "\x8d\xb3\x6e\xb3\xe7\x81\xc7\x79\xe7\x79"
   "\xe7\x79\xe7\x79\xe7\x79\xe7\x79\xe7\x79"
   "\xe7\x79\xe7\x79\xe7\x79\xe7\x79\xe7\x79"
   "\xe7\x79\xe7\x79\xe7\x79\xe7\x79\xc7\x79"
   "\xe8\x81\xc7\x79\x07\x82\xc7\x71\x46\x38"
   "\x66\x40\x26\x38\x87\x59\x6d\xab\xcf\xbb"
   "\x6a\x8a\x06\x61\x47\x69\x67\x69\x67\x69"
   "\x67\x61\xe7\x50\x67\x40\x46\x38\x86\x40"
   "\x05\x30\x05\x28\x8b\x82\xcd\xbb\xec\x92"
   "\x04\x20\x45\x38\x86\x38\x00\x10\x18\xd6"
   "\xfb\xee\x38\xd6\x39\xd6\x39\xde\x39\xde"
   "\x59\xde\x59\xde\x59\xde\x59\xde\x39\xd6"
   "\x39\xde\x79\xde\x59\xde\x59\xde\x59\xde"
   "\x59\xde\x59\xde\x59\xde\xda\xe6\x75\xb5"
   "\x00\x00\x86\x38\x46\x28\x06\xb1\x06\xa9"
   "\xe6\xa8\x06\xa9\x06\xa9\x06\xa9\x06\xa9"
   "\x06\xa9\xe6\xb0\xa6\x78\x66\x38\x86\x40"
   "\x04\x30\xb2\x9c\xff\xff\xff\xff\xff\xff"
   "\xff\xff\xff\xff\xff\xff\xff\xff\xff\xff"
   "\xff\xff\xff\xff\xff\xff\xff\xff\xff\xff"
   "\xff\xff\xff\xff\xff\xff\xff\xff\xff\xff"
   "\xff\xff\xff\xff\xff\xff\xff\xff\xff\xff"
   "\xff\xff\xff\xff\xff\xff\xff\xff\xff\xff"
   "\xff\xff\xff\xff\xff\xff\xff\xff\xff\xff"
   "\xff\xff\xff\xff\xff\xff\xff\xff\xff\xff"
   "\xff\xff\xff\xff\xff\xff\xff\xff\xff\xff"
   "\xff\xff\xff\xff\xff\xff\xff\xff\xff\xff"
   "\xff\xff\xff\xff\xff\xff\xff\xff\xff\xff"
   "\xff\xff\xff\xff\xff\xff\xff\xff\xff\xff"
   "\xff\xff\xff\xff\xff\xff\xff\xff\xff\xff"
   "\xff\xff\xff\xff\xff\xff\xff\xff\xff\xff"
   "\x9e\xf7\xe6\x40\x05\x30\x66\x38\x06\x28"
   "\xae\xb3\x6d\xb3\x4c\xab\x46\x71\xe7\x79"
   "\xe7\x79\xe7\x79\xe7\x79\xe7\x79\xe7\x79"
   "\xe7\x79\xe7\x79\xe7\x79\xe7\x79\xe7\x79"
   "\xe7\x79\xe7\x79\xe7\x79\xe7\x79\xe7\x79"
   "\xe7\x79\xe7\x79\xe7\x79\x28\x8a\x46\x61"
   "\x46\x30\x66\x40\x05\x30\xaa\x82\x4d\xb3"
   "\xae\xb3\x87\x71\x27\x61\x67\x69\x07\x51"
   "\x86\x48\x66\x40\x86\x38\x87\x40\x05\x18"
   "\x47\x59\x4d\xa3\x4f\xc4\x8b\x82\x04\x20"
   "\x66\x40\xa6\x40\x00\x00\x38\xd6\x9a\xe6"
   "\xd7\xcd\x5a\xde\x1c\xef\x9d\xf7\x7d\xf7"
   "\x9e\xf7\x9e\xf7\x9e\xf7\x9e\xf7\x9e\xf7"
   "\xba\xde\x18\xd6\x79\xde\x59\xde\x5a\xde"
   "\x7a\xde\x59\xde\x79\xde\xfb\xee\xd7\xbd"
   "\x00\x00\x86\x38\x46\x20\x06\xb9\x06\xa9"
   "\xe6\xa8\x06\xa9\x06\xa9\x06\xa9\x06\xa9"
   "\x06\xa9\x06\xb1\x06\xb1\x86\x40\x86\x40"
   "\x26\x38\x47\x41\x9a\xd6\xff\xff\xff\xff"
   "\xff\xff\xff\xff\xff\xff\xff\xff\xff\xff"
   "\xff\xff\xff\xff\xff\xff\xff\xff\xff\xff"
   "\xff\xff\xff\xff\xff\xff\xff\xff\xff\xff"
   "\xff\xff\xff\xff\xff\xff\xff\xff\xff\xff"
   "\xff\xff\xff\xff\xff\xff\xff\xff\xff\xff"
   "\xff\xff\xff\xff\xff\xff\xff\xff\xff\xff"
   "\xff\xff\xff\xff\xff\xff\xff\xff\xff\xff"
   "\xff\xff\xff\xff\xff\xff\xff\xff\xff\xff"
   "\xff\xff\xff\xff\xff\xff\xff\xff\xff\xff"
   "\xff\xff\xff\xff\xff\xff\xff\xff\xff\xff"
   "\xff\xff\xff\xff\xff\xff\xff\xff\xff\xff"
   "\xff\xff\xff\xff\xff\xff\xff\xff\xff\xff"
   "\xff\xff\xff\xff\xff\xff\xff\xff\xff\xff"
   "\xff\xff\x3c\xe7\x00\x00\x86\x38\x05\x30"
   "\xe6\x48\xef\xc3\x6e\xb3\xaa\x92\x86\x79"
   "\xe7\x79\xc7\x79\xe7\x79\xe7\x79\xe7\x79"
   "\xe7\x79\xe7\x79\xe7\x79\xe7\x79\xe7\x79"
   "\xe7\x79\xe7\x79\xe7\x79\xe7\x79\xe7\x79"
   "\xe7\x79\xe7\x79\xe7\x79\xe7\x79\x08\x82"
   "\x07\x38\x86\x38\x66\x40\x05\x28\xce\xb3"
   "\x4d\xab\xce\xbb\xe5\x50\xc7\x48\x46\x40"
   "\x66\x38\x66\x38\x87\x40\x03\x18\xac\x8a"
   "\xcf\xbb\x0f\xc4\x29\x72\x05\x20\x86\x40"
   "\x86\x38\x00\x00\x39\xce\xfb\xee\x7d\xff"
   "\xde\xff\xdf\xff\xff\xff\xff\xff\xff\xff"
   "\xff\xff\xff\xff\xff\xff\xff\xff\xff\xff"
   "\xff\xff\x9a\xde\x38\xd6\x5a\xde\x59\xde"
   "\x9a\xde\x39\xd6\x79\xde\xda\xe6\x96\xbd"
   "\x00\x20\x66\x40\x46\x20\x06\xb9\x06\xa9"
   "\x06\xa9\x06\xa9\x06\xa9\x06\xa9\x06\xa9"
   "\x06\xa9\x06\xa1\x26\xb9\xe7\x98\x67\x28"
   "\x86\x40\x00\x18\x31\x8c\x9e\xf7\xff\xff"
   "\xff\xff\xff\xff\xff\xff\xff\xff\xff\xff"
   "\xff\xff\xff\xff\xff\xff\xff\xff\xff\xff"
   "\xff\xff\xff\xff\xff\xff\xff\xff\xff\xff"
   "\xff\xff\xff\xff\xff\xff\xff\xff\xff\xff"
   "\xff\xff\xff\xff\xff\xff\xff\xff\xff\xff"
   "\xff\xff\xff\xff\xff\xff\xff\xff\xff\xff"
   "\xff\xff\xff\xff\xff\xff\xff\xff\xff\xff"
   "\xff\xff\xff\xff\xff\xff\xff\xff\xff\xff"
   "\xff\xff\xff\xff\xff\xff\xff\xff\xff\xff"
   "\xff\xff\xff\xff\xff\xff\xff\xff\xff\xff"
   "\xff\xff\xff\xff\xff\xff\xff\xff\xff\xff"
   "\xff\xff\xff\xff\xff\xff\xff\xff\xff\xff"
   "\xff\xff\xff\xff\xff\xff\xff\xff\xff\xff"
   "\xff\xff\xde\xf7\xd3\x9c\x00\x00\x87\x40"
   "\x06\x20\x6a\x82\xce\xbb\x4d\xab\xe7\x79"
   "\xc7\x79\xe7\x81\xe7\x81\xe7\x79\xe7\x79"
   "\xe7\x79\xe7\x79\xe7\x79\xe7\x79\xe7\x79"
   "\xe7\x79\xe7\x79\xe7\x79\xe7\x79\xe7\x79"
   "\xe7\x79\xe7\x79\xe7\x79\xe8\x81\xe7\x81"
   "\xa7\x71\x06\x30\x86\x40\x06\x30\xe8\x50"
   "\x2f\xc4\x8b\x82\x05\x30\x66\x40\x86\x38"
   "\x86\x40\x25\x30\xc7\x40\x8e\xab\xce\xbb"
   "\x8d\xb3\xa8\x69\x46\x38\xa7\x40\x66\x40"
   "\x00\x00\xf8\xc5\xfe\xff\xff\xff\xdf\xf7"
   "\xff\xff\xff\xff\xff\xff\xff\xff\xff\xff"
   "\xff\xff\xff\xff\xff\xff\xff\xff\xff\xff"
   "\xff\xff\xdf\xff\x19\xd6\x7a\xde\x59\xde"
   "\x59\xde\x99\xde\x38\xd6\x5d\xef\x38\xce"
   "\x02\x28\x45\x38\x86\x30\xe6\xb0\x06\xa9"
   "\x06\xa9\x06\xa9\x06\xa9\x06\xa9\x06\xa9"
   "\x06\xa9\x07\xa9\x06\xa9\x06\xb9\xa6\x58"
   "\x66\x30\x86\x40\x00\x00\xf8\xc5\xff\xff"
   "\xff\xff\xff\xff\xff\xff\xff\xff\xff\xff"
   "\xff\xff\xff\xff\xff\xff\xff\xff\xff\xff"
   "\xff\xff\xff\xff\xff\xff\xff\xff\xff\xff"
   "\xff\xff\xff\xff\xff\xff\xff\xff\xff\xff"
   "\xff\xff\xff\xff\xff\xff\xff\xff\xff\xff"
   "\xff\xff\xff\xff\xff\xff\xff\xff\xff\xff"
   "\xff\xff\xff\xff\xff\xff\xff\xff\xff\xff"
   "\xff\xff\xff\xff\xff\xff\xff\xff\xff\xff"
   "\xff\xff\xff\xff\xff\xff\xff\xff\xff\xff"
   "\xff\xff\xff\xff\xff\xff\xff\xff\xff\xff"
   "\xff\xff\xff\xff\xff\xff\xff\xff\xff\xff"
   "\xff\xff\xff\xff\xff\xff\xff\xff\xff\xff"
   "\xff\xff\xff\xff\xff\xff\xff\xff\xff\xff"
   "\xff\xff\xff\xff\x3c\xe7\xc9\x59\x04\x28"
   "\xa7\x40\x04\x18\x4e\xab\xae\xb3\x0c\x9b"
   "\xc7\x79\xc7\x79\xc7\x79\xe7\x79\xe7\x79"
   "\xe7\x79\xe7\x79\xe7\x79\xe7\x79\xe7\x79"
   "\xe7\x79\xe7\x79\xe7\x79\xe7\x79\xe7\x79"
   "\xe7\x79\xe7\x79\xe7\x79\xc7\x81\xc7\x79"
   "\x28\x8a\x86\x48\x86\x38\xa7\x40\x25\x30"
   "\x06\x40\x04\x20\x86\x40\x66\x40\x46\x38"
   "\xe6\x38\x4a\x7a\xee\xc3\xae\xbb\xcc\x9a"
   "\xc6\x50\x05\x28\x66\x40\x46\x38\x04\x30"
   "\x76\xbd\xff\xff\xff\xff\xdf\xff\xff\xff"
   "\xff\xff\xff\xff\xff\xff\xff\xff\xff\xff"
   "\xff\xff\xff\xff\xff\xff\xff\xff\xff\xff"
   "\xff\xff\xff\xff\x5d\xef\x18\xd6\x59\xde"
   "\x7a\xde\x9a\xde\xdb\xe6\x31\x9c\x00\x00"
   "\x85\x38\x86\x40\x66\x30\xe7\xa8\x06\xb1"
   "\x06\xa9\x06\xa9\x06\xa9\x06\xa9\x06\xa9"
   "\x06\xa9\xe6\xa8\x07\xa9\x06\xa9\xe6\xb8"
   "\x66\x28\x86\x38\x25\x40\x00\x20\x5d\xef"
   "\xff\xff\xff\xff\xff\xff\xff\xff\xff\xff"
   "\xff\xff\xff\xff\xff\xff\xff\xff\xff\xff"
   "\xff\xff\xff\xff\xff\xff\xff\xff\xff\xff"
   "\xff\xff\xff\xff\xff\xff\xff\xff\xff\xff"
   "\xff\xff\xff\xff\xff\xff\xff\xff\xff\xff"
   "\xff\xff\xff\xff\xff\xff\xff\xff\xff\xff"
   "\xff\xff\xff\xff\xff\xff\xff\xff\xff\xff"
   "\xff\xff\xff\xff\xff\xff\xff\xff\xff\xff"
   "\xff\xff\xff\xff\xff\xff\xff\xff\xff\xff"
   "\xff\xff\xff\xff\xff\xff\xff\xff\xff\xff"
   "\xff\xff\xff\xff\xff\xff\xff\xff\xff\xff"
   "\xff\xff\xff\xff\xff\xff\xff\xff\xff\xff"
   "\xff\xff\xff\xff\xff\xff\xff\xff\xff\xff"
   "\xff\xff\xff\xff\xff\xff\xf7\xc5\x05\x30"
   "\x05\x38\x87\x30\xa8\x61\xce\xbb\x4d\xab"
   "\x49\x8a\xe7\x81\xe7\x79\xe7\x79\xe7\x79"
   "\xe7\x79\xe7\x79\xe7\x79\xe7\x79\xe7\x79"
   "\xe7\x79\xe7\x79\xe7\x79\xe7\x79\xe7\x79"
   "\xe7\x79\xe7\x79\xe7\x79\x07\x7a\xe7\x79"
   "\x07\x61\x67\x69\x87\x40\x65\x40\xa7\x40"
   "\x87\x38\xa6\x40\x06\x30\x05\x38\xa8\x61"
   "\x8e\xab\xef\xc3\x0c\x9b\x89\x8a\x05\x48"
   "\x46\x38\x87\x40\xc7\x40\x00\x28\x34\xad"
   "\xff\xff\xff\xff\xdf\xff\xff\xff\xde\xf7"
   "\xff\xff\xff\xff\xff\xff\xff\xff\xff\xff"
   "\xff\xff\xff\xff\xff\xff\xff\xff\xff\xff"
   "\xff\xff\xff\xff\xdf\xff\x1c\xef\x9a\xde"
   "\x39\xd6\x34\xb5\x00\x00\x00\x08\xa7\x40"
   "\x66\x40\x87\x30\x67\x20\xe6\xa8\x06\xb1"
   "\x06\xa9\x06\xa9\x06\xa9\x06\xa9\x06\xa9"
   "\x06\xa1\x06\xa9\x06\xa9\x06\xb1\x06\xb1"
   "\xc6\x90\x86\x20\x86\x40\x00\x08\xf1\x8b"
   "\xff\xff\xff\xff\xff\xff\xff\xff\xff\xff"
   "\xff\xff\xff\xff\xff\xff\xff\xff\xff\xff"
   "\xff\xff\xff\xff\xff\xff\xff\xff\xff\xff"
   "\xff\xff\xff\xff\xff\xff\xff\xff\xff\xff"
   "\xff\xff\xff\xff\xff\xff\xff\xff\xff\xff"
   "\xff\xff\xff\xff\xff\xff\xff\xff\xff\xff"
   "\xff\xff\xff\xff\xff\xff\xff\xff\xff\xff"
   "\xff\xff\xff\xff\xff\xff\xff\xff\xff\xff"
   "\xff\xff\xff\xff\xff\xff\xff\xff\xff\xff"
   "\xff\xff\xff\xff\xff\xff\xff\xff\xff\xff"
   "\xff\xff\xff\xff\xff\xff\xff\xff\xff\xff"
   "\xff\xff\xff\xff\xff\xff\xff\xff\xff\xff"
   "\xff\xff\xff\xff\xff\xff\xff\xff\xff\xff"
   "\xff\xff\xff\xff\xff\xff\xbe\xf7\xcf\x83"
   "\x04\x38\x66\x40\x46\x38\xab\x92\xcf\xbb"
   "\x2d\xa3\xc7\x71\xe8\x81\xe7\x79\xe7\x79"
   "\xe7\x79\xe7\x79\xe7\x79\xe7\x79\xe7\x79"
   "\xe7\x79\xe7\x79\xe7\x79\xe7\x79\xe7\x79"
   "\xe7\x81\xe7\x79\xc7\x79\xe8\x79\x87\x69"
   "\x67\x69\x26\x59\xa6\x40\x86\x40\x86\x40"
   "\x66\x40\x66\x38\x88\x61\xec\x92\x6d\xb3"
   "\x6d\xb3\x6a\x8a\x46\x61\xa6\x50\x86\x40"
   "\x66\x38\xa7\x40\x00\x00\x75\xad\xdf\xff"
   "\xff\xff\xff\xff\xff\xff\xff\xff\xff\xff"
   "\xff\xff\xff\xff\xff\xff\xff\xff\xff\xff"
   "\xff\xff\xff\xff\xff\xff\xff\xff\xff\xff"
   "\xff\xff\xff\xff\xff\xff\x7a\xd6\xb2\xa4"
   "\x03\x30\x00\x00\xa6\x40\x86\x38\x66\x28"
   "\x66\x28\xa6\x70\xe6\x98\x06\xb1\xe6\xa8"
   "\x07\xa9\x06\xa9\x06\xa9\x06\xa9\x06\xa9"
   "\x06\xa9\x06\xa9\x06\xa9\x06\xa9\xe6\xa8"
   "\x06\xb1\xa6\x68\x67\x28\xa6\x40\x00\x00"
   "\xf8\xc5\xff\xff\xff\xff\xff\xff\xff\xff"
   "\xff\xff\xff\xff\xff\xff\xff\xff\xff\xff"
   "\xff\xff\xff\xff\xff\xff\xff\xff\xff\xff"
   "\xff\xff\xff\xff\xff\xff\xff\xff\xff\xff"
   "\xff\xff\xff\xff\xff\xff\xff\xff\xff\xff"
   "\xff\xff\xff\xff\xff\xff\xff\xff\xff\xff"
   "\xff\xff\xff\xff\xff\xff\xff\xff\xff\xff"
   "\xff\xff\xff\xff\xff\xff\xff\xff\xff\xff"
   "\xff\xff\xff\xff\xff\xff\xff\xff\xff\xff"
   "\xff\xff\xff\xff\xff\xff\xff\xff\xff\xff"
   "\xff\xff\xff\xff\xff\xff\xff\xff\xff\xff"
   "\xff\xff\xff\xff\xff\xff\xff\xff\xff\xff"
   "\xff\xff\xff\xff\xff\xff\xff\xff\xff\xff"
   "\xff\xff\xff\xff\xff\xff\xff\xff\x1c\xe7"
   "\xe8\x49\x87\x40\x46\x38\x47\x51\x4d\xab"
   "\xae\xbb\xa9\x92\xa6\x71\xe7\x79\xe7\x79"
   "\xe7\x79\xe7\x79\xe7\x79\xe7\x79\xe7\x79"
   "\xe7\x79\xe7\x79\xe7\x79\xe7\x79\xc7\x79"
   "\xc7\x79\xc7\x79\xe7\x81\xa7\x71\x26\x61"
   "\xe6\x48\x66\x38\x86\x40\x86\x40\x86\x40"
   "\x86\x40\x66\x38\x6a\x82\x0f\xc4\x8e\xb3"
   "\xa7\x69\x47\x61\x46\x61\x87\x40\x46\x38"
   "\xa7\x48\x00\x00\xb6\xb5\xff\xff\xff\xff"
   "\xff\xff\xff\xff\xff\xff\xff\xff\xff\xff"
   "\xff\xff\xff\xff\xff\xff\xff\xff\xff\xff"
   "\xff\xff\xff\xff\xff\xff\xfe\xff\xff\xff"
   "\xff\xff\x59\xce\x31\x8c\x87\x49\x00\x20"
   "\x45\x38\x87\x48\x66\x30\x66\x28\xa6\x70"
   "\xe6\xa0\x06\xb1\x07\xb1\x06\xa9\x06\xa9"
   "\x06\xa9\x06\xa9\x06\xa9\x06\xa9\x06\xa9"
   "\x06\xa9\x06\xa9\x06\xa9\x06\xa9\x06\xa9"
   "\x07\xb1\xe6\xa0\x66\x40\x87\x38\x67\x40"
   "\x47\x39\xbe\xf7\xff\xff\xff\xff\xff\xff"
   "\xff\xff\xff\xff\xff\xff\xff\xff\xff\xff"
   "\xff\xff\xff\xff\xff\xff\xff\xff\xff\xff"
   "\xff\xff\xff\xff\xff\xff\xff\xff\xff\xff"
   "\xff\xff\xff\xff\xff\xff\xff\xff\xff\xff"
   "\xff\xff\xff\xff\xff\xff\xff\xff\xff\xff"
   "\xff\xff\xff\xff\xff\xff\xff\xff\xff\xff"
   "\xff\xff\xff\xff\xff\xff\xff\xff\xff\xff"
   "\xff\xff\xff\xff\xff\xff\xff\xff\xff\xff"
   "\xff\xff\xff\xff\xff\xff\xff\xff\xff\xff"
   "\xff\xff\xff\xff\xff\xff\xff\xff\xff\xff"
   "\xff\xff\xff\xff\xff\xff\xff\xff\xff\xff"
   "\xff\xff\xff\xff\xff\xff\xff\xff\xff\xff"
   "\xff\xff\xff\xff\xff\xff\xff\xff\xff\xff"
   "\x93\x9c\x03\x20\x87\x40\x05\x30\x49\x7a"
   "\x6d\xb3\xae\xb3\xa7\x79\xe7\x79\xe7\x79"
   "\xe7\x79\xe7\x79\xe7\x79\xe7\x79\xe7\x79"
   "\xe7\x79\xe7\x79\xe7\x79\xe7\x79\xe7\x79"
   "\xe7\x79\x07\x82\xc7\x79\xe6\x50\x66\x40"
   "\x86\x40\x66\x40\x86\x40\x05\x20\x05\x30"
   "\x86\x40\x87\x40\x47\x51\x2d\xa3\xce\xb3"
   "\xcb\x9a\x06\x59\x66\x38\x86\x38\xa6\x40"
   "\x00\x00\x14\xa5\xde\xf7\xff\xff\xff\xff"
   "\xff\xff\xff\xff\xff\xff\xff\xff\xff\xff"
   "\xff\xff\xff\xff\xff\xff\xff\xff\xff\xff"
   "\xff\xff\xff\xff\xff\xff\xff\xff\xbb\xde"
   "\x0d\x73\xc7\x39\x05\x38\x46\x40\x67\x40"
   "\x66\x38\x46\x00\xa6\x68\xe6\xa0\x06\xb1"
   "\x06\xb1\xe6\xa8\x06\xa9\x06\xa9\x06\xa9"
   "\xe7\xa8\x06\xa9\x06\xa9\x06\xa9\x06\xa9"
   "\x06\xa9\x06\xa9\x06\xa9\x06\xa9\x06\xa9"
   "\xe6\xa0\x06\xb1\xc6\x80\xa7\x30\x66\x38"
   "\x25\x30\x10\x8c\xff\xff\xff\xff\xff\xff"
   "\xff\xff\xff\xff\xff\xff\xff\xff\xff\xff"
   "\xff\xff\xff\xff\xff\xff\xff\xff\xff\xff"
   "\xff\xff\xff\xff\xff\xff\xff\xff\xff\xff"
   "\xff\xff\xff\xff\xff\xff\xff\xff\xff\xff"
   "\xff\xff\xff\xff\xff\xff\xff\xff\xff\xff"
   "\xff\xff\xff\xff\xff\xff\xff\xff\xff\xff"
   "\xff\xff\xff\xff\xff\xff\xff\xff\xff\xff"
   "\xff\xff\xff\xff\xff\xff\xff\xff\xff\xff"
   "\xff\xff\xff\xff\xff\xff\xff\xff\xff\xff"
   "\xff\xff\xff\xff\xff\xff\xff\xff\xff\xff"
   "\xff\xff\xff\xff\xff\xff\xff\xff\xff\xff"
   "\xff\xff\xff\xff\xff\xff\xff\xff\xff\xff"
   "\xff\xff\xff\xff\xff\xff\xff\xff\xff\xff"
   "\xff\xff\xa6\x40\x45\x38\xa6\x40\x05\x18"
   "\x6c\xa3\x8e\xab\x2c\xa3\x65\x71\xe8\x79"
   "\xe8\x81\xc7\x79\xe7\x79\xe7\x79\xe7\x79"
   "\xe7\x79\xe7\x79\xe7\x81\xc7\x81\xc7\x79"
   "\x07\x82\xe8\x79\xa7\x38\x46\x38\xa7\x40"
   "\x66\x38\x86\x40\x05\x20\xac\x92\xe9\x71"
   "\xa7\x40\x86\x40\x05\x30\xaa\x7a\xef\xc3"
   "\x4d\xb3\xa6\x38\x87\x40\x86\x40\x00\x00"
   "\xb2\x94\xbe\xf7\xff\xff\xff\xff\xff\xff"
   "\xff\xff\xff\xff\xff\xff\xff\xff\xff\xff"
   "\xff\xff\xff\xff\xff\xff\xff\xff\xff\xff"
   "\xff\xff\xff\xff\x5c\xef\xcf\x83\x00\x00"
   "\x46\x38\x66\x40\x86\x40\x86\x40\x66\x28"
   "\x87\x48\x06\xa9\x06\xb9\x06\xa9\x06\xa9"
   "\x06\xa9\x06\xa9\x06\xa9\x06\xa9\x06\xa9"
   "\x06\xa9\x06\xa9\x06\xa9\x06\xa9\x06\xa9"
   "\x06\xa9\x06\xa9\x06\xa9\x06\xa9\x06\xa9"
   "\x06\xa9\x06\xa9\x06\xb1\x86\x60\x86\x38"
   "\x67\x48\xa8\x49\x18\xc6\xff\xff\xff\xff"
   "\xff\xff\xff\xff\xff\xff\xff\xff\xff\xff"
   "\xff\xff\xff\xff\xff\xff\xff\xff\xff\xff"
   "\xff\xff\xff\xff\xff\xff\xff\xff\xff\xff"
   "\xff\xff\xff\xff\xff\xff\xff\xff\xff\xff"
   "\xff\xff\xff\xff\xff\xff\xff\xff\xff\xff"
   "\xff\xff\xff\xff\xff\xff\xff\xff\xff\xff"
   "\xff\xff\xff\xff\xff\xff\xff\xff\xff\xff"
   "\xff\xff\xff\xff\xff\xff\xff\xff\xff\xff"
   "\xff\xff\xff\xff\xff\xff\xff\xff\xff\xff"
   "\xff\xff\xff\xff\xff\xff\xff\xff\xff\xff"
   "\xff\xff\xff\xff\xff\xff\xff\xff\xff\xff"
   "\xff\xff\xff\xff\xff\xff\xff\xff\xff\xff"
   "\xff\xff\xff\xff\xff\xff\xff\xff\xff\xff"
   "\xff\xff\x7a\xd6\x00\x00\x66\x40\x25\x30"
   "\x28\x51\xad\xb3\xcf\xb3\x8a\x92\x87\x71"
   "\xe7\x79\x08\x82\xe7\x79\xe7\x79\xe7\x79"
   "\xe7\x79\xc7\x79\xe8\x81\xe7\x79\x07\x8a"
   "\x88\x69\x06\x28\x66\x38\x87\x40\x25\x38"
   "\x47\x40\xa7\x59\x2d\xa3\xee\xc3\x8e\xb3"
   "\xc6\x40\x86\x40\x66\x40\x06\x30\x8b\x82"
   "\x46\x49\x67\x40\x86\x40\x03\x20\x92\x9c"
   "\xbe\xf7\xff\xff\xff\xff\xff\xff\xff\xff"
   "\xff\xff\xff\xff\xff\xff\xff\xff\xff\xff"
   "\xff\xff\xff\xff\xff\xff\xfe\xf7\xbe\xf7"
   "\x5d\xef\x2f\x7b\x00\x00\x05\x38\xa7\x48"
   "\x65\x38\x87\x40\x86\x40\x86\x58\xe6\x98"
   "\x06\xb9\x06\xb1\xe6\xa0\x06\xa9\x06\xa9"
   "\x06\xa9\x06\xa9\x06\xa9\x06\xa9\x06\xa9"
   "\x06\xa9\x06\xa9\x06\xa9\x06\xa9\x06\xa9"
   "\x06\xa9\x06\xa9\x06\xa9\x06\xa9\x06\xa9"
   "\x06\xa9\x06\xa9\x06\xb1\xe6\x90\x66\x38"
   "\x86\x38\x04\x30\x2d\x6b\x3c\xef\xff\xff"
   "\xff\xff\xff\xff\xff\xff\xff\xff\xff\xff"
   "\xff\xff\xff\xff\xff\xff\xff\xff\xff\xff"
   "\xff\xff\xff\xff\xff\xff\xff\xff\xff\xff"
   "\xff\xff\xff\xff\xff\xff\xff\xff\xff\xff"
   "\xff\xff\xff\xff\xff\xff\xff\xff\xff\xff"
   "\xff\xff\xff\xff\xff\xff\xff\xff\xff\xff"
   "\xff\xff\xff\xff\xff\xff\xff\xff\xff\xff"
   "\xff\xff\xff\xff\xff\xff\xff\xff\xff\xff"
   "\xff\xff\xff\xff\xff\xff\xff\xff\xff\xff"
   "\xff\xff\xff\xff\xff\xff\xff\xff\xff\xff"
   "\xff\xff\xff\xff\xff\xff\xff\xff\xff\xff"
   "\xff\xff\xff\xff\xff\xff\xff\xff\xff\xff"
   "\xff\xff\xff\xff\xff\xff\xff\xff\xff\xff"
   "\xff\xff\xff\xff\xd4\xa4\x00\x00\xa7\x48"
   "\x04\x08\x8b\x8a\x8e\xb3\x8e\xb3\xe8\x81"
   "\xc7\x79\xe7\x79\xe7\x79\xe7\x79\xe7\x79"
   "\xc7\x79\xe8\x79\xe7\x81\xe7\x71\xc6\x50"
   "\x06\x30\x86\x40\x66\x40\x06\x28\x48\x51"
   "\x4a\x82\xef\xc3\x8d\xb3\x8b\x92\xe5\x60"
   "\x26\x59\x46\x30\x67\x40\x45\x38\x05\x28"
   "\x46\x38\x66\x38\x03\x30\x72\x94\xbe\xf7"
   "\xff\xff\xff\xff\xff\xff\xff\xff\xff\xff"
   "\xff\xff\xff\xff\xff\xff\xff\xff\xff\xff"
   "\xff\xff\xff\xff\x9e\xf7\x1b\xdf\x11\x8c"
   "\x00\x00\x00\x20\xa7\x40\x66\x38\x86\x38"
   "\x86\x40\xa6\x70\xe6\x98\x06\xb9\x06\xb1"
   "\x06\xa9\x06\xa9\x06\xa9\x06\xa9\x06\xa9"
   "\x06\xa9\x06\xa9\x06\xa9\x06\xa9\x06\xa9"
   "\x06\xa9\x06\xa9\x06\xa9\x06\xa9\x06\xa9"
   "\x06\xa9\x06\xa9\x06\xa9\x06\xa9\x06\xa9"
   "\x06\xa9\x06\xa9\xe6\xa8\x06\xb9\x86\x60"
   "\x67\x40\x86\x38\x00\x10\x96\xb5\xff\xff"
   "\xff\xff\xff\xff\xff\xff\xff\xff\xff\xff"
   "\xff\xff\xff\xff\xff\xff\xff\xff\xff\xff"
   "\xff\xff\xff\xff\xff\xff\xff\xff\xff\xff"
   "\xff\xff\xff\xff\xff\xff\xff\xff\xff\xff"
   "\xff\xff\xff\xff\xff\xff\xff\xff\xff\xff"
   "\xff\xff\xff\xff\xff\xff\xff\xff\xff\xff"
   "\xff\xff\xff\xff\xff\xff\xff\xff\xff\xff"
   "\xff\xff\xff\xff\xff\xff\xff\xff\xff\xff"
   "\xff\xff\xff\xff\xff\xff\xff\xff\xff\xff"
   "\xff\xff\xff\xff\xff\xff\xff\xff\xff\xff"
   "\xff\xff\xff\xff\xff\xff\xff\xff\xff\xff"
   "\xff\xff\xff\xff\xff\xff\xff\xff\xff\xff"
   "\xff\xff\xff\xff\xff\xff\xff\xff\xff\xff"
   "\xff\xff\xff\xff\xbe\xf7\x0c\x73\x03\x28"
   "\x86\x40\x05\x20\x6d\xab\x6d\xb3\x0c\xa3"
   "\xc7\x79\xe7\x81\xe7\x79\xe7\x81\xe7\x79"
   "\x07\x82\xc7\x79\x47\x61\x46\x40\x45\x38"
   "\x87\x40\x25\x30\x05\x28\x29\x72\x6e\xb3"
   "\xce\xbb\xec\x9a\xc8\x71\xe5\x58\x46\x61"
   "\x67\x69\xe6\x50\x66\x38\x66\x40\xa7\x40"
   "\x87\x40\x00\x10\x4f\x7b\x7d\xf7\xff\xff"
   "\xff\xff\xdf\xff\xff\xff\xff\xff\xff\xff"
   "\xff\xff\xff\xff\xff\xff\xff\xff\xff\xff"
   "\xff\xff\xba\xd6\x72\x94\x02\x28\x00\x18"
   "\x66\x40\x87\x40\x66\x28\x86\x38\xa6\x78"
   "\xe6\x98\x06\xb1\x06\xb1\x06\xa9\x06\xa9"
   "\x06\xa9\xe7\xa8\x07\xa9\x06\xa9\x06\xa9"
   "\x06\xa9\x06\xa9\x06\xa9\x06\xa9\x06\xa9"
   "\x06\xa9\x06\xa9\x06\xa9\x06\xa9\x06\xa9"
   "\x06\xa9\x06\xa9\x06\xa9\x06\xa9\x06\xa9"
   "\x06\xa9\x06\xa9\x06\xa9\xe6\xa8\xe6\xb8"
   "\x86\x38\x66\x38\x05\x30\xc9\x51\x3c\xe7"
   "\xff\xff\xff\xff\xff\xff\xff\xff\xff\xff"
   "\xff\xff\xff\xff\xff\xff\xff\xff\xff\xff"
   "\xff\xff\xff\xff\xff\xff\xff\xff\xff\xff"
   "\xff\xff\xff\xff\xff\xff\xff\xff\xff\xff"
   "\xff\xff\xff\xff\xff\xff\xff\xff\xff\xff"
   "\xff\xff\xff\xff\xff\xff\xff\xff\xff\xff"
   "\xff\xff\xff\xff\xff\xff\xff\xff\xff\xff"
   "\xff\xff\xff\xff\xff\xff\xff\xff\xff\xff"
   "\xff\xff\xff\xff\xff\xff\xff\xff\xff\xff"
   "\xff\xff\xff\xff\xff\xff\xff\xff\xff\xff"
   "\xff\xff\xff\xff\xff\xff\xff\xff\xff\xff"
   "\xff\xff\xff\xff\xff\xff\xff\xff\xff\xff"
   "\xff\xff\xff\xff\xff\xff\xff\xff\xff\xff"
   "\xff\xff\xff\xff\xff\xff\x59\xce\x00\x00"
   "\xa6\x40\x06\x30\x46\x59\xef\xc3\x8d\xb3"
   "\x6a\x92\xc6\x79\xe7\x79\xc7\x79\x28\x8a"
   "\x87\x69\xc6\x40\x45\x30\x87\x40\x66\x40"
   "\x06\x30\x06\x49\x0c\x9b\xcf\xbb\x4e\xab"
   "\xe8\x79\x67\x61\x26\x61\x67\x69\x67\x61"
   "\x46\x69\x88\x69\x47\x38\x66\x40\x66\x40"
   "\x00\x00\x8c\x62\x7d\xef\xff\xff\xff\xff"
   "\xff\xff\xff\xff\xff\xff\xff\xff\xff\xff"
   "\xff\xff\xff\xff\xff\xff\xff\xff\xf8\xcd"
   "\x10\x84\x0a\x52\x00\x18\x25\x38\x86\x40"
   "\x47\x30\x86\x10\x86\x78\xe6\xa8\x06\xa9"
   "\x06\xb1\x06\xa9\x06\xa9\x06\xa9\x06\xa9"
   "\x06\xa9\x06\xa9\x06\xa9\x06\xa9\x06\xa9"
   "\x06\xa9\x06\xa9\x06\xa9\x06\xa9\x06\xa9"
   "\x06\xa9\x06\xa9\x06\xa9\x06\xa9\x06\xa9"
   "\x06\xa9\x06\xa9\x06\xa9\x06\xa9\x06\xa9"
   "\x06\xa9\x06\xa9\x06\xa9\x06\xa9\x06\xb9"
   "\xc6\x90\x66\x08\x86\x40\x00\x20\x2d\x73"
   "\xde\xff\xff\xff\xff\xff\xff\xff\xff\xff"
   "\xff\xff\xff\xff\xff\xff\xff\xff\xff\xff"
   "\xff\xff\xff\xff\xff\xff\xff\xff\xff\xff"
   "\xff\xff\xff\xff\xff\xff\xff\xff\xff\xff"
   "\xff\xff\xff\xff\xff\xff\xff\xff\xff\xff"
   "\xff\xff\xff\xff\xff\xff\xff\xff\xff\xff"
   "\xff\xff\xff\xff\xff\xff\xff\xff\xff\xff"
   "\xff\xff\xff\xff\xff\xff\xff\xff\xff\xff"
   "\xff\xff\xff\xff\xff\xff\xff\xff\xff\xff"
   "\xff\xff\xff\xff\xff\xff\xff\xff\xff\xff"
   "\xff\xff\xff\xff\xff\xff\xff\xff\xff\xff"
   "\xff\xff\xff\xff\xff\xff\xff\xff\xff\xff"
   "\xff\xff\xff\xff\xff\xff\xff\xff\xff\xff"
   "\xff\xff\xff\xff\xff\xff\xff\xff\x75\xad"
   "\x00\x00\xa7\x40\x67\x40\x09\x7a\xef\xbb"
   "\x4c\xab\xe8\x79\xe7\x81\x08\x82\xc5\x48"
   "\x86\x38\x66\x40\x66\x40\x86\x38\x02\x00"
   "\x0a\x72\xce\xbb\xcf\xc3\x8a\x8a\x46\x61"
   "\x68\x69\x46\x61\x67\x69\x47\x69\x66\x69"
   "\x67\x69\x86\x40\x86\x38\x86\x40\x00\x20"
   "\x4b\x5a\x9d\xef\xff\xff\xdf\xff\xff\xff"
   "\xff\xff\xff\xff\xff\xff\xff\xff\xff\xff"
   "\xff\xff\xff\xff\xd7\xc5\xec\x62\x67\x41"
   "\x04\x30\x06\x38\x86\x40\x67\x38\x46\x00"
   "\xa6\x60\xe7\xb0\x06\xb1\x06\xa9\xe6\xb0"
   "\x06\xa9\x06\xa9\x06\xa9\x06\xa9\x06\xa9"
   "\x06\xa9\x06\xa9\x06\xa9\x06\xa9\x06\xa9"
   "\x06\xa9\x06\xa9\x06\xa9\x06\xa9\x06\xa9"
   "\x06\xa9\x06\xa9\x06\xa9\x06\xa9\x06\xa9"
   "\x06\xa9\x06\xa9\x06\xa9\x06\xa9\x06\xa9"
   "\x06\xa9\x06\xa9\x06\xa9\xe7\xb0\x06\xa1"
   "\x26\xc1\xa6\x68\x46\x28\x66\x38\x00\x00"
   "\x9a\xd6\xff\xff\xff\xff\xff\xff\xff\xff"
   "\xff\xff\xff\xff\xff\xff\xff\xff\xff\xff"
   "\xff\xff\xff\xff\xff\xff\xff\xff\xff\xff"
   "\xff\xff\xff\xff\xff\xff\xff\xff\xff\xff"
   "\xff\xff\xff\xff\xff\xff\xff\xff\xff\xff"
   "\xff\xff\xff\xff\xff\xff\xff\xff\xff\xff"
   "\xff\xff\xff\xff\xff\xff\xff\xff\xff\xff"
   "\xff\xff\xff\xff\xff\xff\xff\xff\xff\xff"
   "\xff\xff\xff\xff\xff\xff\xff\xff\xff\xff"
   "\xff\xff\xff\xff\xff\xff\xff\xff\xff\xff"
   "\xff\xff\xff\xff\xff\xff\xff\xff\xff\xff"
   "\xff\xff\xff\xff\xff\xff\xff\xff\xff\xff"
   "\xff\xff\xff\xff\xff\xff\xff\xff\xff\xff"
   "\xff\xff\xff\xff\xff\xff\xff\xff\xbb\xde"
   "\x6a\x5a\x05\x38\x25\x38\x07\x49\x2d\xa3"
   "\xce\xbb\x0b\xa3\x67\x69\x05\x30\x87\x40"
   "\x86\x40\x87\x40\x46\x30\x05\x38\x4d\xa3"
   "\xce\xbb\x4e\xab\x87\x69\x27\x61\x67\x69"
   "\x46\x61\x87\x69\x47\x61\x67\x69\x67\x69"
   "\xa6\x40\x87\x40\x66\x40\x05\x38\xe9\x51"
   "\x5d\xef\xff\xff\xff\xff\xff\xff\xff\xff"
   "\xff\xff\xff\xff\xbe\xf7\xff\xff\xff\xff"
   "\xba\xd6\x8b\x62\x00\x18\xa7\x40\x66\x38"
   "\x87\x40\x66\x38\x25\x20\xc6\x60\x06\xb1"
   "\x26\xb9\x06\xa1\xe7\xb0\x06\xa9\x06\xa9"
   "\x06\xa9\x06\xa9\x06\xa9\x06\xa9\x06\xa9"
   "\x06\xa9\x06\xa9\x06\xa9\x06\xa9\x06\xa9"
   "\x06\xa9\x06\xa9\x06\xa9\x06\xa9\x06\xa9"
   "\x06\xa9\x06\xa9\x06\xa9\x06\xa9\x06\xa9"
   "\x06\xa9\x06\xa9\x06\xa9\x06\xa9\x06\xa9"
   "\x06\xa9\x06\xa9\x06\xa9\xe6\xa0\x06\xb1"
   "\x06\xa1\xe6\xb8\x86\x28\x87\x38\x66\x40"
   "\x00\x00\x3d\xef\xff\xff\xff\xff\xff\xff"
   "\xff\xff\xff\xff\xff\xff\xff\xff\xff\xff"
   "\xff\xff\xff\xff\xff\xff\xff\xff\xff\xff"
   "\xff\xff\xff\xff\xff\xff\xff\xff\xff\xff"
   "\xff\xff\xff\xff\xff\xff\xff\xff\xff\xff"
   "\xff\xff\xff\xff\xff\xff\xff\xff\xff\xff"
   "\xff\xff\xff\xff\xff\xff\xff\xff\xff\xff"
   "\xff\xff\xff\xff\xff\xff\xff\xff\xff\xff"
   "\xff\xff\xff\xff\xff\xff\xff\xff\xff\xff"
   "\xff\xff\xff\xff\xff\xff\xff\xff\xff\xff"
   "\xff\xff\xff\xff\xff\xff\xff\xff\xff\xff"
   "\xff\xff\xff\xff\xff\xff\xff\xff\xff\xff"
   "\xff\xff\xff\xff\xff\xff\xff\xff\xff\xff"
   "\xff\xff\xff\xff\xff\xff\xff\xff\xff\xff"
   "\x76\xb5\xc6\x38\x66\x38\x05\x38\x29\x72"
   "\x8e\xb3\xc9\x61\x26\x38\x87\x40\x66\x38"
   "\x26\x38\xa6\x38\x8a\x82\xce\xbb\xce\xbb"
   "\x6a\x8a\x85\x50\x47\x69\x47\x69\x47\x69"
   "\x47\x61\x67\x69\x67\x69\x67\x69\xc6\x48"
   "\x66\x40\x66\x40\x05\x38\xa8\x49\xdb\xde"
   "\xff\xff\xff\xff\xff\xff\xdf\xff\xff\xff"
   "\xff\xff\xff\xff\xbe\xf7\x1c\xe7\x2d\x73"
   "\x00\x00\x04\x30\xa7\x40\x86\x38\x86\x38"
   "\x66\x40\x86\x68\x07\xa9\xe6\xb8\x06\xa9"
   "\x06\xa9\x07\xa9\x06\xa9\xe6\xa8\xe6\xa8"
   "\x06\xa9\x06\xa9\x06\xa9\x06\xa9\x06\xa9"
   "\x06\xa9\x06\xa9\x06\xa9\x06\xa9\x06\xa9"
   "\x06\xa9\x06\xa9\x06\xa9\x06\xa9\x06\xa9"
   "\x06\xa9\x06\xa9\x06\xa9\x06\xa9\x06\xa9"
   "\x06\xa9\x06\xa9\x06\xa9\x06\xa9\x06\xa9"
   "\x06\xa9\x06\xa9\x06\xa9\x06\xa9\xe7\xa8"
   "\x06\xa9\x06\xb1\xe6\x90\x66\x18\x87\x40"
   "\x04\x30\xaf\x7b\xff\xff\xff\xff\xff\xff"
   "\xff\xff\xff\xff\xff\xff\xff\xff\xff\xff"
   "\xff\xff\xff\xff\xff\xff\xff\xff\xff\xff"
   "\xff\xff\xff\xff\xff\xff\xff\xff\xff\xff"
   "\xff\xff\xff\xff\xff\xff\xff\xff\xff\xff"
   "\xff\xff\xff\xff\xff\xff\xff\xff\xff\xff"
   "\xff\xff\xff\xff\xff\xff\xff\xff\xff\xff"
   "\xff\xff\xff\xff\xff\xff\xff\xff\xff\xff"
   "\xff\xff\xff\xff\xff\xff\xff\xff\xff\xff"
   "\xff\xff\xff\xff\xff\xff\xff\xff\xff\xff"
   "\xff\xff\xff\xff\xff\xff\xff\xff\xff\xff"
   "\xff\xff\xff\xff\xff\xff\xff\xff\xff\xff"
   "\xff\xff\xff\xff\xff\xff\xff\xff\xff\xff"
   "\xff\xff\xff\xff\xff\xff\xff\xff\xff\xff"
   "\xff\xff\x6e\x73\x66\x38\x86\x40\x06\x38"
   "\x05\x00\x06\x38\x66\x40\x46\x38\x05\x30"
   "\xc9\x69\x4d\xa3\xce\xbb\x0c\xa3\xa8\x69"
   "\xe6\x58\x47\x61\x67\x69\x66\x69\x47\x61"
   "\x67\x61\x67\x61\x87\x69\xe6\x48\x46\x38"
   "\x86\x40\x05\x30\xe9\x51\xba\xde\xff\xff"
   "\xff\xff\xff\xff\xff\xff\xff\xff\xff\xff"
   "\x9e\xf7\x58\xc6\x93\x9c\x00\x00\x03\x28"
   "\xa6\x40\x86\x38\x66\x20\x86\x40\xa6\x70"
   "\xe6\xa0\x06\xb9\xe6\xb0\x06\xa9\x06\xa9"
   "\x06\xa9\x06\xa9\x06\xa9\x06\xa9\x06\xa9"
   "\x06\xa9\x06\xa9\x06\xa9\x06\xa9\x06\xa9"
   "\x06\xa9\x06\xa9\x06\xa9\x06\xa9\x06\xa9"
   "\x06\xa9\x06\xa9\x06\xa9\x06\xa9\x06\xa9"
   "\x06\xa9\x06\xa9\x06\xa9\x06\xa9\x06\xa9"
   "\x06\xa9\x06\xa9\x06\xa9\x06\xa9\x06\xa9"
   "\x06\xa9\x06\xa9\x06\xa9\x06\xa9\x06\xa9"
   "\x06\xa9\x06\xa9\x07\xb1\xa7\x68\x65\x30"
   "\x87\x40\x00\x18\x9a\xd6\xff\xff\xff\xff"
   "\xff\xff\xff\xff\xff\xff\xff\xff\xff\xff"
   "\xff\xff\xff\xff\xff\xff\xff\xff\xff\xff"
   "\xff\xff\xff\xff\xff\xff\xff\xff\xff\xff"
   "\xff\xff\xff\xff\xff\xff\xff\xff\xff\xff"
   "\xff\xff\xff\xff\xff\xff\xff\xff\xff\xff"
   "\xff\xff\xff\xff\xff\xff\xff\xff\xff\xff"
   "\xff\xff\xff\xff\xff\xff\xff\xff\xff\xff"
   "\xff\xff\xff\xff\xff\xff\xff\xff\xff\xff"
   "\xff\xff\xff\xff\xff\xff\xff\xff\xff\xff"
   "\xff\xff\xff\xff\xff\xff\xff\xff\xff\xff"
   "\xff\xff\xff\xff\xff\xff\xff\xff\xff\xff"
   "\xff\xff\xff\xff\xff\xff\xff\xff\xff\xff"
   "\xff\xff\xff\xff\xff\xff\xff\xff\xff\xff"
   "\xff\xff\xfc\xe6\x00\x00\xa7\x40\x66\x40"
   "\x66\x40\x66\x40\x04\x20\x67\x40\x0b\x93"
   "\xce\xbb\x6d\xab\x29\x82\xe5\x58\x26\x61"
   "\x67\x69\x67\x69\x67\x69\x67\x69\x67\x69"
   "\x46\x69\x67\x69\x06\x51\x46\x38\x87\x40"
   "\x86\x40\x02\x28\xbb\xde\xff\xff\xdf\xff"
   "\xff\xff\xff\xff\xff\xff\xbe\xf7\xf8\xc5"
   "\xf0\x83\x00\x00\x00\x10\xa7\x48\x87\x40"
   "\x66\x20\x66\x38\xc6\x88\xe6\xa0\x07\xb1"
   "\x06\xb9\x06\xa9\x06\xa9\x06\xa9\x06\xa9"
   "\x06\xa9\x06\xa9\x06\xa9\x06\xa9\x06\xa9"
   "\x06\xa9\x06\xa9\x06\xa9\x06\xa9\x06\xa9"
   "\x06\xa9\x06\xa9\x06\xa9\x06\xa9\x06\xa9"
   "\x06\xa9\x06\xa9\x06\xa9\x06\xa9\x06\xa9"
   "\x06\xa9\x06\xa9\x06\xa9\x06\xa9\x06\xa9"
   "\x06\xa9\x06\xa9\x06\xa9\x06\xa9\x06\xa9"
   "\x06\xa9\x06\xa9\x06\xa9\x06\xa9\x06\xa9"
   "\x06\xa9\x06\xa9\x06\xb1\xe6\xa0\x86\x48"
   "\x45\x40\x86\x40\xe9\x51\x1c\xe7\xff\xff"
   "\xff\xff\xff\xff\xff\xff\xff\xff\xff\xff"
   "\xff\xff\xff\xff\xff\xff\xff\xff\xff\xff"
   "\xff\xff\xff\xff\xff\xff\xff\xff\xff\xff"
   "\xff\xff\xff\xff\xff\xff\xff\xff\xff\xff"
   "\xff\xff\xff\xff\xff\xff\xff\xff\xff\xff"
   "\xff\xff\xff\xff\xff\xff\xff\xff\xff\xff"
   "\xff\xff\xff\xff\xff\xff\xff\xff\xff\xff"
   "\xff\xff\xff\xff\xff\xff\xff\xff\xff\xff"
   "\xff\xff\xff\xff\xff\xff\xff\xff\xff\xff"
   "\xff\xff\xff\xff\xff\xff\xff\xff\xff\xff"
   "\xff\xff\xff\xff\xff\xff\xff\xff\xff\xff"
   "\xff\xff\xff\xff\xff\xff\xff\xff\xff\xff"
   "\xff\xff\xff\xff\xff\xff\xff\xff\xff\xff"
   "\xff\xff\xff\xff\x18\xc6\x00\x00\x86\x40"
   "\x86\x40\x05\x30\xab\x8a\x2d\xa3\xae\xbb"
   "\x8a\x8a\x88\x69\x06\x59\x87\x69\x47\x61"
   "\x67\x69\x67\x69\x67\x69\x67\x61\x67\x69"
   "\x67\x69\xe7\x50\x46\x38\x87\x40\xa7\x38"
   "\x00\x00\xdb\xde\xff\xff\xdf\xff\xff\xff"
   "\xff\xff\xff\xff\x35\xad\xcf\x83\x05\x38"
   "\x02\x28\x66\x40\x86\x38\x86\x28\x86\x28"
   "\xa6\x80\xe6\xa8\xe7\xb0\xe5\xb0\x06\xa1"
   "\x07\xb1\xe7\xb0\xe6\xa8\xe6\xa8\x06\xa9"
   "\x06\xa9\x06\xa9\x06\xa9\x06\xa9\x06\xa9"
   "\x06\xa9\x06\xa9\x06\xa9\x06\xa9\x06\xa9"
   "\x06\xa9\x06\xa9\x06\xa9\x06\xa9\x06\xa9"
   "\x06\xa9\x06\xa9\x06\xa9\x06\xa9\x06\xa9"
   "\x06\xa9\x06\xa9\x06\xa9\x06\xa9\x06\xa9"
   "\x06\xa9\x06\xa9\x06\xa9\x06\xa9\x06\xa9"
   "\x06\xa9\x06\xa9\x06\xa9\x06\xa9\x06\xa9"
   "\x06\xa9\x06\xa9\xe7\xb0\x06\xb9\xa6\x78"
   "\x46\x38\x86\x40\x05\x30\x14\xa5\xff\xff"
   "\xff\xff\xff\xff\xff\xff\xff\xff\xff\xff"
   "\xff\xff\xff\xff\xff\xff\xff\xff\xff\xff"
   "\xff\xff\xff\xff\xff\xff\xff\xff\xff\xff"
   "\xff\xff\xff\xff\xff\xff\xff\xff\xff\xff"
   "\xff\xff\xff\xff\xff\xff\xff\xff\xff\xff"
   "\xff\xff\xff\xff\xff\xff\xff\xff\xff\xff"
   "\xff\xff\xff\xff\xff\xff\xff\xff\xff\xff"
   "\xff\xff\xff\xff\xff\xff\xff\xff\xff\xff"
   "\xff\xff\xff\xff\xff\xff\xff\xff\xff\xff"
   "\xff\xff\xff\xff\xff\xff\xff\xff\xff\xff"
   "\xff\xff\xff\xff\xff\xff\xff\xff\xff\xff"
   "\xff\xff\xff\xff\xff\xff\xff\xff\xff\xff"
   "\xff\xff\xff\xff\xff\xff\xff\xff\xff\xff"
   "\xff\xff\xff\xff\xdf\xff\x07\x48\x03\x30"
   "\x86\x40\x05\x28\xae\xb3\x4d\xab\x4d\xab"
   "\xc5\x50\x66\x61\x67\x69\x46\x61\x67\x69"
   "\x67\x69\x67\x69\x66\x61\x67\x69\xa7\x69"
   "\xc6\x48\x66\x38\x86\x40\x86\x40\x00\x00"
   "\x1d\xef\xff\xff\xff\xff\xff\xff\xdf\xff"
   "\xb7\xbd\xcb\x5a\x85\x38\x05\x38\x66\x40"
   "\x86\x40\x66\x30\x66\x00\xc6\x88\x06\xb1"
   "\x06\xb1\x06\xa9\x06\xa9\x06\xa9\x06\xa9"
   "\x06\xa9\x06\xa9\x06\xa9\x06\xa9\x06\xa9"
   "\x06\xa9\x06\xa9\x06\xa9\x06\xa9\x06\xa9"
   "\x06\xa9\x06\xa9\x06\xa9\x06\xa9\x06\xa9"
   "\x06\xa9\x06\xa9\x06\xa9\x06\xa9\x06\xa9"
   "\x06\xa9\x06\xa9\x06\xa9\x06\xa9\x06\xa9"
   "\x06\xa9\x06\xa9\x06\xa9\x06\xa9\x06\xa9"
   "\x06\xa9\x06\xa9\x06\xa9\x06\xa9\x06\xa9"
   "\x06\xa9\x06\xa9\x06\xa9\x06\xa9\x06\xa9"
   "\x06\xa9\x06\xa9\x06\xa9\x06\xb1\x06\xb1"
   "\x86\x48\x86\x38\x26\x38\x04\x30\x79\xce"
   "\xff\xff\xff\xff\xff\xff\xff\xff\xff\xff"
   "\xff\xff\xff\xff\xff\xff\xff\xff\xff\xff"
   "\xff\xff\xff\xff\xff\xff\xff\xff\xff\xff"
   "\xff\xff\xff\xff\xff\xff\xff\xff\xff\xff"
   "\xff\xff\xff\xff\xff\xff\xff\xff\xff\xff"
   "\xff\xff\xff\xff\xff\xff\xff\xff\xff\xff"
   "\xff\xff\xff\xff\xff\xff\xff\xff\xff\xff"
   "\xff\xff\xff\xff\xff\xff\xff\xff\xff\xff"
   "\xff\xff\xff\xff\xff\xff\xff\xff\xff\xff"
   "\xff\xff\xff\xff\xff\xff\xff\xff\xff\xff"
   "\xff\xff\xff\xff\xff\xff\xff\xff\xff\xff"
   "\xff\xff\xff\xff\xff\xff\xff\xff\xff\xff"
   "\xff\xff\xff\xff\xff\xff\xff\xff\xff\xff"
   "\xff\xff\xff\xff\xff\xff\x7d\xef\x00\x00"
   "\x86\x40\x45\x38\x05\x38\xee\xbb\x8e\xb3"
   "\x6a\x82\x06\x59\x66\x61\x67\x69\x47\x69"
   "\x46\x61\x67\x61\x47\x69\x67\x69\x07\x51"
   "\x46\x38\x86\x40\x66\x38\x00\x00\x7a\xd6"
   "\xde\xf7\xdf\xff\xde\xf7\xd7\xbd\xa8\x49"
   "\x00\x18\x86\x40\x86\x40\x66\x38\x66\x38"
   "\x67\x28\xa6\x70\x06\xb9\x06\xb9\x06\xa9"
   "\xe7\xa8\x06\xa9\x06\xa9\x06\xa9\x06\xa9"
   "\x06\xa9\x06\xa9\x06\xa9\x06\xa9\x06\xa9"
   "\x06\xa9\x06\xa9\x06\xa9\x06\xa9\x06\xa9"
   "\x06\xa9\x06\xa9\x06\xa9\x06\xa9\x06\xa9"
   "\x06\xa9\x06\xa9\x06\xa9\x06\xa9\x06\xa9"
   "\x06\xa9\x06\xa9\x06\xa9\x06\xa9\x06\xa9"
   "\x06\xa9\x06\xa9\x06\xa9\x06\xa9\x06\xa9"
   "\x06\xa9\x06\xa9\x06\xa9\x06\xa9\x06\xa9"
   "\x06\xa9\x06\xa9\x06\xa9\x06\xa9\x06\xa9"
   "\x06\xa9\x06\xa9\x06\xa9\xe6\xa0\x07\xb9"
   "\xe6\x90\x66\x28\x86\x40\x02\x20\xf0\x8b"
   "\x7d\xef\xff\xff\xff\xff\xff\xff\xff\xff"
   "\xff\xff\xff\xff\xff\xff\xff\xff\xff\xff"
   "\xff\xff\xff\xff\xff\xff\xff\xff\xff\xff"
   "\xff\xff\xff\xff\xff\xff\xff\xff\xff\xff"
   "\xff\xff\xff\xff\xff\xff\xff\xff\xff\xff"
   "\xff\xff\xff\xff\xff\xff\xff\xff\xff\xff"
   "\xff\xff\xff\xff\xff\xff\xff\xff\xff\xff"
   "\xff\xff\xff\xff\xff\xff\xff\xff\xff\xff"
   "\xff\xff\xff\xff\xff\xff\xff\xff\xff\xff"
   "\xff\xff\xff\xff\xff\xff\xff\xff\xff\xff"
   "\xff\xff\xff\xff\xff\xff\xff\xff\xff\xff"
   "\xff\xff\xff\xff\xff\xff\xff\xff\xff\xff"
   "\xff\xff\xff\xff\xff\xff\xff\xff\xff\xff"
   "\xff\xff\xff\xff\xff\xff\xde\xf7\xd4\xa4"
   "\x00\x00\x86\x40\x06\x28\x8b\x8a\xad\xbb"
   "\x6d\xab\x67\x69\x27\x61\x67\x61\x46\x61"
   "\x67\x69\x46\x61\x67\x71\x27\x59\x26\x30"
   "\xa7\x40\x06\x38\x04\x30\x19\xce\xff\xff"
   "\x9e\xf7\xbb\xde\xe8\x48\x00\x00\x06\x38"
   "\xa7\x40\x86\x38\x87\x40\xa6\x48\xa6\x68"
   "\xe6\xa8\x06\xb9\x06\xa1\x07\xa9\xe6\xa8"
   "\xe6\xa8\x06\xa9\x06\xa9\x06\xa9\x06\xa9"
   "\x06\xa9\x06\xa9\x06\xa9\x06\xa9\x06\xa9"
   "\x06\xa9\x06\xa9\x06\xa9\x06\xa9\x06\xa9"
   "\x06\xa9\x06\xa9\x06\xa9\x06\xa9\x06\xa9"
   "\x06\xa9\x06\xa9\x06\xa9\x06\xa9\x06\xa9"
   "\x06\xa9\x06\xa9\x06\xa9\x06\xa9\x06\xa9"
   "\x06\xa9\x06\xa9\x06\xa9\x06\xa9\x06\xa9"
   "\x06\xa9\x06\xa9\x06\xa9\x06\xa9\x06\xa9"
   "\x06\xa9\x06\xa9\x06\xa9\x06\xa9\x06\xa9"
   "\x06\xa9\x06\xa9\x06\xa9\x06\xa9\xe6\xa8"
   "\x26\xc1\xa6\x60\x46\x30\x86\x40\x00\x00"
   "\x9a\xd6\xff\xff\xff\xff\xff\xff\xff\xff"
   "\xff\xff\xff\xff\xff\xff\xff\xff\xff\xff"
   "\xff\xff\xff\xff\xff\xff\xff\xff\xff\xff"
   "\xff\xff\xff\xff\xff\xff\xff\xff\xff\xff"
   "\xff\xff\xff\xff\xff\xff\xff\xff\xff\xff"
   "\xff\xff\xff\xff\xff\xff\xff\xff\xff\xff"
   "\xff\xff\xff\xff\xff\xff\xff\xff\xff\xff"
   "\xff\xff\xff\xff\xff\xff\xff\xff\xff\xff"
   "\xff\xff\xff\xff\xff\xff\xff\xff\xff\xff"
   "\xff\xff\xff\xff\xff\xff\xff\xff\xff\xff"
   "\xff\xff\xff\xff\xff\xff\xff\xff\xff\xff"
   "\xff\xff\xff\xff\xff\xff\xff\xff\xff\xff"
   "\xff\xff\xff\xff\xff\xff\xff\xff\xff\xff"
   "\xff\xff\xff\xff\xff\xff\xff\xff\x7d\xef"
   "\x4e\x73\x02\x28\xa6\x40\x05\x20\x4d\xab"
   "\xce\xbb\xcc\x9a\x47\x61\x46\x61\x67\x69"
   "\x67\x69\x67\x71\x27\x59\x46\x38\x87\x40"
   "\x25\x40\x05\x39\xd7\xbd\x5d\xef\xdb\xde"
   "\xea\x59\x00\x00\x04\x30\x86\x40\x86\x40"
   "\x66\x28\x86\x50\xa6\x78\xe7\x98\x07\xc1"
   "\xe6\xa8\x07\xa9\x06\xa9\x06\xa1\x06\xa9"
   "\x06\xa9\x06\xa9\x06\xa9\x06\xa9\x06\xa9"
   "\x06\xa9\x06\xa9\x06\xa9\x06\xa9\x06\xa9"
   "\x06\xa9\x06\xa9\x06\xa9\x06\xa9\x06\xa9"
   "\x06\xa9\x06\xa9\x06\xa9\x06\xa9\x06\xa9"
   "\x06\xa9\x06\xa9\x06\xa9\x06\xa9\x06\xa9"
   "\x06\xa9\x06\xa9\x06\xa9\x06\xa9\x06\xa9"
   "\x06\xa9\x06\xa9\x06\xa9\x06\xa9\x06\xa9"
   "\x06\xa9\x06\xa9\x06\xa9\x06\xa9\x06\xa9"
   "\x06\xa9\x06\xa9\x06\xa9\x06\xa9\x06\xa9"
   "\x06\xa9\x06\xa9\x06\xa9\x06\xa9\xe6\xa8"
   "\x06\xa9\x06\xb1\x66\x40\x66\x38\x46\x38"
   "\x00\x00\x1c\xe7\xff\xff\xff\xff\xff\xff"
   "\xff\xff\xff\xff\xff\xff\xff\xff\xff\xff"
   "\xff\xff\xff\xff\xff\xff\xff\xff\xff\xff"
   "\xff\xff\xff\xff\xff\xff\xff\xff\xff\xff"
   "\xff\xff\xff\xff\xff\xff\xff\xff\xff\xff"
   "\xff\xff\xff\xff\xff\xff\xff\xff\xff\xff"
   "\xff\xff\xff\xff\xff\xff\xff\xff\xff\xff"
   "\xff\xff\xff\xff\xff\xff\xff\xff\xff\xff"
   "\xff\xff\xff\xff\xff\xff\xff\xff\xff\xff"
   "\xff\xff\xff\xff\xff\xff\xff\xff\xff\xff"
   "\xff\xff\xff\xff\xff\xff\xff\xff\xff\xff"
   "\xff\xff\xff\xff\xff\xff\xff\xff\xff\xff"
   "\xff\xff\xff\xff\xff\xff\xff\xff\xff\xff"
   "\xff\xff\xff\xff\xff\xff\xff\xff\xff\xff"
   "\x9a\xce\xa8\x41\x25\x38\x65\x40\x88\x59"
   "\xce\xb3\x8d\xb3\xe9\x79\x67\x61\x47\x61"
   "\x67\x69\x27\x61\x66\x38\x66\x38\x86\x40"
   "\xe7\x40\x56\xbd\x17\xc6\xcf\x83\x00\x00"
   "\x05\x38\x86\x40\x86\x38\x66\x18\x86\x50"
   "\xa6\x80\x06\xa1\x07\xb1\x06\xb1\x06\xa9"
   "\x06\xa9\x06\xa9\x06\xa9\x06\xa9\x06\xa9"
   "\x06\xa9\x06\xa9\x06\xa9\x06\xa9\x06\xa9"
   "\x06\xa9\x06\xa9\x06\xa9\x06\xa9\x06\xa9"
   "\x06\xa9\x06\xa9\x06\xa9\x06\xa9\x06\xa9"
   "\x06\xa9\x06\xa9\x06\xa9\x06\xa9\x06\xa9"
   "\x06\xa9\x06\xa9\x06\xa9\x06\xa9\x06\xa9"
   "\x06\xa9\x06\xa9\x06\xa9\x06\xa9\x06\xa9"
   "\x06\xa9\x06\xa9\x06\xa9\x06\xa9\x06\xa9"
   "\x06\xa9\x06\xa9\x06\xa9\x06\xa9\x06\xa9"
   "\x06\xa9\x06\xa9\x06\xa9\x06\xa9\x06\xa9"
   "\x06\xa9\x06\xa9\x06\xa9\x06\xa9\x06\xa9"
   "\x07\xa9\xe5\xb0\xe7\xa0\x46\x00\x87\x40"
   "\x00\x20\x6e\x7b\xff\xff\xff\xff\xff\xff"
   "\xff\xff\xff\xff\xff\xff\xff\xff\xff\xff"
   "\xff\xff\xff\xff\xff\xff\xff\xff\xff\xff"
   "\xff\xff\xff\xff\xff\xff\xff\xff\xff\xff"
   "\xff\xff\xff\xff\xff\xff\xff\xff\xff\xff"
   "\xff\xff\xff\xff\xff\xff\xff\xff\xff\xff"
   "\xff\xff\xff\xff\xff\xff\xff\xff\xff\xff"
   "\xff\xff\xff\xff\xff\xff\xff\xff\xff\xff"
   "\xff\xff\xff\xff\xff\xff\xff\xff\xff\xff"
   "\xff\xff\xff\xff\xff\xff\xff\xff\xff\xff"
   "\xff\xff\xff\xff\xff\xff\xff\xff\xff\xff"
   "\xff\xff\xff\xff\xff\xff\xff\xff\xff\xff"
   "\xff\xff\xff\xff\xff\xff\xff\xff\xff\xff"
   "\xff\xff\xff\xff\xff\xff\xff\xff\xff\xff"
   "\xdf\xff\x8e\x7b\x03\x30\x86\x40\x67\x30"
   "\xcb\x8a\xef\xc3\x2d\xab\x26\x59\x87\x69"
   "\x27\x59\x66\x38\x66\x40\x86\x40\x66\x38"
   "\x89\x51\x8f\x7b\x06\x39\x04\x20\x66\x40"
   "\x66\x40\x67\x28\x66\x30\xc6\x88\xe6\xb0"
   "\x06\xb9\x06\xb1\x06\xb1\x06\xa1\x06\xa9"
   "\x06\xa9\x06\xa9\x06\xa9\x06\xa9\x06\xa9"
   "\x06\xa9\x06\xa9\x06\xa9\x06\xa9\x06\xa9"
   "\x06\xa9\x06\xa9\x06\xa9\x06\xa9\x06\xa9"
   "\x06\xa9\x06\xa9\x06\xa9\x06\xa9\x06\xa9"
   "\x06\xa9\x06\xa9\x06\xa9\x06\xa9\x06\xa9"
   "\x06\xa9\x06\xa9\x06\xa9\x06\xa9\x06\xa9"
   "\x06\xa9\x06\xa9\x06\xa9\x06\xa9\x06\xa9"
   "\x06\xa9\x06\xa9\x06\xa9\x06\xa9\x06\xa9"
   "\x06\xa9\x06\xa9\x06\xa9\x06\xa9\x06\xa9"
   "\x06\xa9\x06\xa9\x06\xa9\x06\xa9\x06\xa9"
   "\x06\xa9\x06\xa9\x06\xa9\x06\xa9\x06\xa9"
   "\x06\xa9\x06\xa9\xe6\xa8\xa7\x78\x46\x28"
   "\x86\x40\x00\x20\x55\xb5\xff\xff\xff\xff"
   "\xff\xff\xff\xff\xff\xff\xff\xff\xff\xff"
   "\xff\xff\xff\xff\xff\xff\xff\xff\xff\xff"
   "\xff\xff\xff\xff\xff\xff\xff\xff\xff\xff"
   "\xff\xff\xff\xff\xff\xff\xff\xff\xff\xff"
   "\xff\xff\xff\xff\xff\xff\xff\xff\xff\xff"
   "\xff\xff\xff\xff\xff\xff\xff\xff\xff\xff"
   "\xff\xff\xff\xff\xff\xff\xff\xff\xff\xff"
   "\xff\xff\xff\xff\xff\xff\xff\xff\xff\xff"
   "\xff\xff\xff\xff\xff\xff\xff\xff\xff\xff"
   "\xff\xff\xff\xff\xff\xff\xff\xff\xff\xff"
   "\xff\xff\xff\xff\xff\xff\xff\xff\xff\xff"
   "\xff\xff\xff\xff\xff\xff\xff\xff\xff\xff"
   "\xff\xff\xff\xff\xff\xff\xff\xff\xff\xff"
   "\xff\xff\xbe\xf7\x6a\x52\x66\x38\x66\x40"
   "\xe7\x48\x6c\xab\xee\xc3\x8a\x92\x26\x59"
   "\x66\x38\x67\x38\x86\x40\x86\x40\x45\x38"
   "\x87\x40\x26\x38\x46\x38\x86\x40\x46\x28"
   "\x46\x10\xc6\x80\x06\xb9\xe7\xa8\xe6\xa8"
   "\x06\xa9\x06\xa9\x06\xa9\x07\xb1\x06\xa9"
   "\x06\xa9\x06\xa9\x06\xa9\x06\xa9\x06\xa9"
   "\x06\xa9\x06\xa9\x06\xa9\x06\xa9\x06\xa9"
   "\x06\xa9\x06\xa9\x06\xa9\x06\xa9\x06\xa9"
   "\x06\xa9\x06\xa9\x06\xa9\x06\xa9\x06\xa9"
   "\x06\xa9\x06\xa9\x06\xa9\x06\xa9\x06\xa9"
   "\x06\xa9\x06\xa9\x06\xa9\x06\xa9\x06\xa9"
   "\x06\xa9\x06\xa9\x06\xa9\x06\xa9\x06\xa9"
   "\x06\xa9\x06\xa9\x06\xa9\x06\xa9\x06\xa9"
   "\x06\xa9\x06\xa9\x06\xa9\x06\xa9\x06\xa9"
   "\x06\xa9\x06\xa9\x06\xa9\x06\xa9\x06\xa9"
   "\x06\xa9\x06\xa9\x06\xa9\x06\xa9\x06\xa9"
   "\x07\xa9\x06\xa9\x07\xb1\xe6\xa0\xa7\x38"
   "\x86\x38\x26\x38\x66\x41\xbe\xf7\xff\xff"
   "\xff\xff\xff\xff\xff\xff\xff\xff\xff\xff"
   "\xff\xff\xff\xff\xff\xff\xff\xff\xff\xff"
   "\xff\xff\xff\xff\xff\xff\xff\xff\xff\xff"
   "\xff\xff\xff\xff\xff\xff\xff\xff\xff\xff"
   "\xff\xff\xff\xff\xff\xff\xff\xff\xff\xff"
   "\xff\xff\xff\xff\xff\xff\xff\xff\xff\xff"
   "\xff\xff\xff\xff\xff\xff\xff\xff\xff\xff"
   "\xff\xff\xff\xff\xff\xff\xff\xff\xff\xff"
   "\xff\xff\xff\xff\xff\xff\xff\xff\xff\xff"
   "\xff\xff\xff\xff\xff\xff\xff\xff\xff\xff"
   "\xff\xff\xff\xff\xff\xff\xff\xff\xff\xff"
   "\xff\xff\xff\xff\xff\xff\xff\xff\xff\xff"
   "\xff\xff\xff\xff\xff\xff\xff\xff\xff\xff"
   "\xff\xff\xff\xff\x11\x8c\x05\x30\x86\x40"
   "\x05\x30\x2a\x7a\x8d\xbb\x4d\xab\x04\x20"
   "\x86\x38\x86\x40\x66\x40\x86\x40\x87\x40"
   "\x66\x38\x66\x38\x66\x30\x66\x30\xe7\x70"
   "\x06\xc9\x06\xb1\x07\xa1\x07\xb1\x06\xa9"
   "\xe6\xa8\x07\xb1\x06\xa9\x05\x99\x06\xa9"
   "\x06\xa9\x06\xa9\x06\xa9\x06\xa9\x06\xa9"
   "\x06\xa9\x06\xa9\x06\xa9\x06\xa9\x06\xa9"
   "\x06\xa9\x06\xa9\x06\xa9\x06\xa9\x06\xa9"
   "\x06\xa9\x06\xa9\x06\xa9\x06\xa9\x06\xa9"
   "\x06\xa9\x06\xa9\x06\xa9\x06\xa9\x06\xa9"
   "\x06\xa9\x06\xa9\x06\xa9\x06\xa9\x06\xa9"
   "\x06\xa9\x06\xa9\x06\xa9\x06\xa9\x06\xa9"
   "\x06\xa9\x06\xa9\x06\xa9\x06\xa9\x06\xa9"
   "\x06\xa9\x06\xa9\x06\xa9\x06\xa9\x06\xa9"
   "\x06\xa9\x06\xa9\x06\xa9\x06\xa9\x06\xa9"
   "\x06\xa9\x06\xa9\x06\xa9\x06\xa9\x06\xa9"
   "\x06\xa9\xe6\xa8\x06\xa9\x06\xb9\xa6\x90"
   "\x67\x28\xa7\x40\x46\x38\x6d\x6b\xff\xff"
   "\xff\xff\xff\xff\xff\xff\xff\xff\xff\xff"
   "\xff\xff\xff\xff\xff\xff\xff\xff\xff\xff"
   "\xff\xff\xff\xff\xff\xff\xff\xff\xff\xff"
   "\xff\xff\xff\xff\xff\xff\xff\xff\xff\xff"
   "\xff\xff\xff\xff\xff\xff\xff\xff\xff\xff"
   "\xff\xff\xff\xff\xff\xff\xff\xff\xff\xff"
   "\xff\xff\xff\xff\xff\xff\xff\xff\xff\xff"
   "\xff\xff\xff\xff\xff\xff\xff\xff\xff\xff"
   "\xff\xff\xff\xff\xff\xff\xff\xff\xff\xff"
   "\xff\xff\xff\xff\xff\xff\xff\xff\xff\xff"
   "\xff\xff\xff\xff\xff\xff\xff\xff\xff\xff"
   "\xff\xff\xff\xff\xff\xff\xff\xff\xff\xff"
   "\xff\xff\xff\xff\xff\xff\xff\xff\xff\xff"
   "\xff\xff\xff\xff\xff\xff\x0d\x6b\x04\x30"
   "\x66\x38\x03\x20\x0d\x93\xa5\x38\x66\x38"
   "\x66\x38\x66\x40\x86\x40\x67\x40\x86\x30"
   "\x66\x38\x86\x48\xc6\x78\x07\xb1\xe6\xb8"
   "\x06\xa9\x06\xa9\x06\xa9\x06\xa9\x06\xa9"
   "\x06\xa9\x06\xa9\x06\xa9\x06\xa9\x07\xa9"
   "\x06\xa9\x06\xa9\xe6\xa8\xe6\xa8\x06\xa9"
   "\x06\xa9\x06\xa9\x06\xa9\x06\xa9\x06\xa9"
   "\x07\xa9\x07\xa9\x06\xa9\xe6\xa8\x06\xa9"
   "\xe6\xa8\x06\xb1\xe6\xa8\xe6\xa8\xe6\xa8"
   "\xe6\xa8\xe6\xa8\xe6\xa8\xe6\xa8\x06\xa9"
   "\x06\xa9\x06\xa9\x06\xa9\x06\xa9\x06\xa9"
   "\x06\xa9\x06\xa9\x06\xa9\x06\xa9\x06\xa9"
   "\x06\xa9\x06\xa9\x06\xa9\x06\xa9\x06\xa9"
   "\x06\xa9\x06\xa9\x06\xa9\x06\xa9\x06\xa9"
   "\x06\xa9\x06\xa9\x06\xa9\x06\xa9\x06\xa9"
   "\x06\xa9\x06\xa9\x06\xa9\x06\xa9\x06\xa9"
   "\x06\xa9\x06\xa9\x06\xa9\x06\xa9\x06\xa9"
   "\x86\x58\x86\x40\x47\x40\x68\x49\xf8\xc5"
   "\xff\xff\xff\xff\xff\xff\xff\xff\xff\xff"
   "\xff\xff\xff\xff\xff\xff\xff\xff\xff\xff"
   "\xff\xff\xff\xff\xff\xff\xff\xff\xff\xff"
   "\xff\xff\xff\xff\xff\xff\xff\xff\xff\xff"
   "\xff\xff\xff\xff\xff\xff\xff\xff\xff\xff"
   "\xff\xff\xff\xff\xff\xff\xff\xff\xff\xff"
   "\xff\xff\xff\xff\xff\xff\xff\xff\xff\xff"
   "\xff\xff\xff\xff\xff\xff\xff\xff\xff\xff"
   "\xff\xff\xff\xff\xff\xff\xff\xff\xff\xff"
   "\xff\xff\xff\xff\xff\xff\xff\xff\xff\xff"
   "\xff\xff\xff\xff\xff\xff\xff\xff\xff\xff"
   "\xff\xff\xff\xff\xff\xff\xff\xff\xff\xff"
   "\xff\xff\xff\xff\xff\xff\xff\xff\xff\xff"
   "\xff\xff\xff\xff\xff\xff\x9e\xf7\x00\x08"
   "\x26\x40\x86\x38\x04\x20\x67\x40\x66\x40"
   "\x66\x40\x86\x40\x66\x38\x86\x28\x86\x50"
   "\xc6\x80\x06\xa9\x06\xb9\xe6\xa8\x07\xa9"
   "\x06\xa9\x06\xa9\x06\xa9\x06\xa9\x06\xa9"
   "\x06\xa9\x06\xa9\x06\xa9\x06\xa9\x06\xa9"
   "\x06\xa9\x07\xa9\x06\xa9\x06\xa9\x06\xa9"
   "\x06\xa1\xe6\xa0\x06\xa1\x06\xa9\x06\xb1"
   "\x06\xb1\x06\xb9\x06\xb9\x26\xc1\x26\xc9"
   "\x26\xc9\x26\xd1\x26\xd9\x26\xd9\x26\xd9"
   "\x27\xe1\x27\xe1\x47\xe1\x26\xd9\x26\xd9"
   "\x46\xd9\x26\xc9\x26\xb9\x06\xb1\xe6\xa8"
   "\xe6\xa0\x06\xa9\xe6\xa8\x06\xa9\x06\xa9"
   "\x06\xa9\x06\xa9\x06\xa9\x06\xa9\x06\xa9"
   "\x06\xa9\x06\xa9\x06\xa9\x06\xa9\x06\xa9"
   "\x06\xa9\x06\xa9\x06\xa9\x06\xa9\x06\xa9"
   "\x06\xa9\x06\xa9\x06\xa9\x06\xa9\x06\xa9"
   "\x06\xa9\x06\xa9\x06\xa9\x06\xa9\x26\xb9"
   "\xc6\x98\x67\x30\x86\x40\x04\x28\x4d\x73"
   "\x5d\xef\xff\xff\xff\xff\xff\xff\xff\xff"
   "\xff\xff\xff\xff\xff\xff\xff\xff\xff\xff"
   "\xff\xff\xff\xff\xff\xff\xff\xff\xff\xff"
   "\xff\xff\xff\xff\xff\xff\xff\xff\xff\xff"
   "\xff\xff\xff\xff\xff\xff\xff\xff\xff\xff"
   "\xff\xff\xff\xff\xff\xff\xff\xff\xff\xff"
   "\xff\xff\xff\xff\xff\xff\xff\xff\xff\xff"
   "\xff\xff\xff\xff\xff\xff\xff\xff\xff\xff"
   "\xff\xff\xff\xff\xff\xff\xff\xff\xff\xff"
   "\xff\xff\xff\xff\xff\xff\xff\xff\xff\xff"
   "\xff\xff\xff\xff\xff\xff\xff\xff\xff\xff"
   "\xff\xff\xff\xff\xff\xff\xff\xff\xff\xff"
   "\xff\xff\xff\xff\xff\xff\xff\xff\xff\xff"
   "\xff\xff\xff\xff\xff\xff\xff\xff\x76\xb5"
   "\x00\x00\xa6\x40\x87\x40\x86\x40\x67\x40"
   "\x66\x30\x47\x10\x86\x50\xc7\x98\x06\xa9"
   "\x06\xb1\xe7\xb0\xe7\xa8\x07\xa9\x06\xa9"
   "\xe6\xa8\x06\xa9\x06\xa9\x06\xa9\x06\xa9"
   "\x06\xa9\x06\xa9\x06\xa9\x06\xa9\xe6\xa8"
   "\xe6\xa0\xe6\xa0\x06\xa1\x06\xa9\x06\xb9"
   "\x06\xc1\x27\xc9\x26\xd1\x46\xd9\x46\xd9"
   "\x46\xe1\x46\xe1\x46\xe9\x46\xe9\x46\xe9"
   "\x46\xe9\x47\xe9\x46\xe9\x46\xe9\x66\xe9"
   "\x67\xe9\x67\xe9\x46\xe9\x46\xe9\x46\xe9"
   "\x67\xe9\x46\xe9\x46\xe9\x46\xe1\x46\xd9"
   "\x07\xb9\xe7\xa8\xe6\xa0\x06\xa9\x06\xa9"
   "\x06\xa9\x06\xa9\x06\xa9\x06\xa9\x06\xa9"
   "\x06\xa9\x06\xa9\x06\xa9\x06\xa9\x06\xa9"
   "\x06\xa9\x06\xa9\x06\xa9\x06\xa9\x06\xa9"
   "\x06\xa9\x06\xa9\x06\xa9\x06\xa9\x06\xa9"
   "\x06\xa9\x06\xa9\x06\xa9\x06\xa9\x06\xa9"
   "\x06\xb1\xc7\x88\x67\x38\x86\x38\x00\x20"
   "\xf4\xa4\xbe\xf7\xff\xff\xff\xff\xff\xff"
   "\xff\xff\xff\xff\xff\xff\xff\xff\xff\xff"
   "\xff\xff\xff\xff\xff\xff\xff\xff\xff\xff"
   "\xff\xff\xff\xff\xff\xff\xff\xff\xff\xff"
   "\xff\xff\xff\xff\xff\xff\xff\xff\xff\xff"
   "\xff\xff\xff\xff\xff\xff\xff\xff\xff\xff"
   "\xff\xff\xff\xff\xff\xff\xff\xff\xff\xff"
   "\xff\xff\xff\xff\xff\xff\xff\xff\xff\xff"
   "\xff\xff\xff\xff\xff\xff\xff\xff\xff\xff"
   "\xff\xff\xff\xff\xff\xff\xff\xff\xff\xff"
   "\xff\xff\xff\xff\xff\xff\xff\xff\xff\xff"
   "\xff\xff\xff\xff\xff\xff\xff\xff\xff\xff"
   "\xff\xff\xff\xff\xff\xff\xff\xff\xff\xff"
   "\xff\xff\xff\xff\xff\xff\xff\xff\x9e\xf7"
   "\x51\x94\x00\x20\x86\x40\x86\x40\x86\x38"
   "\x86\x50\xe6\xa0\x26\xa9\xe6\xb0\x06\xb1"
   "\xe6\xa8\x06\xa9\x27\xa9\x06\xa9\x06\xa9"
   "\xe6\xb0\x06\xa9\x06\xa9\x06\xa9\x06\xa9"
   "\x06\xa9\x06\xa9\x06\xa1\x06\xa1\x06\xa9"
   "\x26\xc1\x46\xd9\x27\xe1\x26\xe1\x46\xe1"
   "\x46\xe1\x47\xe1\x46\xe9\x46\xe9\x46\xe9"
   "\x47\xe9\x47\xe1\x47\xe1\x47\xe1\x46\xe1"
   "\x46\xe1\x46\xe1\x46\xe9\x46\xe9\x46\xe1"
   "\x46\xe1\x46\xe1\x46\xe1\x46\xe9\x46\xe9"
   "\x46\xe1\x47\xe9\x47\xe9\x46\xe1\x47\xe1"
   "\x66\xe1\x47\xe1\x06\xb1\x06\xa1\x06\xa9"
   "\x06\xa9\x06\xa9\x06\xa9\x06\xa9\x06\xa9"
   "\x06\xa9\x06\xa9\x06\xa9\x06\xa9\x06\xa9"
   "\x06\xa9\x06\xa9\x06\xa9\x06\xa9\x06\xa9"
   "\x06\xa9\x06\xa9\x06\xa9\x06\xa9\x06\xa9"
   "\x06\xa9\x06\xa9\x06\xa9\x06\xa9\x06\xa9"
   "\x26\xc1\xe6\xa0\x87\x28\x66\x40\x05\x38"
   "\xe8\x49\x5c\xe7\xff\xff\xff\xff\xff\xff"
   "\xff\xff\xff\xff\xff\xff\xff\xff\xff\xff"
   "\xff\xff\xff\xff\xff\xff\xff\xff\xff\xff"
   "\xff\xff\xff\xff\xff\xff\xff\xff\xff\xff"
   "\xff\xff\xff\xff\xff\xff\xff\xff\xff\xff"
   "\xff\xff\xff\xff\xff\xff\xff\xff\xff\xff"
   "\xff\xff\xff\xff\xff\xff\xff\xff\xff\xff"
   "\xff\xff\xff\xff\xff\xff\xff\xff\xff\xff"
   "\xff\xff\xff\xff\xff\xff\xff\xff\xff\xff"
   "\xff\xff\xff\xff\xff\xff\xff\xff\xff\xff"
   "\xff\xff\xff\xff\xff\xff\xff\xff\xff\xff"
   "\xff\xff\xff\xff\xff\xff\xff\xff\xff\xff"
   "\xff\xff\xff\xff\xff\xff\xff\xff\xff\xff"
   "\xff\xff\xff\xff\xff\xff\xff\xff\xff\xff"
   "\x7a\xd6\x00\x00\x86\x38\x86\x40\x86\x38"
   "\xe6\xa8\x26\xb9\x06\xa9\x06\xa1\x07\xa9"
   "\x06\xb1\x06\xa9\x06\xa9\x06\xa9\x06\xb1"
   "\x06\xb1\x07\xa9\xe6\xa0\xe6\x90\xe6\x98"
   "\x26\xb1\x26\xd1\x46\xd9\x46\xe1\x46\xe9"
   "\x46\xe9\x46\xe9\x46\xe1\x46\xe1\x46\xe1"
   "\x46\xe1\x46\xe1\x46\xe1\x46\xe1\x46\xe1"
   "\x46\xe1\x46\xe1\x46\xe1\x46\xe1\x46\xe1"
   "\x46\xe1\x46\xe1\x46\xe1\x46\xe1\x46\xe1"
   "\x46\xe1\x46\xe1\x46\xe1\x46\xe1\x46\xe1"
   "\x46\xe1\x46\xe1\x46\xe1\x46\xe1\x46\xe1"
   "\x46\xe9\x46\xe9\x46\xe9\x26\xd1\xc6\x98"
   "\xe6\xa8\x06\xa9\x06\xa9\xe6\xa8\x06\xa9"
   "\xe6\xa8\x06\xa9\x06\xa9\x06\xa9\x06\xa9"
   "\x06\xa9\x06\xa9\x06\xa9\x06\xa9\x06\xa9"
   "\x06\xa9\x06\xa9\x06\xa9\x06\xa9\x06\xa9"
   "\xe6\xa0\x06\xb9\x06\xa9\x06\xa9\x07\xb1"
   "\xa5\x70\x66\x38\x66\x40\x65\x38\x27\x40"
   "\x02\x18\x3c\xe7\xff\xff\xff\xff\xff\xff"
   "\xff\xff\xff\xff\xff\xff\xff\xff\xff\xff"
   "\xff\xff\xff\xff\xff\xff\xff\xff\xff\xff"
   "\xff\xff\xff\xff\xff\xff\xff\xff\xff\xff"
   "\xff\xff\xff\xff\xff\xff\xff\xff\xff\xff"
   "\xff\xff\xff\xff\xff\xff\xff\xff\xff\xff"
   "\xff\xff\xff\xff\xff\xff\xff\xff\xff\xff"
   "\xff\xff\xff\xff\xff\xff\xff\xff\xff\xff"
   "\xff\xff\xff\xff\xff\xff\xff\xff\xff\xff"
   "\xff\xff\xff\xff\xff\xff\xff\xff\xff\xff"
   "\xff\xff\xff\xff\xff\xff\xff\xff\xff\xff"
   "\xff\xff\xff\xff\xff\xff\xff\xff\xff\xff"
   "\xff\xff\xff\xff\xff\xff\xff\xff\xff\xff"
   "\xff\xff\xff\xff\xff\xff\xff\xff\xff\xff"
   "\xff\xff\x75\xad\x00\x20\x86\x40\x86\x38"
   "\xa6\x60\x06\xb9\xe6\xa0\x06\xb1\x06\xa9"
   "\x06\xa9\x06\xa9\x06\xa9\x06\xa9\xe6\xa0"
   "\xe6\xa0\x06\xb1\x26\xc9\x26\xe1\x46\xf1"
   "\x46\xe9\x46\xe9\x47\xe9\x47\xe9\x46\xe1"
   "\x46\xe1\x46\xe1\x46\xe1\x46\xe1\x46\xe1"
   "\x46\xe1\x46\xe1\x46\xe1\x46\xe1\x46\xe1"
   "\x46\xe1\x46\xe1\x46\xe1\x46\xe1\x46\xe1"
   "\x46\xe1\x46\xe1\x46\xe1\x46\xe1\x46\xe1"
   "\x46\xe1\x46\xe1\x46\xe1\x46\xe1\x46\xe1"
   "\x46\xe1\x46\xe1\x46\xe1\x46\xe1\x46\xe1"
   "\x46\xe1\x46\xe1\x46\xe9\x46\xe9\x67\xd9"
   "\x06\xa9\xe6\xa8\x06\xa9\x06\xa9\x06\xa9"
   "\x06\xa9\x06\xa9\x06\xa9\x06\xa9\x06\xa9"
   "\x06\xa9\x06\xa9\x06\xa9\x06\xa9\x06\xa9"
   "\x06\xa9\x06\xa9\x06\xa9\x06\xa9\x06\xa9"
   "\x26\xb1\xe6\xa0\xe6\xb0\xe6\xa8\x66\x40"
   "\x87\x38\x86\x40\x86\x38\x66\x38\x03\x28"
   "\xf8\xc5\xff\xff\xff\xff\xff\xff\xff\xff"
   "\xff\xff\xff\xff\xff\xff\xff\xff\xff\xff"
   "\xff\xff\xff\xff\xff\xff\xff\xff\xff\xff"
   "\xff\xff\xff\xff\xff\xff\xff\xff\xff\xff"
   "\xff\xff\xff\xff\xff\xff\xff\xff\xff\xff"
   "\xff\xff\xff\xff\xff\xff\xff\xff\xff\xff"
   "\xff\xff\xff\xff\xff\xff\xff\xff\xff\xff"
   "\xff\xff\xff\xff\xff\xff\xff\xff\xff\xff"
   "\xff\xff\xff\xff\xff\xff\xff\xff\xff\xff"
   "\xff\xff\xff\xff\xff\xff\xff\xff\xff\xff"
   "\xff\xff\xff\xff\xff\xff\xff\xff\xff\xff"
   "\xff\xff\xff\xff\xff\xff\xff\xff\xff\xff"
   "\xff\xff\xff\xff\xff\xff\xff\xff\xff\xff"
   "\xff\xff\xff\xff\xff\xff\xff\xff\xff\xff"
   "\xff\xff\x3c\xe7\x0c\x6b\x05\x38\x66\x40"
   "\x86\x30\xc6\x88\x06\xb9\x06\xa9\x06\xa9"
   "\x06\xa9\xe6\xa8\x06\xb1\x26\xc1\x46\xd9"
   "\x67\xe9\x66\xf1\x66\xf1\x46\xe9\x46\xd9"
   "\x46\xe1\x46\xe9\x46\xe9\x66\xe1\x46\xe1"
   "\x46\xe1\x46\xe1\x46\xe1\x46\xe1\x46\xe1"
   "\x46\xe1\x46\xe1\x46\xe1\x46\xe1\x46\xe1"
   "\x46\xe1\x46\xe1\x46\xe1\x46\xe1\x46\xe1"
   "\x46\xe1\x46\xe1\x46\xe1\x46\xe1\x46\xe1"
   "\x46\xe1\x46\xe1\x46\xe1\x46\xe1\x46\xe1"
   "\x46\xe1\x46\xe1\x46\xe1\x46\xe1\x46\xe1"
   "\x46\xe1\x46\xe1\x46\xe1\x47\xe1\x46\xf1"
   "\x26\xe1\x07\xb1\xe6\xa0\x06\xa9\x06\xa9"
   "\xe6\xa8\x06\xa9\x06\xa9\x06\xa9\x06\xa9"
   "\x06\xa9\x06\xa9\x06\xa9\x06\xa9\x06\xa9"
   "\x06\xa9\x06\xa9\xe6\xa8\x06\xa9\x06\xa9"
   "\xe6\xa8\x06\xb9\xc6\x80\x46\x00\x86\x38"
   "\x86\x40\x05\x38\x27\x41\xf0\x83\xfc\xe6"
   "\xff\xff\xff\xff\xff\xff\xff\xff\xff\xff"
   "\xff\xff\xff\xff\xff\xff\xff\xff\xff\xff"
   "\xff\xff\xff\xff\xff\xff\xff\xff\xff\xff"
   "\xff\xff\xff\xff\xff\xff\xff\xff\xff\xff"
   "\xff\xff\xff\xff\xff\xff\xff\xff\xff\xff"
   "\xff\xff\xff\xff\xff\xff\xff\xff\xff\xff"
   "\xff\xff\xff\xff\xff\xff\xff\xff\xff\xff"
   "\xff\xff\xff\xff\xff\xff\xff\xff\xff\xff"
   "\xff\xff\xff\xff\xff\xff\xff\xff\xff\xff"
   "\xff\xff\xff\xff\xff\xff\xff\xff\xff\xff"
   "\xff\xff\xff\xff\xff\xff\xff\xff\xff\xff"
   "\xff\xff\xff\xff\xff\xff\xff\xff\xff\xff"
   "\xff\xff\xff\xff\xff\xff\xff\xff\xff\xff"
   "\xff\xff\xff\xff\xff\xff\xff\xff\xff\xff"
   "\xff\xff\xff\xff\x38\xce\x06\x31\x86\x40"
   "\x66\x38\x86\x50\x06\xb1\x26\xc1\x26\xc1"
   "\x26\xd1\x47\xe1\x66\xf1\x46\xf1\x46\xe9"
   "\x46\xe1\x47\xe9\x46\xe1\x46\xe1\x46\xe9"
   "\x46\xe1\x46\xe1\x47\xe1\x47\xe9\x46\xe1"
   "\x46\xe1\x46\xe9\x46\xe1\x46\xe1\x46\xe1"
   "\x46\xe1\x46\xe1\x46\xe1\x46\xe1\x46\xe1"
   "\x46\xe1\x46\xe1\x46\xe1\x46\xe1\x46\xe1"
   "\x46\xe1\x46\xe1\x46\xe1\x46\xe1\x46\xe1"
   "\x46\xe1\x46\xe1\x46\xe1\x46\xe1\x46\xe1"
   "\x46\xe1\x46\xe1\x46\xe1\x46\xe1\x46\xe1"
   "\x46\xe1\x46\xe1\x46\xe1\x46\xe1\x46\xe1"
   "\x46\xe9\x46\xe9\x06\xb9\xe7\xa0\x06\xa9"
   "\x07\xa9\x06\xa9\x06\xa9\x06\xa9\x06\xa9"
   "\x06\xa9\x06\xa9\x06\xa9\x06\xa9\x06\xa9"
   "\x06\xa9\x06\xa9\x06\xa9\x06\xb1\x06\xb1"
   "\xc6\x98\x66\x38\x66\x18\x86\x48\x66\x40"
   "\x00\x00\x0d\x6b\xd7\xbd\xff\xff\xff\xff"
   "\xff\xff\xff\xff\xff\xff\xff\xff\xff\xff"
   "\xff\xff\xff\xff\xff\xff\xff\xff\xff\xff"
   "\xff\xff\xff\xff\xff\xff\xff\xff\xff\xff"
   "\xff\xff\xff\xff\xff\xff\xff\xff\xff\xff"
   "\xff\xff\xff\xff\xff\xff\xff\xff\xff\xff"
   "\xff\xff\xff\xff\xff\xff\xff\xff\xff\xff"
   "\xff\xff\xff\xff\xff\xff\xff\xff\xff\xff"
   "\xff\xff\xff\xff\xff\xff\xff\xff\xff\xff"
   "\xff\xff\xff\xff\xff\xff\xff\xff\xff\xff"
   "\xff\xff\xff\xff\xff\xff\xff\xff\xff\xff"
   "\xff\xff\xff\xff\xff\xff\xff\xff\xff\xff"
   "\xff\xff\xff\xff\xff\xff\xff\xff\xff\xff"
   "\xff\xff\xff\xff\xff\xff\xff\xff\xff\xff"
   "\xff\xff\xff\xff\xff\xff\xff\xff\xff\xff"
   "\xff\xff\xff\xff\xff\xff\x10\x8c\x05\x30"
   "\x67\x40\x45\x00\xe6\xa8\x66\xf1\x46\xe9"
   "\x67\xe1\x46\xe9\x46\xe1\x46\xe1\x46\xe1"
   "\x46\xe1\x46\xe1\x46\xe1\x46\xe1\x46\xe1"
   "\x46\xe1\x46\xe1\x46\xe1\x46\xe1\x46\xe1"
   "\x46\xe1\x46\xe1\x46\xe1\x46\xe1\x46\xe1"
   "\x46\xe1\x46\xe1\x46\xe1\x46\xe1\x46\xe1"
   "\x46\xe1\x46\xe1\x46\xe1\x46\xe1\x46\xe1"
   "\x46\xe1\x46\xe1\x46\xe1\x46\xe1\x46\xe1"
   "\x46\xe1\x46\xe1\x46\xe1\x46\xe1\x46\xe1"
   "\x46\xe1\x46\xe1\x46\xe1\x46\xe1\x46\xe1"
   "\x46\xe1\x46\xe1\x46\xe1\x46\xe1\x46\xe1"
   "\x46\xe1\x46\xe9\x66\xe9\x06\xb9\xe6\xa0"
   "\x06\xa9\xe6\xa8\x06\xa9\x07\xa9\x06\xa9"
   "\x06\xa9\x06\xa9\x06\xa9\xe6\xb0\x07\xa9"
   "\xe6\xa8\xe7\xa8\x06\xb1\xe6\xa0\xa6\x68"
   "\x45\x18\xa7\x38\x86\x40\x02\x28\x00\x18"
   "\x35\xad\x1c\xe7\xff\xff\xff\xff\xff\xff"
   "\xff\xff\xff\xff\xff\xff\xff\xff\xff\xff"
   "\xff\xff\xff\xff\xff\xff\xff\xff\xff\xff"
   "\xff\xff\xff\xff\xff\xff\xff\xff\xff\xff"
   "\xff\xff\xff\xff\xff\xff\xff\xff\xff\xff"
   "\xff\xff\xff\xff\xff\xff\xff\xff\xff\xff"
   "\xff\xff\xff\xff\xff\xff\xff\xff\xff\xff"
   "\xff\xff\xff\xff\xff\xff\xff\xff\xff\xff"
   "\xff\xff\xff\xff\xff\xff\xff\xff\xff\xff"
   "\xff\xff\xff\xff\xff\xff\xff\xff\xff\xff"
   "\xff\xff\xff\xff\xff\xff\xff\xff\xff\xff"
   "\xff\xff\xff\xff\xff\xff\xff\xff\xff\xff"
   "\xff\xff\xff\xff\xff\xff\xff\xff\xff\xff"
   "\xff\xff\xff\xff\xff\xff\xff\xff\xff\xff"
   "\xff\xff\xff\xff\xff\xff\xff\xff\xff\xff"
   "\xff\xff\xff\xff\xff\xff\x5e\xf7\x00\x00"
   "\xa6\x40\x46\x38\x66\x28\x47\xd9\x46\xe1"
   "\x47\xe9\x67\xe1\x46\xe1\x46\xe1\x46\xe1"
   "\x46\xe1\x46\xe1\x46\xe1\x46\xe1\x46\xe1"
   "\x46\xe1\x46\xe1\x46\xe1\x46\xe1\x46\xe1"
   "\x46\xe1\x46\xe1\x46\xe1\x46\xe1\x46\xe1"
   "\x46\xe1\x46\xe1\x46\xe1\x46\xe1\x46\xe1"
   "\x46\xe1\x46\xe1\x46\xe1\x46\xe1\x46\xe1"
   "\x46\xe1\x46\xe1\x46\xe1\x46\xe1\x46\xe1"
   "\x46\xe1\x46\xe1\x46\xe1\x46\xe1\x46\xe1"
   "\x46\xe1\x46\xe1\x46\xe1\x46\xe1\x46\xe1"
   "\x46\xe1\x46\xe1\x46\xe1\x46\xe1\x46\xe1"
   "\x46\xe1\x47\xe9\x46\xe9\x46\xe9\x07\xc1"
   "\xe6\x98\x06\xa9\x06\xa9\x06\xa9\x06\xa9"
   "\x06\xa9\x06\xa9\x06\xa9\x06\xa9\x06\xa9"
   "\xe6\xb0\x06\xb1\xc6\x80\x66\x48\x86\x38"
   "\x66\x40\x86\x40\x00\x00\x8b\x5a\x9a\xd6"
   "\xdf\xff\xff\xff\xff\xff\xff\xff\xff\xff"
   "\xff\xff\xff\xff\xff\xff\xff\xff\xff\xff"
   "\xff\xff\xff\xff\xff\xff\xff\xff\xff\xff"
   "\xff\xff\xff\xff\xff\xff\xff\xff\xff\xff"
   "\xff\xff\xff\xff\xff\xff\xff\xff\xff\xff"
   "\xff\xff\xff\xff\xff\xff\xff\xff\xff\xff"
   "\xff\xff\xff\xff\xff\xff\xff\xff\xff\xff"
   "\xff\xff\xff\xff\xff\xff\xff\xff\xff\xff"
   "\xff\xff\xff\xff\xff\xff\xff\xff\xff\xff"
   "\xff\xff\xff\xff\xff\xff\xff\xff\xff\xff"
   "\xff\xff\xff\xff\xff\xff\xff\xff\xff\xff"
   "\xff\xff\xff\xff\xff\xff\xff\xff\xff\xff"
   "\xff\xff\xff\xff\xff\xff\xff\xff\xff\xff"
   "\xff\xff\xff\xff\xff\xff\xff\xff\xff\xff"
   "\xff\xff\xff\xff\xff\xff\xff\xff\xff\xff"
   "\xff\xff\xff\xff\xff\xff\xff\xff\x79\xce"
   "\x00\x00\x87\x48\x46\x28\x86\x68\x66\xf1"
   "\x27\xe1\x67\xe9\x46\xe1\x46\xe1\x46\xe1"
   "\x46\xe1\x46\xe1\x46\xe1\x46\xe1\x46\xe1"
   "\x46\xe1\x46\xe1\x46\xe1\x46\xe1\x46\xe1"
   "\x46\xe1\x46\xe1\x46\xe1\x46\xe1\x46\xe1"
   "\x46\xe1\x46\xe1\x46\xe1\x46\xe1\x46\xe1"
   "\x46\xe1\x46\xe1\x46\xe1\x46\xe1\x46\xe1"
   "\x46\xe1\x46\xe1\x46\xe1\x46\xe1\x46\xe1"
   "\x46\xe1\x46\xe1\x46\xe1\x46\xe1\x46\xe1"
   "\x46\xe1\x46\xe1\x46\xe1\x46\xe1\x46\xe1"
   "\x46\xe1\x46\xe1\x46\xe1\x46\xe1\x46\xe1"
   "\x46\xe1\x45\xe1\x67\xe9\x46\xe1\x46\xe9"
   "\x06\xc1\xe7\xa0\x06\xa9\x06\xa9\x06\xa9"
   "\x06\xa9\x06\xa9\x06\xa9\xe6\xa8\x26\xb9"
   "\xe6\xa0\x67\x48\x66\x38\x86\x38\x66\x40"
   "\x05\x38\x00\x00\xb7\xbd\xdf\xff\xff\xff"
   "\xff\xff\xff\xff\xff\xff\xff\xff\xff\xff"
   "\xff\xff\xff\xff\xff\xff\xff\xff\xff\xff"
   "\xff\xff\xff\xff\xff\xff\xff\xff\xff\xff"
   "\xff\xff\xff\xff\xff\xff\xff\xff\xff\xff"
   "\xff\xff\xff\xff\xff\xff\xff\xff\xff\xff"
   "\xff\xff\xff\xff\xff\xff\xff\xff\xff\xff"
   "\xff\xff\xff\xff\xff\xff\xff\xff\xff\xff"
   "\xff\xff\xff\xff\xff\xff\xff\xff\xff\xff"
   "\xff\xff\xff\xff\xff\xff\xff\xff\xff\xff"
   "\xff\xff\xff\xff\xff\xff\xff\xff\xff\xff"
   "\xff\xff\xff\xff\xff\xff\xff\xff\xff\xff"
   "\xff\xff\xff\xff\xff\xff\xff\xff\xff\xff"
   "\xff\xff\xff\xff\xff\xff\xff\xff\xff\xff"
   "\xff\xff\xff\xff\xff\xff\xff\xff\xff\xff"
   "\xff\xff\xff\xff\xff\xff\xff\xff\xff\xff"
   "\xff\xff\xff\xff\xff\xff\xff\xff\xff\xff"
   "\x2b\x6a\x02\x28\x86\x40\x47\x00\x07\xc9"
   "\x66\xd9\x45\xe1\x47\xe9\x46\xe1\x46\xe1"
   "\x46\xe1\x46\xe1\x46\xe1\x46\xe1\x46\xe1"
   "\x46\xe1\x46\xe1\x46\xe1\x46\xe1\x46\xe1"
   "\x46\xe1\x46\xe1\x46\xe1\x46\xe1\x46\xe1"
   "\x46\xe1\x46\xe1\x46\xe1\x46\xe1\x46\xe1"
   "\x46\xe1\x46\xe1\x46\xe1\x46\xe1\x46\xe1"
   "\x46\xe1\x46\xe1\x46\xe1\x46\xe1\x46\xe1"
   "\x46\xe1\x46\xe1\x46\xe1\x46\xe1\x46\xe1"
   "\x46\xe1\x46\xe1\x46\xe1\x46\xe1\x46\xe1"
   "\x46\xe1\x46\xe1\x46\xe1\x46\xe1\x46\xe1"
   "\x46\xe1\x47\xe1\x46\xe1\x46\xe1\x46\xe1"
   "\x26\xe1\x06\xa9\x06\xa9\x06\xa9\x06\xa9"
   "\x06\xa9\x06\xa9\x06\xb1\x06\xb1\xa6\x78"
   "\x67\x18\x66\x40\x86\x40\x26\x40\x03\x28"
   "\x4a\x5a\xfc\xe6\xff\xff\xff\xff\xff\xff"
   "\xff\xff\xff\xff\xff\xff\xff\xff\xff\xff"
   "\xff\xff\xff\xff\xff\xff\xff\xff\xff\xff"
   "\xff\xff\xff\xff\xff\xff\xff\xff\xff\xff"
   "\xff\xff\xff\xff\xff\xff\xff\xff\xff\xff"
   "\xff\xff\xff\xff\xff\xff\xff\xff\xff\xff"
   "\xff\xff\xff\xff\xff\xff\xff\xff\xff\xff"
   "\xff\xff\xff\xff\xff\xff\xff\xff\xff\xff"
   "\xff\xff\xff\xff\xff\xff\xff\xff\xff\xff"
   "\xff\xff\xff\xff\xff\xff\xff\xff\xff\xff"
   "\xff\xff\xff\xff\xff\xff\xff\xff\xff\xff"
   "\xff\xff\xff\xff\xff\xff\xff\xff\xff\xff"
   "\xff\xff\xff\xff\xff\xff\xff\xff\xff\xff"
   "\xff\xff\xff\xff\xff\xff\xff\xff\xff\xff"
   "\xff\xff\xff\xff\xff\xff\xff\xff\xff\xff"
   "\xff\xff\xff\xff\xff\xff\xff\xff\xff\xff"
   "\xff\xff\xff\xff\xff\xff\xff\xff\xff\xff"
   "\x5d\xef\x00\x00\x45\x38\x67\x40\x45\x00"
   "\x67\xf1\x46\xe1\x67\xe9\x47\xe1\x46\xe9"
   "\x46\xe1\x46\xe1\x46\xe1\x46\xe1\x46\xe1"
   "\x46\xe1\x46\xe1\x46\xe1\x46\xe1\x46\xe1"
   "\x46\xe1\x46\xe1\x46\xe1\x46\xe1\x46\xe1"
   "\x46\xe1\x46\xe1\x46\xe1\x46\xe1\x46\xe1"
   "\x46\xe1\x46\xe1\x46\xe1\x46\xe1\x46\xe1"
   "\x46\xe1\x46\xe1\x46\xe1\x46\xe1\x46\xe1"
   "\x46\xe1\x46\xe1\x46\xe1\x46\xe1\x46\xe1"
   "\x46\xe1\x46\xe1\x46\xe1\x46\xe1\x46\xe1"
   "\x46\xe1\x46\xe1\x46\xe1\x46\xe1\x46\xe1"
   "\x46\xe1\x46\xe1\x46\xe1\x46\xe1\x46\xe1"
   "\x46\xe1\x46\xd1\xe6\xa0\x06\xa9\x05\xa1"
   "\x08\xb1\x06\xa9\xe7\xa8\x66\x50\x67\x30"
   "\x45\x38\x67\x38\x03\x28\x29\x52\x76\xbd"
   "\xff\xff\xff\xff\xff\xff\xff\xff\xff\xff"
   "\xff\xff\xff\xff\xff\xff\xff\xff\xff\xff"
   "\xff\xff\xff\xff\xff\xff\xff\xff\xff\xff"
   "\xff\xff\xff\xff\xff\xff\xff\xff\xff\xff"
   "\xff\xff\xff\xff\xff\xff\xff\xff\xff\xff"
   "\xff\xff\xff\xff\xff\xff\xff\xff\xff\xff"
   "\xff\xff\xff\xff\xff\xff\xff\xff\xff\xff"
   "\xff\xff\xff\xff\xff\xff\xff\xff\xff\xff"
   "\xff\xff\xff\xff\xff\xff\xff\xff\xff\xff"
   "\xff\xff\xff\xff\xff\xff\xff\xff\xff\xff"
   "\xff\xff\xff\xff\xff\xff\xff\xff\xff\xff"
   "\xff\xff\xff\xff\xff\xff\xff\xff\xff\xff"
   "\xff\xff\xff\xff\xff\xff\xff\xff\xff\xff"
   "\xff\xff\xff\xff\xff\xff\xff\xff\xff\xff"
   "\xff\xff\xff\xff\xff\xff\xff\xff\xff\xff"
   "\xff\xff\xff\xff\xff\xff\xff\xff\xff\xff"
   "\xff\xff\xff\xff\xff\xff\xff\xff\xff\xff"
   "\xde\xf7\x14\xad\x00\x08\x66\x40\x47\x30"
   "\xa6\x68\x67\xf9\x46\xe1\x46\xe1\x46\xe9"
   "\x46\xe1\x46\xe1\x46\xe1\x46\xe1\x46\xe1"
   "\x46\xe1\x46\xe1\x46\xe1\x46\xe1\x46\xe1"
   "\x46\xe1\x46\xe1\x46\xe1\x46\xe1\x46\xe1"
   "\x46\xe1\x46\xe1\x46\xe1\x46\xe1\x46\xe1"
   "\x46\xe1\x46\xe1\x46\xe1\x46\xe1\x46\xe1"
   "\x46\xe1\x46\xe1\x46\xe1\x46\xe1\x46\xe1"
   "\x46\xe1\x46\xe1\x46\xe1\x46\xe1\x46\xe1"
   "\x46\xe1\x46\xe1\x46\xe1\x46\xe1\x46\xe1"
   "\x46\xe1\x46\xe1\x46\xe1\x46\xe1\x46\xe1"
   "\x46\xe1\x46\xe1\x46\xe1\x46\xe1\x46\xe1"
   "\x46\xe1\x67\xe9\x26\xb9\x06\xa9\xe6\xb0"
   "\xe6\xa8\xc6\x80\x66\x18\x87\x38\x66\x40"
   "\x03\x20\x03\x20\xb3\x9c\x1c\xe7\xff\xff"
   "\xff\xff\xff\xff\xff\xff\xff\xff\xff\xff"
   "\xff\xff\xff\xff\xff\xff\xff\xff\xff\xff"
   "\xff\xff\xff\xff\xff\xff\xff\xff\xff\xff"
   "\xff\xff\xff\xff\xff\xff\xff\xff\xff\xff"
   "\xff\xff\xff\xff\xff\xff\xff\xff\xff\xff"
   "\xff\xff\xff\xff\xff\xff\xff\xff\xff\xff"
   "\xff\xff\xff\xff\xff\xff\xff\xff\xff\xff"
   "\xff\xff\xff\xff\xff\xff\xff\xff\xff\xff"
   "\xff\xff\xff\xff\xff\xff\xff\xff\xff\xff"
   "\xff\xff\xff\xff\xff\xff\xff\xff\xff\xff"
   "\xff\xff\xff\xff\xff\xff\xff\xff\xff\xff"
   "\xff\xff\xff\xff\xff\xff\xff\xff\xff\xff"
   "\xff\xff\xff\xff\xff\xff\xff\xff\xff\xff"
   "\xff\xff\xff\xff\xff\xff\xff\xff\xff\xff"
   "\xff\xff\xff\xff\xff\xff\xff\xff\xff\xff"
   "\xff\xff\xff\xff\xff\xff\xff\xff\xff\xff"
   "\xff\xff\xff\xff\xff\xff\xff\xff\xff\xff"
   "\xff\xff\x7d\xef\x2d\x73\x02\x20\x86\x40"
   "\x67\x20\x05\xb1\x67\xf1\x46\xe1\x46\xe1"
   "\x46\xe1\x46\xe1\x46\xe1\x46\xe1\x46\xe1"
   "\x46\xe1\x46\xe1\x46\xe1\x46\xe1\x46\xe1"
   "\x46\xe1\x46\xe1\x46\xe1\x46\xe1\x46\xe1"
   "\x46\xe1\x46\xe1\x46\xe1\x46\xe1\x46\xe1"
   "\x46\xe1\x46\xe1\x46\xe1\x46\xe1\x46\xe1"
   "\x46\xe1\x46\xe1\x46\xe1\x46\xe1\x46\xe1"
   "\x46\xe1\x46\xe1\x46\xe1\x46\xe1\x46\xe1"
   "\x46\xe1\x46\xe1\x46\xe1\x46\xe1\x46\xe1"
   "\x46\xe1\x46\xe1\x46\xe1\x46\xe1\x46\xe1"
   "\x46\xe1\x46\xe1\x46\xe1\x46\xe1\x46\xe1"
   "\x46\xe1\x67\xe9\x66\xf1\x06\xb9\xc7\x90"
   "\x86\x50\x66\x20\x86\x40\x66\x40\x00\x00"
   "\x6e\x73\x59\xce\xff\xff\xff\xff\xff\xff"
   "\xff\xff\xff\xff\xff\xff\xff\xff\xff\xff"
   "\xff\xff\xff\xff\xff\xff\xff\xff\xff\xff"
   "\xff\xff\xff\xff\xff\xff\xff\xff\xff\xff"
   "\xff\xff\xff\xff\xff\xff\xff\xff\xff\xff"
   "\xff\xff\xff\xff\xff\xff\xff\xff\xff\xff"
   "\xff\xff\xff\xff\xff\xff\xff\xff\xff\xff"
   "\xff\xff\xff\xff\xff\xff\xff\xff\xff\xff"
   "\xff\xff\xff\xff\xff\xff\xff\xff\xff\xff"
   "\xff\xff\xff\xff\xff\xff\xff\xff\xff\xff"
   "\xff\xff\xff\xff\xff\xff\xff\xff\xff\xff"
   "\xff\xff\xff\xff\xff\xff\xff\xff\xff\xff"
   "\xff\xff\xff\xff\xff\xff\xff\xff\xff\xff"
   "\xff\xff\xff\xff\xff\xff\xff\xff\xff\xff"
   "\xff\xff\xff\xff\xff\xff\xff\xff\xff\xff"
   "\xff\xff\xff\xff\xff\xff\xff\xff\xff\xff"
   "\xff\xff\xff\xff\xff\xff\xff\xff\xff\xff"
   "\xff\xff\xff\xff\xff\xff\xff\xff\xff\xff"
   "\xff\xff\xff\xff\x59\xce\xe9\x49\x26\x30"
   "\xc7\x48\xa6\x60\x46\xe9\x46\xe1\x66\xe9"
   "\x47\xe9\x46\xe1\x46\xe1\x46\xe1\x46\xe1"
   "\x46\xe1\x46\xe1\x46\xe1\x46\xe1\x46\xe1"
   "\x46\xe1\x46\xe1\x46\xe1\x46\xe1\x46\xe1"
   "\x46\xe1\x46\xe1\x46\xe1\x46\xe1\x46\xe1"
   "\x46\xe1\x46\xe1\x46\xe1\x46\xe1\x46\xe1"
   "\x46\xe1\x46\xe1\x46\xe1\x46\xe1\x46\xe1"
   "\x46\xe1\x46\xe1\x46\xe1\x46\xe1\x46\xe1"
   "\x46\xe1\x46\xe1\x46\xe1\x46\xe1\x46\xe1"
   "\x46\xe1\x46\xe1\x46\xe1\x46\xe1\x46\xe1"
   "\x46\xe1\x47\xe1\x66\xe1\x47\xe9\x46\xe1"
   "\x46\xe9\x67\xf1\x47\xd1\x86\x68\x65\x30"
   "\x87\x38\x86\x40\x02\x28\x00\x00\x55\xb5"
   "\x7d\xef\xff\xff\xff\xff\xff\xff\xff\xff"
   "\xff\xff\xff\xff\xff\xff\xff\xff\xff\xff"
   "\xff\xff\xff\xff\xff\xff\xff\xff\xff\xff"
   "\xff\xff\xff\xff\xff\xff\xff\xff\xff\xff"
   "\xff\xff\xff\xff\xff\xff\xff\xff\xff\xff"
   "\xff\xff\xff\xff\xff\xff\xff\xff\xff\xff"
   "\xff\xff\xff\xff\xff\xff\xff\xff\xff\xff"
   "\xff\xff\xff\xff\xff\xff\xff\xff\xff\xff"
   "\xff\xff\xff\xff\xff\xff\xff\xff\xff\xff"
   "\xff\xff\xff\xff\xff\xff\xff\xff\xff\xff"
   "\xff\xff\xff\xff\xff\xff\xff\xff\xff\xff"
   "\xff\xff\xff\xff\xff\xff\xff\xff\xff\xff"
   "\xff\xff\xff\xff\xff\xff\xff\xff\xff\xff"
   "\xff\xff\xff\xff\xff\xff\xff\xff\xff\xff"
   "\xff\xff\xff\xff\xff\xff\xff\xff\xff\xff"
   "\xff\xff\xff\xff\xff\xff\xff\xff\xff\xff"
   "\xff\xff\xff\xff\xff\xff\xff\xff\xff\xff"
   "\xff\xff\xff\xff\xff\xff\xff\xff\xff\xff"
   "\xff\xff\xff\xff\xff\xff\xf0\x83\x05\x38"
   "\x46\x40\x65\x20\xe6\x98\x67\xe9\x46\xe1"
   "\x46\xe1\x46\xe1\x46\xe1\x46\xe1\x46\xe1"
   "\x46\xe1\x46\xe1\x46\xe1\x46\xe1\x46\xe1"
   "\x46\xe1\x46\xe1\x46\xe1\x46\xe1\x46\xe1"
   "\x46\xe1\x46\xe1\x46\xe1\x46\xe1\x46\xe1"
   "\x46\xe1\x46\xe1\x46\xe1\x46\xe1\x46\xe1"
   "\x46\xe1\x46\xe1\x46\xe1\x46\xe1\x46\xe1"
   "\x46\xe1\x46\xe1\x46\xe1\x46\xe1\x46\xe1"
   "\x46\xe1\x46\xe1\x46\xe1\x46\xe1\x46\xe1"
   "\x46\xe1\x46\xe1\x46\xe1\x46\xe1\x46\xe1"
   "\x46\xe1\x45\xd9\x47\xe9\x47\xe9\x47\xe9"
   "\x66\xf1\x06\xa1\x46\x38\xa7\x38\x66\x40"
   "\x86\x38\x00\x08\x2d\x6b\x3c\xe7\xdf\xff"
   "\xff\xff\xff\xff\xff\xff\xff\xff\xff\xff"
   "\xff\xff\xff\xff\xff\xff\xff\xff\xff\xff"
   "\xff\xff\xff\xff\xff\xff\xff\xff\xff\xff"
   "\xff\xff\xff\xff\xff\xff\xff\xff\xff\xff"
   "\xff\xff\xff\xff\xff\xff\xff\xff\xff\xff"
   "\xff\xff\xff\xff\xff\xff\xff\xff\xff\xff"
   "\xff\xff\xff\xff\xff\xff\xff\xff\xff\xff"
   "\xff\xff\xff\xff\xff\xff\xff\xff\xff\xff"
   "\xff\xff\xff\xff\xff\xff\xff\xff\xff\xff"
   "\xff\xff\xff\xff\xff\xff\xff\xff\xff\xff"
   "\xff\xff\xff\xff\xff\xff\xff\xff\xff\xff"
   "\xff\xff\xff\xff\xff\xff\xff\xff\xff\xff"
   "\xff\xff\xff\xff\xff\xff\xff\xff\xff\xff"
   "\xff\xff\xff\xff\xff\xff\xff\xff\xff\xff"
   "\xff\xff\xff\xff\xff\xff\xff\xff\xff\xff"
   "\xff\xff\xff\xff\xff\xff\xff\xff\xff\xff"
   "\xff\xff\xff\xff\xff\xff\xff\xff\xff\xff"
   "\xff\xff\xff\xff\xff\xff\xff\xff\xff\xff"
   "\xff\xff\xff\xff\xff\xff\x5d\xef\x08\x4a"
   "\xc7\x40\x87\x40\x67\x30\x26\xc9\x47\xf1"
   "\x46\xe9\x46\xe1\x46\xe1\x46\xe1\x46\xe1"
   "\x46\xe1\x46\xe1\x46\xe1\x46\xe1\x46\xe1"
   "\x46\xe1\x46\xe1\x46\xe1\x46\xe1\x46\xe1"
   "\x46\xe1\x46\xe1\x46\xe1\x46\xe1\x46\xe1"
   "\x46\xe1\x46\xe1\x46\xe1\x46\xe1\x46\xe1"
   "\x46\xe1\x46\xe1\x46\xe1\x46\xe1\x46\xe1"
   "\x46\xe1\x46\xe1\x46\xe1\x46\xe1\x46\xe1"
   "\x46\xe1\x46\xe1\x46\xe1\x46\xe1\x46\xe1"
   "\x46\xe1\x46\xe1\x46\xe1\x46\xe1\x46\xe1"
   "\x46\xe1\x47\xe9\x65\xd9\x66\xf1\x26\xe1"
   "\x87\x50\x66\x20\x86\x38\x66\x38\x67\x40"
   "\xc5\x28\xd4\xa4\xff\xff\xff\xff\xff\xff"
   "\xff\xff\xff\xff\xff\xff\xff\xff\xff\xff"
   "\xff\xff\xff\xff\xff\xff\xff\xff\xff\xff"
   "\xff\xff\xff\xff\xff\xff\xff\xff\xff\xff"
   "\xff\xff\xff\xff\xff\xff\xff\xff\xff\xff"
   "\xff\xff\xff\xff\xff\xff\xff\xff\xff\xff"
   "\xff\xff\xff\xff\xff\xff\xff\xff\xff\xff"
   "\xff\xff\xff\xff\xff\xff\xff\xff\xff\xff"
   "\xff\xff\xff\xff\xff\xff\xff\xff\xff\xff"
   "\xff\xff\xff\xff\xff\xff\xff\xff\xff\xff"
   "\xff\xff\xff\xff\xff\xff\xff\xff\xff\xff"
   "\xff\xff\xff\xff\xff\xff\xff\xff\xff\xff"
   "\xff\xff\xff\xff\xff\xff\xff\xff\xff\xff"
   "\xff\xff\xff\xff\xff\xff\xff\xff\xff\xff"
   "\xff\xff\xff\xff\xff\xff\xff\xff\xff\xff"
   "\xff\xff\xff\xff\xff\xff\xff\xff\xff\xff"
   "\xff\xff\xff\xff\xff\xff\xff\xff\xff\xff"
   "\xff\xff\xff\xff\xff\xff\xff\xff\xff\xff"
   "\xff\xff\xff\xff\xff\xff\xff\xff\xff\xff"
   "\xff\xff\xff\xff\xff\xff\xff\xff\x36\xb5"
   "\x00\x18\x86\x40\x66\x20\xa7\x70\x66\xe1"
   "\x46\xe1\x46\xe1\x46\xe1\x46\xe1\x46\xe1"
   "\x46\xe1\x46\xe1\x46\xe1\x46\xe1\x46\xe1"
   "\x46\xe1\x46\xe1\x46\xe1\x46\xe1\x46\xe1"
   "\x46\xe1\x46\xe1\x46\xe1\x46\xe1\x46\xe1"
   "\x46\xe1\x46\xe1\x46\xe1\x46\xe1\x46\xe1"
   "\x46\xe1\x46\xe1\x46\xe1\x46\xe1\x46\xe1"
   "\x46\xe1\x46\xe1\x46\xe1\x46\xe1\x46\xe1"
   "\x46\xe1\x46\xe1\x46\xe1\x46\xe1\x46\xe1"
   "\x46\xe1\x46\xe1\x46\xe1\x46\xe1\x46\xe1"
   "\x46\xe9\x46\xe9\x67\xf1\x06\xa1\x46\x00"
   "\x86\x30\x87\x40\x05\x30\x65\x30\x8e\x73"
   "\x5d\xef\xff\xff\xff\xff\xff\xff\xff\xff"
   "\xff\xff\xff\xff\xff\xff\xff\xff\xff\xff"
   "\xff\xff\xff\xff\xff\xff\xff\xff\xff\xff"
   "\xff\xff\xff\xff\xff\xff\xff\xff\xff\xff"
   "\xff\xff\xff\xff\xff\xff\xff\xff\xff\xff"
   "\xff\xff\xff\xff\xff\xff\xff\xff\xff\xff"
   "\xff\xff\xff\xff\xff\xff\xff\xff\xff\xff"
   "\xff\xff\xff\xff\xff\xff\xff\xff\xff\xff"
   "\xff\xff\xff\xff\xff\xff\xff\xff\xff\xff"
   "\xff\xff\xff\xff\xff\xff\xff\xff\xff\xff"
   "\xff\xff\xff\xff\xff\xff\xff\xff\xff\xff"
   "\xff\xff\xff\xff\xff\xff\xff\xff\xff\xff"
   "\xff\xff\xff\xff\xff\xff\xff\xff\xff\xff"
   "\xff\xff\xff\xff\xff\xff\xff\xff\xff\xff"
   "\xff\xff\xff\xff\xff\xff\xff\xff\xff\xff"
   "\xff\xff\xff\xff\xff\xff\xff\xff\xff\xff"
   "\xff\xff\xff\xff\xff\xff\xff\xff\xff\xff"
   "\xff\xff\xff\xff\xff\xff\xff\xff\xff\xff"
   "\xff\xff\xff\xff\xff\xff\xff\xff\xff\xff"
   "\xff\xff\xff\xff\xff\xff\xff\xff\xff\xff"
   "\xcc\x6a\x03\x28\x87\x40\x66\x00\x47\xc1"
   "\x46\xe9\x46\xe1\x46\xe1\x46\xe1\x46\xe1"
   "\x46\xe1\x46\xe1\x46\xe1\x46\xe1\x46\xe1"
   "\x46\xe1\x46\xe1\x46\xe1\x46\xe1\x46\xe1"
   "\x46\xe1\x46\xe1\x46\xe1\x46\xe1\x46\xe1"
   "\x46\xe1\x46\xe1\x46\xe1\x46\xe1\x46\xe1"
   "\x46\xe1\x46\xe1\x46\xe1\x46\xe1\x46\xe1"
   "\x46\xe1\x46\xe1\x46\xe1\x46\xe1\x46\xe1"
   "\x46\xe1\x46\xe1\x46\xe1\x46\xe1\x46\xe1"
   "\x46\xe1\x46\xe1\x47\xe9\x46\xe1\x46\xe9"
   "\x46\xe9\x26\xc9\xa6\x60\x46\x00\x66\x40"
   "\x45\x38\x00\x00\x6e\x73\x76\xb5\xff\xff"
   "\xff\xff\xff\xff\xff\xff\xff\xff\xff\xff"
   "\xff\xff\xff\xff\xff\xff\xff\xff\xff\xff"
   "\xff\xff\xff\xff\xff\xff\xff\xff\xff\xff"
   "\xff\xff\xff\xff\xff\xff\xff\xff\xff\xff"
   "\xff\xff\xff\xff\xff\xff\xff\xff\xff\xff"
   "\xff\xff\xff\xff\xff\xff\xff\xff\xff\xff"
   "\xff\xff\xff\xff\xff\xff\xff\xff\xff\xff"
   "\xff\xff\xff\xff\xff\xff\xff\xff\xff\xff"
   "\xff\xff\xff\xff\xff\xff\xff\xff\xff\xff"
   "\xff\xff\xff\xff\xff\xff\xff\xff\xff\xff"
   "\xff\xff\xff\xff\xff\xff\xff\xff\xff\xff"
   "\xff\xff\xff\xff\xff\xff\xff\xff\xff\xff"
   "\xff\xff\xff\xff\xff\xff\xff\xff\xff\xff"
   "\xff\xff\xff\xff\xff\xff\xff\xff\xff\xff"
   "\xff\xff\xff\xff\xff\xff\xff\xff\xff\xff"
   "\xff\xff\xff\xff\xff\xff\xff\xff\xff\xff"
   "\xff\xff\xff\xff\xff\xff\xff\xff\xff\xff"
   "\xff\xff\xff\xff\xff\xff\xff\xff\xff\xff"
   "\xff\xff\xff\xff\xff\xff\xff\xff\xff\xff"
   "\xff\xff\xff\xff\xff\xff\xff\xff\xff\xff"
   "\xfb\xe6\x00\x00\x66\x38\x67\x38\x67\x00"
   "\x66\xe9\x46\xe1\x47\xe1\x46\xe1\x46\xe1"
   "\x46\xe1\x46\xe1\x46\xe1\x46\xe1\x46\xe1"
   "\x46\xe1\x46\xe1\x46\xe1\x46\xe1\x46\xe1"
   "\x46\xe1\x46\xe1\x46\xe1\x46\xe1\x46\xe1"
   "\x46\xe1\x46\xe1\x46\xe1\x46\xe1\x46\xe1"
   "\x46\xe1\x46\xe1\x46\xe1\x46\xe1\x46\xe1"
   "\x46\xe1\x46\xe1\x46\xe1\x46\xe1\x46\xe1"
   "\x46\xe1\x46\xe1\x46\xe1\x46\xe1\x46\xe9"
   "\x46\xe1\x47\xe1\x46\xe1\x66\xf9\x46\xd9"
   "\xe6\x90\x25\x18\x86\x30\x85\x38\x05\x38"
   "\x00\x00\x93\x9c\x7d\xef\xff\xff\xff\xff"
   "\xff\xff\xff\xff\xff\xff\xff\xff\xff\xff"
   "\xff\xff\xff\xff\xff\xff\xff\xff\xff\xff"
   "\xff\xff\xff\xff\xff\xff\xff\xff\xff\xff"
   "\xff\xff\xff\xff\xff\xff\xff\xff\xff\xff"
   "\xff\xff\xff\xff\xff\xff\xff\xff\xff\xff"
   "\xff\xff\xff\xff\xff\xff\xff\xff\xff\xff"
   "\xff\xff\xff\xff\xff\xff\xff\xff\xff\xff"
   "\xff\xff\xff\xff\xff\xff\xff\xff\xff\xff"
   "\xff\xff\xff\xff\xff\xff\xff\xff\xff\xff"
   "\xff\xff\xff\xff\xff\xff\xff\xff\xff\xff"
   "\xff\xff\xff\xff\xff\xff\xff\xff\xff\xff"
   "\xff\xff\xff\xff\xff\xff\xff\xff\xff\xff"
   "\xff\xff\xff\xff\xff\xff\xff\xff\xff\xff"
   "\xff\xff\xff\xff\xff\xff\xff\xff\xff\xff"
   "\xff\xff\xff\xff\xff\xff\xff\xff\xff\xff"
   "\xff\xff\xff\xff\xff\xff\xff\xff\xff\xff"
   "\xff\xff\xff\xff\xff\xff\xff\xff\xff\xff"
   "\xff\xff\xff\xff\xff\xff\xff\xff\xff\xff"
   "\xff\xff\xff\xff\xff\xff\xff\xff\xff\xff"
   "\xff\xff\xff\xff\xff\xff\xff\xff\xff\xff"
   "\xff\xff\x59\xd6\x00\x00\xa7\x40\x46\x20"
   "\xa6\x70\x86\xf9\x46\xe1\x46\xe1\x47\xe1"
   "\x46\xe1\x46\xe1\x46\xe1\x46\xe1\x46\xe1"
   "\x46\xe1\x46\xe1\x46\xe1\x46\xe1\x46\xe1"
   "\x46\xe1\x46\xe1\x46\xe1\x46\xe1\x46\xe1"
   "\x46\xe1\x46\xe1\x46\xe1\x46\xe1\x46\xe1"
   "\x46\xe1\x46\xe1\x46\xe1\x46\xe1\x46\xe1"
   "\x46\xe1\x46\xe1\x46\xe1\x46\xe1\x46\xe1"
   "\x46\xe1\x46\xe1\x46\xe1\x46\xe1\x47\xe1"
   "\x47\xe1\x66\xf1\x66\xf9\xe6\xa8\x86\x58"
   "\x47\x28\x65\x40\x87\x48\x00\x00\x26\x41"
   "\x3c\xe7\xbe\xf7\xff\xff\xff\xff\xff\xff"
   "\xff\xff\xff\xff\xff\xff\xff\xff\xff\xff"
   "\xff\xff\xff\xff\xff\xff\xff\xff\xff\xff"
   "\xff\xff\xff\xff\xff\xff\xff\xff\xff\xff"
   "\xff\xff\xff\xff\xff\xff\xff\xff\xff\xff"
   "\xff\xff\xff\xff\xff\xff\xff\xff\xff\xff"
   "\xff\xff\xff\xff\xff\xff\xff\xff\xff\xff"
   "\xff\xff\xff\xff\xff\xff\xff\xff\xff\xff"
   "\xff\xff\xff\xff\xff\xff\xff\xff\xff\xff"
   "\xff\xff\xff\xff\xff\xff\xff\xff\xff\xff"
   "\xff\xff\xff\xff\xff\xff\xff\xff\xff\xff"
   "\xff\xff\xff\xff\xff\xff\xff\xff\xff\xff"
   "\xff\xff\xff\xff\xff\xff\xff\xff\xff\xff"
   "\xff\xff\xff\xff\xff\xff\xff\xff\xff\xff"
   "\xff\xff\xff\xff\xff\xff\xff\xff\xff\xff"
   "\xff\xff\xff\xff\xff\xff\xff\xff\xff\xff"
   "\xff\xff\xff\xff\xff\xff\xff\xff\xff\xff"
   "\xff\xff\xff\xff\xff\xff\xff\xff\xff\xff"
   "\xff\xff\xff\xff\xff\xff\xff\xff\xff\xff"
   "\xff\xff\xff\xff\xff\xff\xff\xff\xff\xff"
   "\xff\xff\xff\xff\xff\xff\xff\xff\xff\xff"
   "\xff\xff\x9e\xf7\xaf\x8b\x00\x18\xa6\x40"
   "\x46\x10\x26\xb9\x86\xf9\x47\xe9\x46\xe1"
   "\x46\xe1\x46\xe1\x46\xe1\x46\xe1\x46\xe1"
   "\x46\xe1\x46\xe1\x46\xe1\x46\xe1\x46\xe1"
   "\x46\xe1\x46\xe1\x46\xe1\x46\xe1\x46\xe1"
   "\x46\xe1\x46\xe1\x46\xe1\x46\xe1\x46\xe1"
   "\x46\xe1\x46\xe1\x46\xe1\x46\xe1\x46\xe1"
   "\x46\xe1\x46\xe1\x46\xe1\x46\xe1\x46\xe1"
   "\x46\xe1\x46\xe1\x46\xe1\x46\xe1\x46\xe1"
   "\x66\xf9\x46\xd9\x86\x68\x67\x30\x86\x40"
   "\x86\x40\x26\x38\x00\x00\x36\xb5\xdf\xff"
   "\xff\xff\xff\xff\xff\xff\xff\xff\xff\xff"
   "\xff\xff\xff\xff\xff\xff\xff\xff\xff\xff"
   "\xff\xff\xff\xff\xff\xff\xff\xff\xff\xff"
   "\xff\xff\xff\xff\xff\xff\xff\xff\xff\xff"
   "\xff\xff\xff\xff\xff\xff\xff\xff\xff\xff"
   "\xff\xff\xff\xff\xff\xff\xff\xff\xff\xff"
   "\xff\xff\xff\xff\xff\xff\xff\xff\xff\xff"
   "\xff\xff\xff\xff\xff\xff\xff\xff\xff\xff"
   "\xff\xff\xff\xff\xff\xff\xff\xff\xff\xff"
   "\xff\xff\xff\xff\xff\xff\xff\xff\xff\xff"
   "\xff\xff\xff\xff\xff\xff\xff\xff\xff\xff"
   "\xff\xff\xff\xff\xff\xff\xff\xff\xff\xff"
   "\xff\xff\xff\xff\xff\xff\xff\xff\xff\xff"
   "\xff\xff\xff\xff\xff\xff\xff\xff\xff\xff"
   "\xff\xff\xff\xff\xff\xff\xff\xff\xff\xff"
   "\xff\xff\xff\xff\xff\xff\xff\xff\xff\xff"
   "\xff\xff\xff\xff\xff\xff\xff\xff\xff\xff"
   "\xff\xff\xff\xff\xff\xff\xff\xff\xff\xff"
   "\xff\xff\xff\xff\xff\xff\xff\xff\xff\xff"
   "\xff\xff\xff\xff\xff\xff\xff\xff\xff\xff"
   "\xff\xff\xff\xff\xff\xff\xff\xff\xff\xff"
   "\xff\xff\xff\xff\x9a\xd6\x00\x20\x66\x38"
   "\x86\x40\x46\x28\x46\xe1\x46\xe1\x46\xe1"
   "\x46\xe1\x46\xe1\x46\xe1\x46\xe1\x46\xe1"
   "\x46\xe1\x46\xe1\x46\xe1\x46\xe1\x46\xe1"
   "\x46\xe1\x46\xe1\x46\xe1\x46\xe1\x46\xe1"
   "\x46\xe1\x46\xe1\x46\xe1\x46\xe1\x46\xe1"
   "\x46\xe1\x46\xe1\x46\xe1\x46\xe1\x46\xe1"
   "\x46\xe1\x46\xe1\x46\xe1\x46\xe1\x66\xe1"
   "\x46\xe1\x46\xe1\x46\xe1\x47\xe9\x66\xe9"
   "\xe6\xb0\x46\x18\x86\x40\x66\x40\x66\x40"
   "\x03\x28\x4b\x5a\xbe\xf7\xff\xff\xff\xff"
   "\xff\xff\xff\xff\xff\xff\xff\xff\xff\xff"
   "\xff\xff\xff\xff\xff\xff\xff\xff\xff\xff"
   "\xff\xff\xff\xff\xff\xff\xff\xff\xff\xff"
   "\xff\xff\xff\xff\xff\xff\xff\xff\xff\xff"
   "\xff\xff\xff\xff\xff\xff\xff\xff\xff\xff"
   "\xff\xff\xff\xff\xff\xff\xff\xff\xff\xff"
   "\xff\xff\xff\xff\xff\xff\xff\xff\xff\xff"
   "\xff\xff\xff\xff\xff\xff\xff\xff\xff\xff"
   "\xff\xff\xff\xff\xff\xff\xff\xff\xff\xff"
   "\xff\xff\xff\xff\xff\xff\xff\xff\xff\xff"
   "\xff\xff\xff\xff\xff\xff\xff\xff\xff\xff"
   "\xff\xff\xff\xff\xff\xff\xff\xff\xff\xff"
   "\xff\xff\xff\xff\xff\xff\xff\xff\xff\xff"
   "\xff\xff\xff\xff\xff\xff\xff\xff\xff\xff"
   "\xff\xff\xff\xff\xff\xff\xff\xff\xff\xff"
   "\xff\xff\xff\xff\xff\xff\xff\xff\xff\xff"
   "\xff\xff\xff\xff\xff\xff\xff\xff\xff\xff"
   "\xff\xff\xff\xff\xff\xff\xff\xff\xff\xff"
   "\xff\xff\xff\xff\xff\xff\xff\xff\xff\xff"
   "\xff\xff\xff\xff\xff\xff\xff\xff\xff\xff"
   "\xff\xff\xff\xff\xff\xff\xff\xff\xff\xff"
   "\xff\xff\xff\xff\xff\xff\x34\xa5\x02\x20"
   "\x66\x38\x66\x38\xc6\x80\x66\xf1\x46\xe1"
   "\x46\xe1\x46\xe1\x46\xe1\x46\xe1\x46\xe1"
   "\x46\xe1\x46\xe1\x46\xe1\x46\xe1\x46\xe1"
   "\x46\xe1\x46\xe1\x46\xe1\x46\xe1\x46\xe1"
   "\x46\xe1\x46\xe1\x46\xe1\x46\xe1\x46\xe1"
   "\x46\xe1\x46\xe1\x46\xe1\x46\xe1\x46\xe1"
   "\x46\xe1\x46\xe1\x46\xe9\x47\xe1\x46\xe1"
   "\x66\xe9\x47\xe9\x46\xe1\x46\xd9\xc7\x70"
   "\x46\x00\xa7\x48\x66\x40\x05\x30\xc8\x49"
   "\x14\xa5\xbe\xf7\xff\xff\xff\xff\xff\xff"
   "\xff\xff\xff\xff\xff\xff\xff\xff\xff\xff"
   "\xff\xff\xff\xff\xff\xff\xff\xff\xff\xff"
   "\xff\xff\xff\xff\xff\xff\xff\xff\xff\xff"
   "\xff\xff\xff\xff\xff\xff\xff\xff\xff\xff"
   "\xff\xff\xff\xff\xff\xff\xff\xff\xff\xff"
   "\xff\xff\xff\xff\xff\xff\xff\xff\xff\xff"
   "\xff\xff\xff\xff\xff\xff\xff\xff\xff\xff"
   "\xff\xff\xff\xff\xff\xff\xff\xff\xff\xff"
   "\xff\xff\xff\xff\xff\xff\xff\xff\xff\xff"
   "\xff\xff\xff\xff\xff\xff\xff\xff\xff\xff"
   "\xff\xff\xff\xff\xff\xff\xff\xff\xff\xff"
   "\xff\xff\xff\xff\xff\xff\xff\xff\xff\xff"
   "\xff\xff\xff\xff\xff\xff\xff\xff\xff\xff"
   "\xff\xff\xff\xff\xff\xff\xff\xff\xff\xff"
   "\xff\xff\xff\xff\xff\xff\xff\xff\xff\xff"
   "\xff\xff\xff\xff\xff\xff\xff\xff\xff\xff"
   "\xff\xff\xff\xff\xff\xff\xff\xff\xff\xff"
   "\xff\xff\xff\xff\xff\xff\xff\xff\xff\xff"
   "\xff\xff\xff\xff\xff\xff\xff\xff\xff\xff"
   "\xff\xff\xff\xff\xff\xff\xff\xff\xff\xff"
   "\xff\xff\xff\xff\xff\xff\xff\xff\xff\xff"
   "\xff\xff\xff\xff\xff\xff\xfc\xe6\x4a\x5a"
   "\x05\x38\x86\x40\x66\x38\x06\xc1\x66\xf1"
   "\x46\xe1\x46\xe1\x46\xe1\x46\xe1\x46\xe1"
   "\x46\xe1\x46\xe1\x46\xe1\x46\xe1\x46\xe1"
   "\x46\xe1\x46\xe1\x46\xe1\x46\xe1\x46\xe1"
   "\x46\xe1\x46\xe1\x46\xe1\x46\xe1\x46\xe1"
   "\x46\xe1\x46\xe1\x46\xe1\x46\xe1\x46\xe1"
   "\x46\xe1\x46\xe1\x46\xe1\x46\xe1\x46\xe1"
   "\x66\xe9\x26\xd9\x27\xb9\x46\x00\x86\x20"
   "\xa6\x40\x04\x28\x00\x00\xb2\x9c\x7a\xd6"
   "\xff\xff\xff\xff\xff\xff\xff\xff\xff\xff"
   "\xff\xff\xff\xff\xff\xff\xff\xff\xff\xff"
   "\xff\xff\xff\xff\xff\xff\xff\xff\xff\xff"
   "\xff\xff\xff\xff\xff\xff\xff\xff\xff\xff"
   "\xff\xff\xff\xff\xff\xff\xff\xff\xff\xff"
   "\xff\xff\xff\xff\xff\xff\xff\xff\xff\xff"
   "\xff\xff\xff\xff\xff\xff\xff\xff\xff\xff"
   "\xff\xff\xff\xff\xff\xff\xff\xff\xff\xff"
   "\xff\xff\xff\xff\xff\xff\xff\xff\xff\xff"
   "\xff\xff\xff\xff\xff\xff\xff\xff\xff\xff"
   "\xff\xff\xff\xff\xff\xff\xff\xff\xff\xff"
   "\xff\xff\xff\xff\xff\xff\xff\xff\xff\xff"
   "\xff\xff\xff\xff\xff\xff\xff\xff\xff\xff"
   "\xff\xff\xff\xff\xff\xff\xff\xff\xff\xff"
   "\xff\xff\xff\xff\xff\xff\xff\xff\xff\xff"
   "\xff\xff\xff\xff\xff\xff\xff\xff\xff\xff"
   "\xff\xff\xff\xff\xff\xff\xff\xff\xff\xff"
   "\xff\xff\xff\xff\xff\xff\xff\xff\xff\xff"
   "\xff\xff\xff\xff\xff\xff\xff\xff\xff\xff"
   "\xff\xff\xff\xff\xff\xff\xff\xff\xff\xff"
   "\xff\xff\xff\xff\xff\xff\xff\xff\xff\xff"
   "\xff\xff\xff\xff\xff\xff\xff\xff\xff\xff"
   "\xff\xff\xff\xff\xff\xff\xff\xff\x39\xce"
   "\x25\x39\x66\x40\x66\x30\xa6\x70\x46\xe1"
   "\x46\xe1\x26\xe1\x66\xe9\x47\xe9\x46\xe1"
   "\x46\xe1\x46\xe1\x46\xe1\x46\xe1\x46\xe1"
   "\x46\xe1\x46\xe1\x46\xe1\x46\xe1\x46\xe1"
   "\x46\xe1\x46\xe1\x46\xe1\x46\xe1\x46\xe1"
   "\x46\xe1\x46\xe1\x46\xe1\x46\xe1\x46\xe1"
   "\x45\xe1\x46\xe1\x47\xe1\x46\xe9\x67\xf1"
   "\x27\xc1\xa6\x60\x66\x00\x66\x38\x86\x40"
   "\x00\x00\x8c\x62\x38\xc6\xdf\xff\xff\xff"
   "\xff\xff\xff\xff\xff\xff\xff\xff\xff\xff"
   "\xff\xff\xff\xff\xff\xff\xff\xff\xff\xff"
   "\xff\xff\xff\xff\xff\xff\xff\xff\xff\xff"
   "\xff\xff\xff\xff\xff\xff\xff\xff\xff\xff"
   "\xff\xff\xff\xff\xff\xff\xff\xff\xff\xff"
   "\xff\xff\xff\xff\xff\xff\xff\xff\xff\xff"
   "\xff\xff\xff\xff\xff\xff\xff\xff\xff\xff"
   "\xff\xff\xff\xff\xff\xff\xff\xff\xff\xff"
   "\xff\xff\xff\xff\xff\xff\xff\xff\xff\xff"
   "\xff\xff\xff\xff\xff\xff\xff\xff\xff\xff"
   "\xff\xff\xff\xff\xff\xff\xff\xff\xff\xff"
   "\xff\xff\xff\xff\xff\xff\xff\xff\xff\xff"
   "\xff\xff\xff\xff\xff\xff\xff\xff\xff\xff"
   "\xff\xff\xff\xff\xff\xff\xff\xff\xff\xff"
   "\xff\xff\xff\xff\xff\xff\xff\xff\xff\xff"
   "\xff\xff\xff\xff\xff\xff\xff\xff\xff\xff"
   "\xff\xff\xff\xff\xff\xff\xff\xff\xff\xff"
   "\xff\xff\xff\xff\xff\xff\xff\xff\xff\xff"
   "\xff\xff\xff\xff\xff\xff\xff\xff\xff\xff"
   "\xff\xff\xff\xff\xff\xff\xff\xff\xff\xff"
   "\xff\xff\xff\xff\xff\xff\xff\xff\xff\xff"
   "\xff\xff\xff\xff\xff\xff\xff\xff\xff\xff"
   "\xff\xff\xff\xff\xff\xff\xff\xff\xff\xff"
   "\xac\x6a\x05\x38\x87\x40\x66\x08\x07\xb9"
   "\x66\xf1\x46\xe9\x46\xd9\x45\xe1\x46\xe1"
   "\x46\xe1\x46\xe1\x46\xe1\x46\xe1\x46\xe1"
   "\x46\xe1\x46\xe1\x46\xe1\x46\xe1\x46\xe1"
   "\x46\xe1\x46\xe1\x46\xe1\x46\xe1\x46\xe1"
   "\x46\xe1\x46\xe1\x46\xe1\x66\xe1\x46\xe1"
   "\x47\xe9\x67\xe1\x66\xf1\x47\xd9\xc6\x88"
   "\x66\x38\x66\x30\x66\x40\x04\x38\x00\x00"
   "\xf4\xa4\x3d\xe7\xff\xff\xff\xff\xff\xff"
   "\xff\xff\xff\xff\xff\xff\xff\xff\xff\xff"
   "\xff\xff\xff\xff\xff\xff\xff\xff\xff\xff"
   "\xff\xff\xff\xff\xff\xff\xff\xff\xff\xff"
   "\xff\xff\xff\xff\xff\xff\xff\xff\xff\xff"
   "\xff\xff\xff\xff\xff\xff\xff\xff\xff\xff"
   "\xff\xff\xff\xff\xff\xff\xff\xff\xff\xff"
   "\xff\xff\xff\xff\xff\xff\xff\xff\xff\xff"
   "\xff\xff\xff\xff\xff\xff\xff\xff\xff\xff"
   "\xff\xff\xff\xff\xff\xff\xff\xff\xff\xff"
   "\xff\xff\xff\xff\xff\xff\xff\xff\xff\xff"
   "\xff\xff\xff\xff\xff\xff\xff\xff\xff\xff"
   "\xff\xff\xff\xff\xff\xff\xff\xff\xff\xff"
   "\xff\xff\xff\xff\xff\xff\xff\xff\xff\xff"
   "\xff\xff\xff\xff\xff\xff\xff\xff\xff\xff"
   "\xff\xff\xff\xff\xff\xff\xff\xff\xff\xff"
   "\xff\xff\xff\xff\xff\xff\xff\xff\xff\xff"
   "\xff\xff\xff\xff\xff\xff\xff\xff\xff\xff"
   "\xff\xff\xff\xff\xff\xff\xff\xff\xff\xff"
   "\xff\xff\xff\xff\xff\xff\xff\xff\xff\xff"
   "\xff\xff\xff\xff\xff\xff\xff\xff\xff\xff"
   "\xff\xff\xff\xff\xff\xff\xff\xff\xff\xff"
   "\xff\xff\xff\xff\xff\xff\xff\xff\xff\xff"
   "\xff\xff\xff\xff\xff\xff\xff\xff\xff\xff"
   "\xff\xff\x00\x00\x86\x40\x66\x38\x67\x00"
   "\x46\xe9\x46\xe1\x46\xe9\x47\xe9\x46\xe1"
   "\x46\xe1\x46\xe1\x46\xe1\x46\xe1\x46\xe1"
   "\x46\xe1\x46\xe1\x46\xe1\x46\xe1\x46\xe1"
   "\x46\xe1\x46\xe1\x46\xe1\x46\xe1\x46\xe1"
   "\x46\xe1\x46\xe1\x46\xe1\x47\xe9\x66\xe9"
   "\x66\xe1\x86\xf1\x06\xb9\x65\x20\x66\x38"
   "\x86\x40\xa7\x40\x02\x28\x27\x41\x59\xce"
   "\xff\xff\xff\xff\xff\xff\xff\xff\xff\xff"
   "\xff\xff\xff\xff\xff\xff\xff\xff\xff\xff"
   "\xff\xff\xff\xff\xff\xff\xff\xff\xff\xff"
   "\xff\xff\xff\xff\xff\xff\xff\xff\xff\xff"
   "\xff\xff\xff\xff\xff\xff\xff\xff\xff\xff"
   "\xff\xff\xff\xff\xff\xff\xff\xff\xff\xff"
   "\xff\xff\xff\xff\xff\xff\xff\xff\xff\xff"
   "\xff\xff\xff\xff\xff\xff\xff\xff\xff\xff"
   "\xff\xff\xff\xff\xff\xff\xff\xff\xff\xff"
   "\xff\xff\xff\xff\xff\xff\xff\xff\xff\xff"
   "\xff\xff\xff\xff\xff\xff\xff\xff\xff\xff"
   "\xff\xff\xff\xff\xff\xff\xff\xff\xff\xff"
   "\xff\xff\xff\xff\xff\xff\xff\xff\xff\xff"
   "\xff\xff\xff\xff\xff\xff\xff\xff\xff\xff"
   "\xff\xff\xff\xff\xff\xff\xff\xff\xff\xff"
   "\xff\xff\xff\xff\xff\xff\xff\xff\xff\xff"
   "\xff\xff\xff\xff\xff\xff\xff\xff\xff\xff"
   "\xff\xff\xff\xff\xff\xff\xff\xff\xff\xff"
   "\xff\xff\xff\xff\xff\xff\xff\xff\xff\xff"
   "\xff\xff\xff\xff\xff\xff\xff\xff\xff\xff"
   "\xff\xff\xff\xff\xff\xff\xff\xff\xff\xff"
   "\xff\xff\xff\xff\xff\xff\xff\xff\xff\xff"
   "\xff\xff\xff\xff\xff\xff\xff\xff\xff\xff"
   "\xff\xff\xff\xff\xff\xff\xff\xff\xff\xff"
   "\xff\xff\x96\xbd\x00\x00\x87\x40\x46\x20"
   "\xc7\x80\x65\xf1\x47\xe1\x66\xe1\x46\xe1"
   "\x46\xe1\x46\xe1\x46\xe1\x46\xe1\x46\xe1"
   "\x46\xe1\x46\xe1\x46\xe1\x46\xe1\x46\xe1"
   "\x46\xe1\x46\xe1\x46\xe1\x46\xe1\x46\xe1"
   "\x46\xe1\x46\xe1\x47\xe9\x66\xe1\x46\xf1"
   "\x47\xe9\x86\x58\x46\x10\x86\x40\x86\x40"
   "\x26\x38\x24\x31\xf1\x8b\xff\xff\xff\xff"
   "\xff\xff\xff\xff\xff\xff\xff\xff\xff\xff"
   "\xff\xff\xff\xff\xff\xff\xff\xff\xff\xff"
   "\xff\xff\xff\xff\xff\xff\xff\xff\xff\xff"
   "\xff\xff\xff\xff\xff\xff\xff\xff\xff\xff"
   "\xff\xff\xff\xff\xff\xff\xff\xff\xff\xff"
   "\xff\xff\xff\xff\xff\xff\xff\xff\xff\xff"
   "\xff\xff\xff\xff\xff\xff\xff\xff\xff\xff"
   "\xff\xff\xff\xff\xff\xff\xff\xff\xff\xff"
   "\xff\xff\xff\xff\xff\xff\xff\xff\xff\xff"
   "\xff\xff\xff\xff\xff\xff\xff\xff\xff\xff"
   "\xff\xff\xff\xff\xff\xff\xff\xff\xff\xff"
   "\xff\xff\xff\xff\xff\xff\xff\xff\xff\xff"
   "\xff\xff\xff\xff\xff\xff\xff\xff\xff\xff"
   "\xff\xff\xff\xff\xff\xff\xff\xff\xff\xff"
   "\xff\xff\xff\xff\xff\xff\xff\xff\xff\xff"
   "\xff\xff\xff\xff\xff\xff\xff\xff\xff\xff"
   "\xff\xff\xff\xff\xff\xff\xff\xff\xff\xff"
   "\xff\xff\xff\xff\xff\xff\xff\xff\xff\xff"
   "\xff\xff\xff\xff\xff\xff\xff\xff\xff\xff"
   "\xff\xff\xff\xff\xff\xff\xff\xff\xff\xff"
   "\xff\xff\xff\xff\xff\xff\xff\xff\xff\xff"
   "\xff\xff\xff\xff\xff\xff\xff\xff\xff\xff"
   "\xff\xff\xff\xff\xff\xff\xff\xff\xff\xff"
   "\xff\xff\xff\xff\xff\xff\xff\xff\xff\xff"
   "\xff\xff\xff\xff\xcc\x6a\x01\x20\x86\x48"
   "\x45\x00\x27\xc1\x46\xf1\x46\xe1\x46\xe1"
   "\x46\xe1\x46\xe1\x46\xe1\x46\xe1\x46\xe1"
   "\x46\xe1\x46\xe1\x46\xe1\x46\xe1\x46\xe1"
   "\x46\xe1\x46\xe1\x46\xe1\x46\xe1\x46\xe1"
   "\x46\xe1\x46\xe1\x46\xe9\x66\xf1\x06\xa9"
   "\x46\x00\x86\x38\x66\x40\x04\x30\xe9\x51"
   "\x0c\x63\x9a\xde\xff\xff\xff\xff\xff\xff"
   "\xff\xff\xff\xff\xff\xff\xff\xff\xff\xff"
   "\xff\xff\xff\xff\xff\xff\xff\xff\xff\xff"
   "\xff\xff\xff\xff\xff\xff\xff\xff\xff\xff"
   "\xff\xff\xff\xff\xff\xff\xff\xff\xff\xff"
   "\xff\xff\xff\xff\xff\xff\xff\xff\xff\xff"
   "\xff\xff\xff\xff\xff\xff\xff\xff\xff\xff"
   "\xff\xff\xff\xff\xff\xff\xff\xff\xff\xff"
   "\xff\xff\xff\xff\xff\xff\xff\xff\xff\xff"
   "\xff\xff\xff\xff\xff\xff\xff\xff\xff\xff"
   "\xff\xff\xff\xff\xff\xff\xff\xff\xff\xff"
   "\xff\xff\xff\xff\xff\xff\xff\xff\xff\xff"
   "\xff\xff\xff\xff\xff\xff\xff\xff\xff\xff"
   "\xff\xff\xff\xff\xff\xff\xff\xff\xff\xff"
   "\xff\xff\xff\xff\xff\xff\xff\xff\xff\xff"
   "\xff\xff\xff\xff\xff\xff\xff\xff\xff\xff"
   "\xff\xff\xff\xff\xff\xff\xff\xff\xff\xff"
   "\xff\xff\xff\xff\xff\xff\xff\xff\xff\xff"
   "\xff\xff\xff\xff\xff\xff\xff\xff\xff\xff"
   "\xff\xff\xff\xff\xff\xff\xff\xff\xff\xff"
   "\xff\xff\xff\xff\xff\xff\xff\xff\xff\xff"
   "\xff\xff\xff\xff\xff\xff\xff\xff\xff\xff"
   "\xff\xff\xff\xff\xff\xff\xff\xff\xff\xff"
   "\xff\xff\xff\xff\xff\xff\xff\xff\xff\xff"
   "\xff\xff\xff\xff\xff\xff\xff\xff\xff\xff"
   "\xff\xff\xff\xff\x1c\xe7\x67\x41\x05\x38"
   "\x66\x40\x46\x10\x46\xe1\x47\xe1\x46\xe1"
   "\x47\xe1\x67\xe9\x46\xe1\x46\xe1\x46\xe1"
   "\x46\xe1\x46\xe1\x46\xe1\x46\xe1\x46\xe1"
   "\x46\xe1\x46\xe1\x46\xe1\x46\xe9\x46\xe1"
   "\x47\xe9\x66\xe9\x27\xc9\xa6\x78\x66\x00"
   "\x86\x40\x46\x40\x01\x20\xc9\x51\x18\xc6"
   "\xff\xff\xff\xff\xff\xff\xff\xff\xff\xff"
   "\xff\xff\xff\xff\xff\xff\xff\xff\xff\xff"
   "\xff\xff\xff\xff\xff\xff\xff\xff\xff\xff"
   "\xff\xff\xff\xff\xff\xff\xff\xff\xff\xff"
   "\xff\xff\xff\xff\xff\xff\xff\xff\xff\xff"
   "\xff\xff\xff\xff\xff\xff\xff\xff\xff\xff"
   "\xff\xff\xff\xff\xff\xff\xff\xff\xff\xff"
   "\xff\xff\xff\xff\xff\xff\xff\xff\xff\xff"
   "\xff\xff\xff\xff\xff\xff\xff\xff\xff\xff"
   "\xff\xff\xff\xff\xff\xff\xff\xff\xff\xff"
   "\xff\xff\xff\xff\xff\xff\xff\xff\xff\xff"
   "\xff\xff\xff\xff\xff\xff\xff\xff\xff\xff"
   "\xff\xff\xff\xff\xff\xff\xff\xff\xff\xff"
   "\xff\xff\xff\xff\xff\xff\xff\xff\xff\xff"
   "\xff\xff\xff\xff\xff\xff\xff\xff\xff\xff"
   "\xff\xff\xff\xff\xff\xff\xff\xff\xff\xff"
   "\xff\xff\xff\xff\xff\xff\xff\xff\xff\xff"
   "\xff\xff\xff\xff\xff\xff\xff\xff\xff\xff"
   "\xff\xff\xff\xff\xff\xff\xff\xff\xff\xff"
   "\xff\xff\xff\xff\xff\xff\xff\xff\xff\xff"
   "\xff\xff\xff\xff\xff\xff\xff\xff\xff\xff"
   "\xff\xff\xff\xff\xff\xff\xff\xff\xff\xff"
   "\xff\xff\xff\xff\xff\xff\xff\xff\xff\xff"
   "\xff\xff\xff\xff\xff\xff\xff\xff\xff\xff"
   "\xff\xff\xff\xff\xff\xff\xff\xff\xff\xff"
   "\xff\xff\xff\xff\xdf\xff\x55\xb5\x00\x00"
   "\x87\x40\x66\x28\xa6\x70\x66\xf9\x46\xe1"
   "\x47\xe1\x47\xe1\x46\xe1\x46\xe1\x46\xe1"
   "\x46\xe1\x46\xe1\x46\xe1\x46\xe1\x46\xe1"
   "\x66\xe1\x46\xe9\x46\xe9\x46\xe1\x46\xf9"
   "\x46\xe1\xe6\x98\x66\x38\x86\x28\x66\x38"
   "\xa6\x40\x00\x00\x31\x8c\xfb\xe6\xff\xff"
   "\xff\xff\xff\xff\xff\xff\xff\xff\xff\xff"
   "\xff\xff\xff\xff\xff\xff\xff\xff\xff\xff"
   "\xff\xff\xff\xff\xff\xff\xff\xff\xff\xff"
   "\xff\xff\xff\xff\xff\xff\xff\xff\xff\xff"
   "\xff\xff\xff\xff\xff\xff\xff\xff\xff\xff"
   "\xff\xff\xff\xff\xff\xff\xff\xff\xff\xff"
   "\xff\xff\xff\xff\xff\xff\xff\xff\xff\xff"
   "\xff\xff\xff\xff\xff\xff\xff\xff\xff\xff"
   "\xff\xff\xff\xff\xff\xff\xff\xff\xff\xff"
   "\xff\xff\xff\xff\xff\xff\xff\xff\xff\xff"
   "\xff\xff\xff\xff\xff\xff\xff\xff\xff\xff"
   "\xbe\xf7\xff\xff\xff\xff\xff\xff\xff\xff"
   "\xff\xff\xff\xff\xff\xff\xff\xff\xff\xff"
   "\xff\xff\xff\xff\xff\xff\xff\xff\xff\xff"
   "\xff\xff\xff\xff\xff\xff\xff\xff\xff\xff"
   "\xff\xff\xff\xff\xff\xff\xff\xff\xff\xff"
   "\xff\xff\xff\xff\xff\xff\xff\xff\xff\xff"
   "\xff\xff\xff\xff\xff\xff\xff\xff\xff\xff"
   "\xff\xff\xff\xff\xff\xff\xff\xff\xff\xff"
   "\xff\xff\xff\xff\xff\xff\xff\xff\xff\xff"
   "\xff\xff\xff\xff\xff\xff\xff\xff\xff\xff"
   "\xff\xff\xff\xff\xff\xff\xff\xff\xff\xff"
   "\xff\xff\xff\xff\xff\xff\xff\xff\xff\xff"
   "\xff\xff\xff\xff\xff\xff\xff\xff\xff\xff"
   "\xff\xff\xff\xff\xff\xff\xff\xff\xff\xff"
   "\xff\xff\xff\xff\xff\xff\xde\xf7\xb2\x94"
   "\x02\x28\x86\x40\x47\x28\x06\xb1\x46\xf1"
   "\x47\xe1\x46\xe1\x46\xe1\x46\xe1\x46\xe1"
   "\x46\xe1\x46\xe1\x46\xe1\x46\xe1\x46\xe1"
   "\x46\xe9\x46\xe1\x46\xe9\x46\xf1\x26\xa9"
   "\x86\x68\x87\x20\x66\x38\xa6\x40\x00\x18"
   "\x00\x00\xbb\xde\x9e\xf7\xff\xff\xff\xff"
   "\xff\xff\xff\xff\xff\xff\xff\xff\xff\xff"
   "\xff\xff\xff\xff\xff\xff\xff\xff\xff\xff"
   "\xff\xff\xff\xff\xff\xff\xff\xff\xff\xff"
   "\xff\xff\xff\xff\xff\xff\xff\xff\xff\xff"
   "\xff\xff\xff\xff\xff\xff\xff\xff\xff\xff"
   "\xff\xff\xff\xff\xff\xff\xff\xff\xff\xff"
   "\xff\xff\xff\xff\xff\xff\xff\xff\xff\xff"
   "\xff\xff\xff\xff\xff\xff\xff\xff\xff\xff"
   "\xff\xff\xff\xff\xff\xff\xff\xff\xff\xff"
   "\xff\xff\xff\xff\xff\xff\xff\xff\xff\xff"
   "\xff\xff\xff\xff\xff\xff\xff\xff\xbe\xf7"
   "\x5d\xef\xff\xff\xff\xff\xff\xff\xff\xff"
   "\xff\xff\xff\xff\xff\xff\xff\xff\xff\xff"
   "\xff\xff\xff\xff\xff\xff\xff\xff\xff\xff"
   "\xff\xff\xff\xff\xff\xff\xff\xff\xff\xff"
   "\xff\xff\xff\xff\xff\xff\xff\xff\xff\xff"
   "\xff\xff\xff\xff\xff\xff\xff\xff\xff\xff"
   "\xff\xff\xff\xff\xff\xff\xff\xff\xff\xff"
   "\xff\xff\xff\xff\xff\xff\xff\xff\xff\xff"
   "\xff\xff\xff\xff\xff\xff\xff\xff\xff\xff"
   "\xff\xff\xff\xff\xff\xff\xff\xff\xff\xff"
   "\xff\xff\xff\xff\xff\xff\xff\xff\xff\xff"
   "\xff\xff\xff\xff\xff\xff\xff\xff\xff\xff"
   "\xff\xff\xff\xff\xff\xff\xff\xff\xff\xff"
   "\xff\xff\xff\xff\xff\xff\xff\xff\xff\xff"
   "\xff\xff\xff\xff\xff\xff\xff\xff\xd7\xbd"
   "\x65\x38\x66\x38\xa7\x48\xa6\x68\x47\xe9"
   "\x67\xe1\x47\xe9\x46\xe1\x46\xe1\x46\xe1"
   "\x46\xe1\x46\xe1\x66\xe1\x66\xe1\x47\xe9"
   "\x66\xe1\x67\xf1\x47\xe1\xc6\x78\x66\x38"
   "\x67\x40\x86\x40\x66\x38\x00\x00\x72\x9c"
   "\xbe\xf7\xff\xff\xff\xff\xff\xff\xff\xff"
   "\xff\xff\xff\xff\xff\xff\xff\xff\xff\xff"
   "\xff\xff\xff\xff\xff\xff\xff\xff\xff\xff"
   "\xff\xff\xff\xff\xff\xff\xff\xff\xff\xff"
   "\xff\xff\xff\xff\xff\xff\xff\xff\xff\xff"
   "\xff\xff\xff\xff\xff\xff\xff\xff\xff\xff"
   "\xff\xff\xff\xff\xff\xff\xff\xff\xff\xff"
   "\xff\xff\xff\xff\xff\xff\xff\xff\xff\xff"
   "\xff\xff\xff\xff\xff\xff\xff\xff\xff\xff"
   "\xff\xff\xff\xff\xff\xff\xff\xff\xff\xff"
   "\xff\xff\xff\xff\xff\xff\xff\xff\xff\xff"
   "\xff\xff\xff\xff\xff\xff\xff\xff\x5d\xef"
   "\xba\xd6\xff\xff\xff\xff\xff\xff\xff\xff"
   "\xff\xff\xff\xff\xff\xff\xff\xff\xff\xff"
   "\xff\xff\xff\xff\xff\xff\xff\xff\xff\xff"
   "\xff\xff\xff\xff\xff\xff\xff\xff\xff\xff"
   "\xff\xff\xff\xff\xff\xff\xff\xff\xff\xff"
   "\xff\xff\xff\xff\xff\xff\xff\xff\xff\xff"
   "\xff\xff\xff\xff\xff\xff\xff\xff\xff\xff"
   "\xff\xff\xff\xff\xff\xff\xff\xff\xff\xff"
   "\xff\xff\xff\xff\xff\xff\xff\xff\xff\xff"
   "\xff\xff\xff\xff\xff\xff\xff\xff\xff\xff"
   "\xff\xff\xff\xff\xff\xff\xff\xff\xff\xff"
   "\xff\xff\xff\xff\xff\xff\xff\xff\xff\xff"
   "\xff\xff\xff\xff\xff\xff\xff\xff\xff\xff"
   "\xff\xff\xff\xff\xff\xff\xff\xff\xff\xff"
   "\xff\xff\xff\xff\xff\xff\xff\xff\xff\xff"
   "\x31\x8c\x46\x40\x25\x30\x66\x20\xe6\x98"
   "\x66\xf1\x46\xe1\x46\xe1\x46\xe1\x46\xe1"
   "\x46\xe1\x46\xe1\x46\xe9\x47\xe9\x46\xe1"
   "\x66\xf1\x07\xb9\x66\x28\x86\x38\x46\x38"
   "\x87\x40\x24\x30\xa8\x49\x5a\xd6\xff\xff"
   "\xff\xff\xff\xff\xff\xff\xff\xff\xff\xff"
   "\xff\xff\xff\xff\xff\xff\xff\xff\xff\xff"
   "\xff\xff\xff\xff\xff\xff\xff\xff\xff\xff"
   "\xff\xff\xff\xff\xff\xff\xff\xff\xff\xff"
   "\xff\xff\xff\xff\xff\xff\xff\xff\xff\xff"
   "\xff\xff\xff\xff\xff\xff\xff\xff\xff\xff"
   "\xff\xff\xff\xff\xff\xff\xff\xff\xff\xff"
   "\xff\xff\xff\xff\xff\xff\xff\xff\xff\xff"
   "\xff\xff\xff\xff\xff\xff\xff\xff\xff\xff"
   "\xff\xff\xff\xff\xff\xff\xff\xff\xff\xff"
   "\xff\xff\xff\xff\xff\xff\xff\xff\xff\xff"
   "\xff\xff\xff\xff\xff\xff\xff\xff\xba\xd6"
   "\xd6\xb5\xff\xff\xff\xff\xff\xff\xff\xff"
   "\xff\xff\xff\xff\xff\xff\xff\xff\xff\xff"
   "\xff\xff\xff\xff\xff\xff\xff\xff\xff\xff"
   "\xff\xff\xff\xff\xff\xff\xff\xff\xff\xff"
   "\xff\xff\xff\xff\xff\xff\xff\xff\xff\xff"
   "\xff\xff\xff\xff\xff\xff\xff\xff\xff\xff"
   "\xff\xff\xff\xff\xff\xff\xff\xff\xff\xff"
   "\xff\xff\xff\xff\xff\xff\xff\xff\xff\xff"
   "\xff\xff\xff\xff\xff\xff\xff\xff\xff\xff"
   "\xff\xff\xff\xff\xff\xff\xff\xff\xff\xff"
   "\xff\xff\xff\xff\xff\xff\xff\xff\xff\xff"
   "\xff\xff\xff\xff\xff\xff\xff\xff\xff\xff"
   "\xff\xff\xff\xff\xff\xff\xff\xff\xff\xff"
   "\xff\xff\xff\xff\xff\xff\xff\xff\xff\xff"
   "\xff\xff\xff\xff\xff\xff\xff\xff\xff\xff"
   "\x3d\xef\x08\x42\x87\x40\x87\x38\x87\x48"
   "\x26\xd1\x47\xf1\x46\xe1\x46\xe1\x46\xe1"
   "\x46\xe1\x47\xe9\x46\xe9\x65\xe1\x46\xd9"
   "\xe6\x88\x27\x00\x87\x40\x66\x38\x04\x28"
   "\x88\x41\xb2\x9c\x7d\xf7\xff\xff\xff\xff"
   "\xff\xff\xff\xff\xff\xff\xff\xff\xff\xff"
   "\xff\xff\xff\xff\xff\xff\xff\xff\xff\xff"
   "\xff\xff\xff\xff\xff\xff\xff\xff\xff\xff"
   "\xff\xff\xff\xff\xff\xff\xff\xff\xff\xff"
   "\xff\xff\xff\xff\xff\xff\xff\xff\xff\xff"
   "\xff\xff\xff\xff\xff\xff\xff\xff\xff\xff"
   "\xff\xff\xff\xff\xff\xff\xff\xff\xff\xff"
   "\xff\xff\xff\xff\xff\xff\xff\xff\xff\xff"
   "\xff\xff\xff\xff\xff\xff\xff\xff\xff\xff"
   "\xff\xff\xff\xff\xff\xff\xff\xff\xff\xff"
   "\xff\xff\xff\xff\xff\xff\xff\xff\xff\xff"
   "\xff\xff\xff\xff\xff\xff\xff\xff\xd6\xb5"
   "\x51\x8c\xff\xff\xff\xff\xff\xff\xff\xff"
   "\xff\xff\xff\xff\xff\xff\xff\xff\xff\xff"
   "\xff\xff\xff\xff\xff\xff\xff\xff\xff\xff"
   "\xff\xff\xff\xff\xff\xff\xff\xff\xff\xff"
   "\xff\xff\xff\xff\xff\xff\xff\xff\xff\xff"
   "\xff\xff\xff\xff\xff\xff\xff\xff\xff\xff"
   "\xff\xff\xff\xff\xff\xff\xff\xff\xff\xff"
   "\xff\xff\xff\xff\xff\xff\xff\xff\xff\xff"
   "\xff\xff\xff\xff\xff\xff\xff\xff\xff\xff"
   "\xff\xff\xff\xff\xff\xff\xff\xff\xff\xff"
   "\xff\xff\xff\xff\xff\xff\xff\xff\xff\xff"
   "\xff\xff\xff\xff\xff\xff\xff\xff\xff\xff"
   "\xff\xff\xff\xff\xff\xff\xff\xff\xff\xff"
   "\xff\xff\xff\xff\xff\xff\xff\xff\xff\xff"
   "\xff\xff\xff\xff\xff\xff\xff\xff\xff\xff"
   "\xff\xff\x97\xbd\x00\x00\xa7\x40\x66\x18"
   "\xc6\x80\x66\xe1\x46\xe1\x46\xe1\x46\xe1"
   "\x46\xe1\x66\xe9\x46\xe1\x07\xb9\x66\x00"
   "\x47\x10\xa7\x40\x04\x30\x00\x00\x14\xa5"
   "\x39\xce\xff\xff\xff\xff\xff\xff\xff\xff"
   "\xff\xff\xff\xff\xff\xff\xff\xff\xff\xff"
   "\xff\xff\xff\xff\xff\xff\xff\xff\xff\xff"
   "\xff\xff\xff\xff\xff\xff\xff\xff\xff\xff"
   "\xff\xff\xff\xff\xff\xff\xff\xff\xff\xff"
   "\xff\xff\xff\xff\xff\xff\xff\xff\xff\xff"
   "\xff\xff\xff\xff\xff\xff\xff\xff\xff\xff"
   "\xff\xff\xff\xff\xff\xff\xff\xff\xff\xff"
   "\xff\xff\xff\xff\xff\xff\xff\xff\xff\xff"
   "\xff\xff\xff\xff\xff\xff\xff\xff\xff\xff"
   "\xff\xff\xff\xff\xff\xff\xff\xff\xff\xff"
   "\xff\xff\xff\xff\xff\xff\xff\xff\xff\xff"
   "\xff\xff\xff\xff\xff\xff\xff\xff\x51\x8c"
   "\x00\x00\x7d\xef\xff\xff\xff\xff\xff\xff"
   "\xff\xff\xff\xff\xff\xff\xff\xff\xff\xff"
   "\xff\xff\xff\xff\xff\xff\xff\xff\xff\xff"
   "\xff\xff\xff\xff\xff\xff\xff\xff\xff\xff"
   "\xff\xff\xff\xff\xff\xff\xff\xff\xff\xff"
   "\xff\xff\xff\xff\xff\xff\xff\xff\xff\xff"
   "\xff\xff\xff\xff\xff\xff\xff\xff\xff\xff"
   "\xff\xff\xff\xff\xff\xff\xff\xff\xff\xff"
   "\xff\xff\xff\xff\xff\xff\xff\xff\xff\xff"
   "\xff\xff\xff\xff\xff\xff\xff\xff\xff\xff"
   "\xff\xff\xff\xff\xff\xff\xff\xff\xff\xff"
   "\xff\xff\xff\xff\xff\xff\xff\xff\xff\xff"
   "\xff\xff\xff\xff\xff\xff\xff\xff\xff\xff"
   "\xff\xff\xff\xff\xff\xff\xff\xff\xff\xff"
   "\xff\xff\xff\xff\xff\xff\xff\xff\xff\xff"
   "\xff\xff\xdf\xff\x34\xa5\x00\x10\x66\x40"
   "\x46\x00\x27\xb9\x65\xe1\x47\xe9\x66\xe1"
   "\x66\xf1\x27\xc9\xa6\x70\x87\x00\x66\x40"
   "\x66\x38\x00\x00\x4d\x7b\xb6\xb5\xff\xff"
   "\xff\xff\xff\xff\xff\xff\xff\xff\xff\xff"
   "\xff\xff\xff\xff\xff\xff\xff\xff\xff\xff"
   "\xff\xff\xff\xff\xff\xff\xff\xff\xff\xff"
   "\xff\xff\xff\xff\xff\xff\xff\xff\xff\xff"
   "\xff\xff\xff\xff\xff\xff\xff\xff\xff\xff"
   "\xff\xff\xff\xff\xff\xff\xff\xff\xff\xff"
   "\xff\xff\xff\xff\xff\xff\xff\xff\xff\xff"
   "\xff\xff\xff\xff\xff\xff\xff\xff\xff\xff"
   "\xff\xff\xff\xff\xff\xff\xff\xff\xff\xff"
   "\xff\xff\xff\xff\xff\xff\xff\xff\xff\xff"
   "\xff\xff\xff\xff\xff\xff\xff\xff\xff\xff"
   "\xff\xff\xff\xff\xff\xff\xff\xff\xff\xff"
   "\xff\xff\xff\xff\xff\xff\x7d\xef\x00\x00"
   "\x00\x00\x17\xbe\xff\xff\xff\xff\xff\xff"
   "\xff\xff\xff\xff\xff\xff\xff\xff\xff\xff"
   "\xff\xff\xff\xff\xff\xff\xff\xff\xff\xff"
   "\xff\xff\xff\xff\xff\xff\xff\xff\xff\xff"
   "\xff\xff\xff\xff\xff\xff\xff\xff\xff\xff"
   "\xff\xff\xff\xff\xff\xff\xff\xff\xff\xff"
   "\xff\xff\xff\xff\xff\xff\xff\xff\xff\xff"
   "\xff\xff\xff\xff\xff\xff\xff\xff\xff\xff"
   "\xff\xff\xff\xff\xff\xff\xff\xff\xff\xff"
   "\xff\xff\xff\xff\xff\xff\xff\xff\xff\xff"
   "\xff\xff\xff\xff\xff\xff\xff\xff\xff\xff"
   "\xff\xff\xff\xff\xff\xff\xff\xff\xff\xff"
   "\xff\xff\xff\xff\xff\xff\xff\xff\xff\xff"
   "\xff\xff\xff\xff\xff\xff\xff\xff\xff\xff"
   "\xff\xff\xff\xff\xff\xff\xff\xff\xff\xff"
   "\xff\xff\xff\xff\xbe\xf7\x00\x00\xc7\x40"
   "\x87\x40\x65\x10\x67\xf1\x66\xf1\x67\xe1"
   "\xc6\x90\x67\x40\x65\x30\x86\x38\x26\x40"
   "\x00\x00\x11\x8c\x5c\xef\xff\xff\xff\xff"
   "\xff\xff\xff\xff\xff\xff\xff\xff\xff\xff"
   "\xff\xff\xff\xff\xff\xff\xff\xff\xff\xff"
   "\xff\xff\xff\xff\xff\xff\xff\xff\xff\xff"
   "\xff\xff\xff\xff\xff\xff\xff\xff\xff\xff"
   "\xff\xff\xff\xff\xff\xff\xff\xff\xff\xff"
   "\xff\xff\xff\xff\xff\xff\xff\xff\xff\xff"
   "\xff\xff\xff\xff\xff\xff\xff\xff\xff\xff"
   "\xff\xff\xff\xff\xff\xff\xff\xff\xff\xff"
   "\xff\xff\xff\xff\xff\xff\xff\xff\xff\xff"
   "\xff\xff\xff\xff\xff\xff\xff\xff\xff\xff"
   "\xff\xff\xff\xff\xff\xff\xff\xff\xff\xff"
   "\xff\xff\xff\xff\xff\xff\xff\xff\xff\xff"
   "\xff\xff\xff\xff\xff\xff\x17\xbe\x00\x00"
   "\x00\x00\x8e\x73\xff\xff\xff\xff\xff\xff"
   "\xff\xff\xff\xff\xff\xff\xff\xff\xff\xff"
   "\xff\xff\xff\xff\xff\xff\xff\xff\xff\xff"
   "\xff\xff\xff\xff\xff\xff\xff\xff\xff\xff"
   "\xff\xff\xff\xff\xff\xff\xff\xff\xff\xff"
   "\xff\xff\xff\xff\xff\xff\xff\xff\xff\xff"
   "\xff\xff\xff\xff\xff\xff\xff\xff\xff\xff"
   "\xff\xff\xff\xff\xff\xff\xff\xff\xff\xff"
   "\xff\xff\xff\xff\xff\xff\xff\xff\xff\xff"
   "\xff\xff\xff\xff\xff\xff\xff\xff\xff\xff"
   "\xff\xff\xff\xff\xff\xff\xff\xff\xff\xff"
   "\xff\xff\xff\xff\xff\xff\xff\xff\xff\xff"
   "\xff\xff\xff\xff\xff\xff\xff\xff\xff\xff"
   "\xff\xff\xff\xff\xff\xff\xff\xff\xff\xff"
   "\xff\xff\xff\xff\xff\xff\xff\xff\xff\xff"
   "\xff\xff\xff\xff\xff\xff\xfb\xde\x00\x00"
   "\x86\x38\x87\x30\xa6\x68\x27\xd1\x46\x08"
   "\x86\x40\x86\x40\x87\x40\x04\x30\x00\x18"
   "\x39\xce\xff\xff\xff\xff\xff\xff\xff\xff"
   "\xff\xff\xff\xff\xff\xff\xff\xff\xff\xff"
   "\xff\xff\xff\xff\xff\xff\xff\xff\xff\xff"
   "\xff\xff\xff\xff\xff\xff\xff\xff\xff\xff"
   "\xff\xff\xff\xff\xff\xff\xff\xff\xff\xff"
   "\xff\xff\xff\xff\xff\xff\xff\xff\xff\xff"
   "\xff\xff\xff\xff\xff\xff\xff\xff\xff\xff"
   "\xff\xff\xff\xff\xff\xff\xff\xff\xff\xff"
   "\xff\xff\xff\xff\xff\xff\xff\xff\xff\xff"
   "\xff\xff\xff\xff\xff\xff\xff\xff\xff\xff"
   "\xff\xff\xff\xff\xff\xff\xff\xff\xff\xff"
   "\xff\xff\xff\xff\xff\xff\xff\xff\xff\xff"
   "\xff\xff\xff\xff\xff\xff\xff\xff\xff\xff"
   "\xff\xff\xff\xff\xff\xff\x8e\x73\x00\x00"
   "\x00\x00\x00\x00\x38\xc6\xff\xff\xff\xff"
   "\xff\xff\xff\xff\xff\xff\xff\xff\xff\xff"
   "\xff\xff\xff\xff\xff\xff\xff\xff\xff\xff"
   "\xff\xff\xff\xff\xff\xff\xff\xff\xff\xff"
   "\xff\xff\xff\xff\xff\xff\xff\xff\xff\xff"
   "\xff\xff\xff\xff\xff\xff\xff\xff\xff\xff"
   "\xff\xff\xff\xff\xff\xff\xff\xff\xff\xff"
   "\xff\xff\xff\xff\xff\xff\xff\xff\xff\xff"
   "\xff\xff\xff\xff\xff\xff\xff\xff\xff\xff"
   "\xff\xff\xff\xff\xff\xff\xff\xff\xff\xff"
   "\xff\xff\xff\xff\xff\xff\xff\xff\xff\xff"
   "\xff\xff\xff\xff\xff\xff\xff\xff\xff\xff"
   "\xff\xff\xff\xff\xff\xff\xff\xff\xff\xff"
   "\xff\xff\xff\xff\xff\xff\xff\xff\xff\xff"
   "\xff\xff\xff\xff\xff\xff\xff\xff\xff\xff"
   "\xff\xff\xff\xff\xff\xff\x9e\xef\xcf\x83"
   "\x01\x20\x66\x38\x67\x30\x67\x20\x87\x40"
   "\x66\x40\x06\x38\x45\x29\x4e\x73\x7e\xf7"
   "\xff\xff\xff\xff\xff\xff\xff\xff\xff\xff"
   "\xff\xff\xff\xff\xff\xff\xff\xff\xff\xff"
   "\xff\xff\xff\xff\xff\xff\xff\xff\xff\xff"
   "\xff\xff\xff\xff\xff\xff\xff\xff\xff\xff"
   "\xff\xff\xff\xff\xff\xff\xff\xff\xff\xff"
   "\xff\xff\xff\xff\xff\xff\xff\xff\xff\xff"
   "\xff\xff\xff\xff\xff\xff\xff\xff\xff\xff"
   "\xff\xff\xff\xff\xff\xff\xff\xff\xff\xff"
   "\xff\xff\xff\xff\xff\xff\xff\xff\xff\xff"
   "\xff\xff\xff\xff\xff\xff\xff\xff\xff\xff"
   "\xff\xff\xff\xff\xff\xff\xff\xff\xff\xff"
   "\xff\xff\xff\xff\xff\xff\xff\xff\xff\xff"
   "\xff\xff\xff\xff\xff\xff\xff\xff\xff\xff"
   "\xff\xff\xff\xff\x38\xc6\x00\x00\x00\x00"
   "\x00\x00\x00\x00\x6d\x6b\x7d\xef\xff\xff"
   "\xff\xff\xff\xff\xff\xff\xff\xff\xff\xff"
   "\xff\xff\xff\xff\xff\xff\xff\xff\xff\xff"
   "\xff\xff\xff\xff\xff\xff\xff\xff\xff\xff"
   "\xff\xff\xff\xff\xff\xff\xff\xff\xff\xff"
   "\xff\xff\xff\xff\xff\xff\xff\xff\xff\xff"
   "\xff\xff\xff\xff\xff\xff\xff\xff\xff\xff"
   "\xff\xff\xff\xff\xff\xff\xff\xff\xff\xff"
   "\xff\xff\xff\xff\xff\xff\xff\xff\xff\xff"
   "\xff\xff\xff\xff\xff\xff\xff\xff\xff\xff"
   "\xff\xff\xff\xff\xff\xff\xff\xff\xff\xff"
   "\xff\xff\xff\xff\xff\xff\xff\xff\xff\xff"
   "\xff\xff\xff\xff\xff\xff\xff\xff\xff\xff"
   "\xff\xff\xff\xff\xff\xff\xff\xff\xff\xff"
   "\xff\xff\xff\xff\xff\xff\xff\xff\xff\xff"
   "\xff\xff\xff\xff\xff\xff\xff\xff\xdb\xde"
   "\xa6\x40\x05\x30\x65\x30\xa7\x48\x05\x30"
   "\x04\x30\x29\x52\x3c\xe7\xff\xff\xff\xff"
   "\xff\xff\xff\xff\xff\xff\xff\xff\xff\xff"
   "\xff\xff\xff\xff\xff\xff\xff\xff\xff\xff"
   "\xff\xff\xff\xff\xff\xff\xff\xff\xff\xff"
   "\xff\xff\xff\xff\xff\xff\xff\xff\xff\xff"
   "\xff\xff\xff\xff\xff\xff\xff\xff\xff\xff"
   "\xff\xff\xff\xff\xff\xff\xff\xff\xff\xff"
   "\xff\xff\xff\xff\xff\xff\xff\xff\xff\xff"
   "\xff\xff\xff\xff\xff\xff\xff\xff\xff\xff"
   "\xff\xff\xff\xff\xff\xff\xff\xff\xff\xff"
   "\xff\xff\xff\xff\xff\xff\xff\xff\xff\xff"
   "\xff\xff\xff\xff\xff\xff\xff\xff\xff\xff"
   "\xff\xff\xff\xff\xff\xff\xff\xff\xff\xff"
   "\xff\xff\xff\xff\xff\xff\xff\xff\xff\xff"
   "\xff\xff\x7d\xef\x6d\x6b\x00\x00\x00\x00"
   "\x00\x00\x00\x00\x00\x00\x55\xad\xff\xff"
   "\xff\xff\xff\xff\xff\xff\xff\xff\xff\xff"
   "\xff\xff\xff\xff\xff\xff\xff\xff\xff\xff"
   "\xff\xff\xff\xff\xff\xff\xff\xff\xff\xff"
   "\xff\xff\xff\xff\xff\xff\xff\xff\xff\xff"
   "\xff\xff\xff\xff\xff\xff\xff\xff\xff\xff"
   "\xff\xff\xff\xff\xff\xff\xff\xff\xff\xff"
   "\xff\xff\xff\xff\xff\xff\xff\xff\xff\xff"
   "\xff\xff\xff\xff\xff\xff\xff\xff\xff\xff"
   "\xff\xff\xff\xff\xff\xff\xff\xff\xff\xff"
   "\xff\xff\xff\xff\xff\xff\xff\xff\xff\xff"
   "\xff\xff\xff\xff\xff\xff\xff\xff\xff\xff"
   "\xff\xff\xff\xff\xff\xff\xff\xff\xff\xff"
   "\xff\xff\xff\xff\xff\xff\xff\xff\xff\xff"
   "\xff\xff\xff\xff\xff\xff\xff\xff\xff\xff"
   "\xff\xff\xff\xff\xff\xff\xff\xff\xde\xff"
   "\x55\xad\x46\x38\x05\x38\x02\x20\x08\x41"
   "\x14\xa5\x5d\xef\xff\xff\xff\xff\xff\xff"
   "\xff\xff\xff\xff\xff\xff\xff\xff\xff\xff"
   "\xff\xff\xff\xff\xff\xff\xff\xff\xff\xff"
   "\xff\xff\xff\xff\xff\xff\xff\xff\xff\xff"
   "\xff\xff\xff\xff\xff\xff\xff\xff\xff\xff"
   "\xff\xff\xff\xff\xff\xff\xff\xff\xff\xff"
   "\xff\xff\xff\xff\xff\xff\xff\xff\xff\xff"
   "\xff\xff\xff\xff\xff\xff\xff\xff\xff\xff"
   "\xff\xff\xff\xff\xff\xff\xff\xff\xff\xff"
   "\xff\xff\xff\xff\xff\xff\xff\xff\xff\xff"
   "\xff\xff\xff\xff\xff\xff\xff\xff\xff\xff"
   "\xff\xff\xff\xff\xff\xff\xff\xff\xff\xff"
   "\xff\xff\xff\xff\xff\xff\xff\xff\xff\xff"
   "\xff\xff\xff\xff\xff\xff\xff\xff\xff\xff"
   "\xff\xff\x55\xad\x00\x00\x00\x00\x00\x00"
   "\x00\x00\x00\x00\x00\x00\x00\x00\x38\xc6"
   "\xff\xff\xff\xff\xff\xff\xff\xff\xff\xff"
   "\xff\xff\xff\xff\xff\xff\xff\xff\xff\xff"
   "\xff\xff\xff\xff\xff\xff\xff\xff\xff\xff"
   "\xff\xff\xff\xff\xff\xff\xff\xff\xff\xff"
   "\xff\xff\xff\xff\xff\xff\xff\xff\xff\xff"
   "\xff\xff\xff\xff\xff\xff\xff\xff\xff\xff"
   "\xff\xff\xff\xff\xff\xff\xff\xff\xff\xff"
   "\xff\xff\xff\xff\xff\xff\xff\xff\xff\xff"
   "\xff\xff\xff\xff\xff\xff\xff\xff\xff\xff"
   "\xff\xff\xff\xff\xff\xff\xff\xff\xff\xff"
   "\xff\xff\xff\xff\xff\xff\xff\xff\xff\xff"
   "\xff\xff\xff\xff\xff\xff\xff\xff\xff\xff"
   "\xff\xff\xff\xff\xff\xff\xff\xff\xff\xff"
   "\xff\xff\xff\xff\xff\xff\xff\xff\xff\xff"
   "\xff\xff\xff\xff\xff\xff\xff\xff\xff\xff"
   "\x7d\xef\x71\x94\x00\x20\xf0\x83\xba\xde"
   "\xff\xff\xff\xff\xff\xff\xff\xff\xff\xff"
   "\xff\xff\xff\xff\xff\xff\xff\xff\xff\xff"
   "\xff\xff\xff\xff\xff\xff\xff\xff\xff\xff"
   "\xff\xff\xff\xff\xff\xff\xff\xff\xff\xff"
   "\xff\xff\xff\xff\xff\xff\xff\xff\xff\xff"
   "\xff\xff\xff\xff\xff\xff\xff\xff\xff\xff"
   "\xff\xff\xff\xff\xff\xff\xff\xff\xff\xff"
   "\xff\xff\xff\xff\xff\xff\xff\xff\xff\xff"
   "\xff\xff\xff\xff\xff\xff\xff\xff\xff\xff"
   "\xff\xff\xff\xff\xff\xff\xff\xff\xff\xff"
   "\xff\xff\xff\xff\xff\xff\xff\xff\xff\xff"
   "\xff\xff\xff\xff\xff\xff\xff\xff\xff\xff"
   "\xff\xff\xff\xff\xff\xff\xff\xff\xff\xff"
   "\xff\xff\xff\xff\xff\xff\xff\xff\xff\xff"
   "\x38\xc6\x00\x00\x00\x00\x00\x00\x00\x00"
   "\x00\x00\x00\x00\x00\x00\x00\x00\x8a\x52"
   "\x99\xce\xff\xff\xff\xff\xff\xff\xff\xff"
   "\xff\xff\xff\xff\xff\xff\xff\xff\xff\xff"
   "\xff\xff\xff\xff\xff\xff\xff\xff\xff\xff"
   "\xff\xff\xff\xff\xff\xff\xff\xff\xff\xff"
   "\xff\xff\xff\xff\xff\xff\xff\xff\xff\xff"
   "\xff\xff\xff\xff\xff\xff\xff\xff\xff\xff"
   "\xff\xff\xff\xff\xff\xff\xff\xff\xff\xff"
   "\xff\xff\xff\xff\xff\xff\xff\xff\xff\xff"
   "\xff\xff\xff\xff\xff\xff\xff\xff\xff\xff"
   "\xff\xff\xff\xff\xff\xff\xff\xff\xff\xff"
   "\xff\xff\xff\xff\xff\xff\xff\xff\xff\xff"
   "\xff\xff\xff\xff\xff\xff\xff\xff\xff\xff"
   "\xff\xff\xff\xff\xff\xff\xff\xff\xff\xff"
   "\xff\xff\xff\xff\xff\xff\xff\xff\xff\xff"
   "\xff\xff\xff\xff\xff\xff\xff\xff\xff\xff"
   "\xff\xff\x9e\xf7\x3c\xe7\x9e\xf7\xff\xff"
   "\xff\xff\xff\xff\xff\xff\xff\xff\xff\xff"
   "\xff\xff\xff\xff\xff\xff\xff\xff\xff\xff"
   "\xff\xff\xff\xff\xff\xff\xff\xff\xff\xff"
   "\xff\xff\xff\xff\xff\xff\xff\xff\xff\xff"
   "\xff\xff\xff\xff\xff\xff\xff\xff\xff\xff"
   "\xff\xff\xff\xff\xff\xff\xff\xff\xff\xff"
   "\xff\xff\xff\xff\xff\xff\xff\xff\xff\xff"
   "\xff\xff\xff\xff\xff\xff\xff\xff\xff\xff"
   "\xff\xff\xff\xff\xff\xff\xff\xff\xff\xff"
   "\xff\xff\xff\xff\xff\xff\xff\xff\xff\xff"
   "\xff\xff\xff\xff\xff\xff\xff\xff\xff\xff"
   "\xff\xff\xff\xff\xff\xff\xff\xff\xff\xff"
   "\xff\xff\xff\xff\xff\xff\xff\xff\xff\xff"
   "\xff\xff\xff\xff\xff\xff\xff\xff\x99\xce"
   "\x8a\x52\x00\x00\x00\x00\x00\x00\x00\x00"
   "\x00\x00\x00\x00\x00\x00\x00\x00\x00\x00"
   "\x4d\x6b\x99\xce\xff\xff\xff\xff\xff\xff"
   "\xff\xff\xff\xff\xff\xff\xff\xff\xff\xff"
   "\xff\xff\xff\xff\xff\xff\xff\xff\xff\xff"
   "\xff\xff\xff\xff\xff\xff\xff\xff\xff\xff"
   "\xff\xff\xff\xff\xff\xff\xff\xff\xff\xff"
   "\xff\xff\xff\xff\xff\xff\xff\xff\xff\xff"
   "\xff\xff\xff\xff\xff\xff\xff\xff\xff\xff"
   "\xff\xff\xff\xff\xff\xff\xff\xff\xff\xff"
   "\xff\xff\xff\xff\xff\xff\xff\xff\xff\xff"
   "\xff\xff\xff\xff\xff\xff\xff\xff\xff\xff"
   "\xff\xff\xff\xff\xff\xff\xff\xff\xff\xff"
   "\xff\xff\xff\xff\xff\xff\xff\xff\xff\xff"
   "\xff\xff\xff\xff\xff\xff\xff\xff\xff\xff"
   "\xff\xff\xff\xff\xff\xff\xff\xff\xff\xff"
   "\xff\xff\xff\xff\xff\xff\xff\xff\xff\xff"
   "\xff\xff\xff\xff\xff\xff\xff\xff\xff\xff"
   "\xff\xff\xff\xff\xff\xff\xff\xff\xff\xff"
   "\xff\xff\xff\xff\xff\xff\xff\xff\xff\xff"
   "\xff\xff\xff\xff\xff\xff\xff\xff\xff\xff"
   "\xff\xff\xff\xff\xff\xff\xff\xff\xff\xff"
   "\xff\xff\xff\xff\xff\xff\xff\xff\xff\xff"
   "\xff\xff\xff\xff\xff\xff\xff\xff\xff\xff"
   "\xff\xff\xff\xff\xff\xff\xff\xff\xff\xff"
   "\xff\xff\xff\xff\xff\xff\xff\xff\xff\xff"
   "\xff\xff\xff\xff\xff\xff\xff\xff\xff\xff"
   "\xff\xff\xff\xff\xff\xff\xff\xff\xff\xff"
   "\xff\xff\xff\xff\xff\xff\xff\xff\xff\xff"
   "\xff\xff\xff\xff\xff\xff\xff\xff\xff\xff"
   "\xff\xff\xff\xff\xff\xff\xff\xff\xff\xff"
   "\xff\xff\xff\xff\xff\xff\x99\xce\x4d\x6b"
   "\x00\x00\x00\x00\x00\x00\x00\x00\x00\x00"
   "\x00\x00\x00\x00\x00\x00\x00\x00\x00\x00"
   "\x00\x00\x8a\x52\x38\xc6\xff\xff\xff\xff"
   "\xff\xff\xff\xff\xff\xff\xff\xff\xff\xff"
   "\xff\xff\xff\xff\xff\xff\xff\xff\xff\xff"
   "\xff\xff\xff\xff\xff\xff\xff\xff\xff\xff"
   "\xff\xff\xff\xff\xff\xff\xff\xff\xff\xff"
   "\xff\xff\xff\xff\xff\xff\xff\xff\xff\xff"
   "\xff\xff\xff\xff\xff\xff\xff\xff\xff\xff"
   "\xff\xff\xff\xff\xff\xff\xff\xff\xff\xff"
   "\xff\xff\xff\xff\xff\xff\xff\xff\xff\xff"
   "\xff\xff\xff\xff\xff\xff\xff\xff\xff\xff"
   "\xff\xff\xff\xff\xff\xff\xff\xff\xff\xff"
   "\xff\xff\xff\xff\xff\xff\xff\xff\xff\xff"
   "\xff\xff\xff\xff\xff\xff\xff\xff\xff\xff"
   "\xff\xff\xff\xff\xff\xff\xff\xff\xff\xff"
   "\xff\xff\xff\xff\xff\xff\xff\xff\xff\xff"
   "\xff\xff\xff\xff\xff\xff\xff\xff\xff\xff"
   "\xff\xff\xff\xff\xff\xff\xff\xff\xff\xff"
   "\xff\xff\xff\xff\xff\xff\xff\xff\xff\xff"
   "\xff\xff\xff\xff\xff\xff\xff\xff\xff\xff"
   "\xff\xff\xff\xff\xff\xff\xff\xff\xff\xff"
   "\xff\xff\xff\xff\xff\xff\xff\xff\xff\xff"
   "\xff\xff\xff\xff\xff\xff\xff\xff\xff\xff"
   "\xff\xff\xff\xff\xff\xff\xff\xff\xff\xff"
   "\xff\xff\xff\xff\xff\xff\xff\xff\xff\xff"
   "\xff\xff\xff\xff\xff\xff\xff\xff\xff\xff"
   "\xff\xff\xff\xff\xff\xff\xff\xff\xff\xff"
   "\xff\xff\xff\xff\xff\xff\xff\xff\xff\xff"
   "\xff\xff\xff\xff\xff\xff\xff\xff\xff\xff"
   "\xff\xff\xff\xff\xff\xff\xff\xff\xff\xff"
   "\xff\xff\xff\xff\x38\xc6\x8a\x52\x00\x00"
   "\x00\x00\x00\x00\x00\x00\x00\x00\x00\x00"
   "\x00\x00\x00\x00\x00\x00\x00\x00\x00\x00"
   "\x00\x00\x00\x00\x00\x00\x55\xad\x7d\xef"
   "\xff\xff\xff\xff\xff\xff\xff\xff\xff\xff"
   "\xff\xff\xff\xff\xff\xff\xff\xff\xff\xff"
   "\xff\xff\xff\xff\xff\xff\xff\xff\xff\xff"
   "\xff\xff\xff\xff\xff\xff\xff\xff\xff\xff"
   "\xff\xff\xff\xff\xff\xff\xff\xff\xff\xff"
   "\xff\xff\xff\xff\xff\xff\xff\xff\xff\xff"
   "\xff\xff\xff\xff\xff\xff\xff\xff\xff\xff"
   "\xff\xff\xff\xff\xff\xff\xff\xff\xff\xff"
   "\xff\xff\xff\xff\xff\xff\xff\xff\xff\xff"
   "\xff\xff\xff\xff\xff\xff\xff\xff\xff\xff"
   "\xff\xff\xff\xff\xff\xff\xff\xff\xff\xff"
   "\xff\xff\xff\xff\xff\xff\xff\xff\xff\xff"
   "\xff\xff\xff\xff\xff\xff\xff\xff\xff\xff"
   "\xff\xff\xff\xff\xff\xff\xff\xff\xff\xff"
   "\xff\xff\xff\xff\xff\xff\xff\xff\xff\xff"
   "\xff\xff\xff\xff\xff\xff\xff\xff\xff\xff"
   "\xff\xff\xff\xff\xff\xff\xff\xff\xff\xff"
   "\xff\xff\xff\xff\xff\xff\xff\xff\xff\xff"
   "\xff\xff\xff\xff\xff\xff\xff\xff\xff\xff"
   "\xff\xff\xff\xff\xff\xff\xff\xff\xff\xff"
   "\xff\xff\xff\xff\xff\xff\xff\xff\xff\xff"
   "\xff\xff\xff\xff\xff\xff\xff\xff\xff\xff"
   "\xff\xff\xff\xff\xff\xff\xff\xff\xff\xff"
   "\xff\xff\xff\xff\xff\xff\xff\xff\xff\xff"
   "\xff\xff\xff\xff\xff\xff\xff\xff\xff\xff"
   "\xff\xff\xff\xff\xff\xff\xff\xff\xff\xff"
   "\xff\xff\xff\xff\xff\xff\xff\xff\xff\xff"
   "\xff\xff\xff\xff\xff\xff\xff\xff\xff\xff"
   "\x7d\xef\x55\xad\x00\x00\x00\x00\x00\x00"
   "\x00\x00\x00\x00\x00\x00\x00\x00\x00\x00"
   "\x00\x00\x00\x00\x00\x00\x00\x00\x00\x00"
   "\x00\x00\x00\x00\x00\x00\x00\x00\x6d\x6b"
   "\x38\xc6\xff\xff\xff\xff\xff\xff\xff\xff"
   "\xff\xff\xff\xff\xff\xff\xff\xff\xff\xff"
   "\xff\xff\xff\xff\xff\xff\xff\xff\xff\xff"
   "\xff\xff\xff\xff\xff\xff\xff\xff\xff\xff"
   "\xff\xff\xff\xff\xff\xff\xff\xff\xff\xff"
   "\xff\xff\xff\xff\xff\xff\xff\xff\xff\xff"
   "\xff\xff\xff\xff\xff\xff\xff\xff\xff\xff"
   "\xff\xff\xff\xff\xff\xff\xff\xff\xff\xff"
   "\xff\xff\xff\xff\xff\xff\xff\xff\xff\xff"
   "\xff\xff\xff\xff\xff\xff\xff\xff\xff\xff"
   "\xff\xff\xff\xff\xff\xff\xff\xff\xff\xff"
   "\xff\xff\xff\xff\xff\xff\xff\xff\xff\xff"
   "\xff\xff\xff\xff\xff\xff\xff\xff\xff\xff"
   "\xff\xff\xff\xff\xff\xff\xff\xff\xff\xff"
   "\xff\xff\xff\xff\xff\xff\xff\xff\xff\xff"
   "\xff\xff\xff\xff\xff\xff\xff\xff\xff\xff"
   "\xff\xff\xff\xff\xff\xff\xff\xff\xff\xff"
   "\xff\xff\xff\xff\xff\xff\xff\xff\xff\xff"
   "\xff\xff\xff\xff\xff\xff\xff\xff\xff\xff"
   "\xff\xff\xff\xff\xff\xff\xff\xff\xff\xff"
   "\xff\xff\xff\xff\xff\xff\xff\xff\xff\xff"
   "\xff\xff\xff\xff\xff\xff\xff\xff\xff\xff"
   "\xff\xff\xff\xff\xff\xff\xff\xff\xff\xff"
   "\xff\xff\xff\xff\xff\xff\xff\xff\xff\xff"
   "\xff\xff\xff\xff\xff\xff\xff\xff\xff\xff"
   "\xff\xff\xff\xff\xff\xff\xff\xff\xff\xff"
   "\xff\xff\xff\xff\xff\xff\xff\xff\xff\xff"
   "\xff\xff\xff\xff\xff\xff\xff\xff\x38\xc6"
   "\x6d\x6b\x00\x00\x00\x00\x00\x00\x00\x00"
   "\x00\x00\x00\x00\x00\x00\x00\x00\x00\x00"
   "\x00\x00\x00\x00\x00\x00\x00\x00\x00\x00"
   "\x00\x00\x00\x00\x00\x00\x00\x00\x00\x00"
   "\x00\x00\x8e\x73\x17\xbe\x7d\xef\xff\xff"
   "\xff\xff\xff\xff\xff\xff\xff\xff\xff\xff"
   "\xff\xff\xff\xff\xff\xff\xff\xff\xff\xff"
   "\xff\xff\xff\xff\xff\xff\xff\xff\xff\xff"
   "\xff\xff\xff\xff\xff\xff\xff\xff\xff\xff"
   "\xff\xff\xff\xff\xff\xff\xff\xff\xff\xff"
   "\xff\xff\xff\xff\xff\xff\xff\xff\xff\xff"
   "\xff\xff\xff\xff\xff\xff\xff\xff\xff\xff"
   "\xff\xff\xff\xff\xff\xff\xff\xff\xff\xff"
   "\xff\xff\xff\xff\xff\xff\xff\xff\xff\xff"
   "\xff\xff\xff\xff\xff\xff\xff\xff\xff\xff"
   "\xff\xff\xff\xff\xff\xff\xff\xff\xff\xff"
   "\xff\xff\xff\xff\xff\xff\xff\xff\xff\xff"
   "\xff\xff\xff\xff\xff\xff\xff\xff\xff\xff"
   "\xff\xff\xff\xff\xff\xff\xff\xff\xff\xff"
   "\xff\xff\xff\xff\xff\xff\xff\xff\xff\xff"
   "\xff\xff\xff\xff\xff\xff\xff\xff\xff\xff"
   "\xff\xff\xff\xff\xff\xff\xff\xff\xff\xff"
   "\xff\xff\xff\xff\xff\xff\xff\xff\xff\xff"
   "\xff\xff\xff\xff\xff\xff\xff\xff\xff\xff"
   "\xff\xff\xff\xff\xff\xff\xff\xff\xff\xff"
   "\xff\xff\xff\xff\xff\xff\xff\xff\xff\xff"
   "\xff\xff\xff\xff\xff\xff\xff\xff\xff\xff"
   "\xff\xff\xff\xff\xff\xff\xff\xff\xff\xff"
   "\xff\xff\xff\xff\xff\xff\xff\xff\xff\xff"
   "\xff\xff\xff\xff\xff\xff\xff\xff\xff\xff"
   "\xff\xff\xff\xff\xff\xff\xff\xff\xff\xff"
   "\xff\xff\x7d\xef\x17\xbe\x8e\x73\x00\x00"
   "\x00\x00\x00\x00\x00\x00\x00\x00\x00\x00"
   "\x00\x00\x00\x00\x00\x00\x00\x00\x00\x00"
   "\x00\x00\x00\x00\x00\x00\x00\x00\x00\x00"
   "\x00\x00\x00\x00\x00\x00\x00\x00\x00\x00"
   "\x00\x00\x00\x00\x00\x00\x00\x00\x51\x8c"
   "\xd6\xb5\xba\xd6\x5d\xef\xbe\xf7\xff\xff"
   "\xff\xff\xff\xff\xff\xff\xff\xff\xff\xff"
   "\xff\xff\xff\xff\xff\xff\xff\xff\xff\xff"
   "\xff\xff\xff\xff\xff\xff\xff\xff\xff\xff"
   "\xff\xff\xff\xff\xff\xff\xff\xff\xff\xff"
   "\xff\xff\xff\xff\xff\xff\xff\xff\xff\xff"
   "\xff\xff\xff\xff\xff\xff\xff\xff\xff\xff"
   "\xff\xff\xff\xff\xff\xff\xff\xff\xff\xff"
   "\xff\xff\xff\xff\xff\xff\xff\xff\xff\xff"
   "\xff\xff\xff\xff\xff\xff\xff\xff\xff\xff"
   "\xff\xff\xff\xff\xff\xff\xff\xff\xff\xff"
   "\xff\xff\xff\xff\xff\xff\xff\xff\xff\xff"
   "\xff\xff\xff\xff\xff\xff\xff\xff\xff\xff"
   "\xff\xff\xff\xff\xff\xff\xff\xff\xff\xff"
   "\xff\xff\xff\xff\xff\xff\xff\xff\xff\xff"
   "\xff\xff\xff\xff\xff\xff\xff\xff\xff\xff"
   "\xff\xff\xff\xff\xff\xff\xff\xff\xff\xff"
   "\xff\xff\xff\xff\xff\xff\xff\xff\xff\xff"
   "\xff\xff\xff\xff\xff\xff\xff\xff\xff\xff"
   "\xff\xff\xff\xff\xff\xff\xff\xff\xff\xff"
   "\xff\xff\xff\xff\xff\xff\xff\xff\xff\xff"
   "\xff\xff\xff\xff\xff\xff\xff\xff\xff\xff"
   "\xff\xff\xff\xff\xff\xff\xff\xff\xff\xff"
   "\xff\xff\xff\xff\xff\xff\xff\xff\xff\xff"
   "\xff\xff\xff\xff\xff\xff\xff\xff\xff\xff"
   "\xff\xff\xbe\xf7\x5d\xef\xba\xd6\xd6\xb5"
   "\x51\x8c\x00\x00\x00\x00\x00\x00\x00\x00"
   "\x00\x00\x00\x00\x00\x00\x00\x00\x00\x00"
   "\x00\x00\x00\x00\x00\x00\x00\x00\x00\x00"
;

extern const struct BmpImage icon_choc = {
  160, 160, 2,
  icon_choc_data
};

#endif // BMP_ICON_CHOC_H_
